{
  "bids_meta": {
    "modality": "T1w",
    "subject_id": "0001"
  },
  "cjv": 0.34482967857306995,
  "cnr": 3.7889314245716226,
  "efc": 0.6086038838217745,
  "fber": 10010.4072265625,
  "fwhm_avg": 3.6926666666666663,
  "fwhm_x": 3.61352,
  "fwhm_y": 3.74178,
  "fwhm_z": 3.7227,
  "icvs_csf": 0.19121160080667765,
  "icvs_gm": 0.4440345856629255,
  "icvs_wm": 0.3647538135303969,
  "inu_med": 1.024689793586731,
  "inu_range": 0.26675119996070884,
  "provenance": {
    "md5sum": "079de0d37c9bbcdaa4f5321b6ad2ecb5",
    "settings": {
      "testing": false
    },
    "software": "mriqc",
    "version": "0.9.9",
    "warnings": {
      "large_rot_frame": true,
      "small_air_mask": false
    }
  },
  "qi_1": 0.00010017678255745433,
  "qi_2": 0.008248896444468853,
  "rpve_csf": 24.759561476547322,
  "rpve_gm": 11.765865030488499,
  "rpve_wm": 16.38817529303219,
  "size_x": 192,
  "size_y": 256,
  "size_z": 256,
  "snr_csf": 2.593452313956071,
  "snr_gm": 15.55504840416507,
  "snr_total": 15.053099372096922,
  "snr_wm": 27.010797398169622,
  "snrd_csf": 59.72020503274947,
  "snrd_gm": 119.3948353143759,
  "snrd_total": 111.73287560315362,
  "snrd_wm": 156.08358646233546,
  "spacing_x": 1.0,
  "spacing_y": 1.0,
  "spacing_z": 1.0,
  "summary_bg_k": 61.69078053724766,
  "summary_bg_mad": 4.197383403778076,
  "summary_bg_mean": 6.684443950653076,
  "summary_bg_median": 5.625187873840332,
  "summary_bg_n": 2323935.0,
  "summary_bg_p05": 0.0,
  "summary_bg_p95": 17.38353939056396,
  "summary_bg_stdv": 7.736506462097168,
  "summary_csf_k": 23.148685978168572,
  "summary_csf_mad": 106.29739379882812,
  "summary_csf_mean": 411.4660339355469,
  "summary_csf_median": 382.6204833984375,
  "summary_csf_n": 28957.0,
  "summary_csf_p05": 265.29863891601565,
  "summary_csf_p95": 609.0055175781248,
  "summary_csf_stdv": 147.5307159423828,
  "summary_gm_k": 0.2583505308401435,
  "summary_gm_mad": 47.166324615478516,
  "summary_gm_mean": 766.6675415039062,
  "summary_gm_median": 764.948974609375,
  "summary_gm_n": 30718.0,
  "summary_gm_p05": 688.3714813232422,
  "summary_gm_p95": 850.715185546875,
  "summary_gm_stdv": 49.17609405517578,
  "summary_wm_k": 0.6949058843504874,
  "summary_wm_mad": 33.889549255371094,
  "summary_wm_mean": 1000.7926025390625,
  "summary_wm_median": 1000.0095825195312,
  "summary_wm_n": 232075.0,
  "summary_wm_p05": 940.8314270019532,
  "summary_wm_p95": 1062.5668823242186,
  "summary_wm_stdv": 37.02250671386719,
  "tpm_overlap_csf": 0.23672235012054443,
  "tpm_overlap_gm": 0.5059142112731934,
  "tpm_overlap_wm": 0.5458033084869385,
  "wm2max": 0.4549165315870486
}