{
  "TaskName": "FaceShapeEmotion",
  "Manufacturer": "Siemens",
  "ManufacturersModelName": "Skyra",
  "ImageType": [
    "ORIGINAL",
    "PRIMARY",
    "M",
    "MB",
    "ND",
    "MOSAI"
  ],
  "AcquisitionTime": 192737.755,
  "AcquisitionDate": 20180511,
  "MagneticFieldStrength": 3,
  "FlipAngle": 52,
  "EchoTime": 0.039,
  "RepetitionTime": 0.735,
  "EffectiveEchoSpacing": 0.000639989,
  "SliceTiming": [
    0,
    0.3675,
    0.091875,
    0.459375,
    0.18375,
    0.55125,
    0.275625,
    0.643125,
    0,
    0.3675,
    0.091875,
    0.459375,
    0.18375,
    0.55125,
    0.275625,
    0.643125,
    0,
    0.3675,
    0.091875,
    0.459375,
    0.18375,
    0.55125,
    0.275625,
    0.643125,
    0,
    0.3675,
    0.091875,
    0.459375,
    0.18375,
    0.55125,
    0.275625,
    0.643125,
    0,
    0.3675,
    0.091875,
    0.459375,
    0.18375,
    0.55125,
    0.275625,
    0.643125,
    0,
    0.3675,
    0.091875,
    0.459375,
    0.18375,
    0.55125,
    0.275625,
    0.643125,
    0,
    0.3675,
    0.091875,
    0.459375,
    0.18375,
    0.55125,
    0.275625,
    0.643125,
    0,
    0.3675,
    0.091875,
    0.459375,
    0.18375,
    0.55125,
    0.275625,
    0.643125
  ],
  "PhaseEncodingDirection": "j-"
}
