subject	channel	event	intensity_db	n1_window_start	n1_window_end	p2_window_start	p2_window_end	n1_latency	n1_amplitude	p2_latency	p2_amplitude	slope_between_points_uV_per_s	lin_offset_uV	lin_slope_uV_per_dB	lin_rmse_uV
sub-57953	E1	DI10	100	0.178	0.278	0.302	0.402	0.204	6.31422710418701	0.384	4.70456886291504	-8.94254578484429	0.319179582595819	0.0121263766288758	7.40275220217136
sub-57953	E1	DIN6	60	0.178	0.278	0.302	0.402	0.26	5.92321443557739	0.364	9.47856044769287	34.1860193472642	0.319179582595819	0.0121263766288758	7.40275220217136
sub-57953	E1	DIN7	70	0.178	0.278	0.302	0.402	0.256	3.52867245674133	0.396	4.94182062149048	10.0939154624939	0.319179582595819	0.0121263766288758	7.40275220217136
sub-57953	E1	DIN8	80	0.178	0.278	0.302	0.402	0.224	4.63861703872681	0.352	-5.22956466674805	-77.0951695740223	0.319179582595819	0.0121263766288758	7.40275220217136
sub-57953	E1	DIN9	90	0.178	0.278	0.302	0.402	0.188	-7.35786533355713	0.336	5.59792900085449	87.5391509081866	0.319179582595819	0.0121263766288758	7.40275220217136
sub-57953	E2	DI10	100	0.178	0.278	0.302	0.402	0.216	6.59796714782715	0.308	7.87135410308838	13.8411625571873	13.6188296318054	-0.128728785514832	3.04210791186059
sub-57953	E2	DIN6	60	0.178	0.278	0.302	0.402	0.26	8.347092628479	0.364	12.3533935546875	38.5221242904663	13.6188296318054	-0.128728785514832	3.04210791186059
sub-57953	E2	DIN7	70	0.178	0.278	0.302	0.402	0.212	-4.75900602340698	0.396	4.95982265472412	52.8197210767995	13.6188296318054	-0.128728785514832	3.04210791186059
sub-57953	E2	DIN8	80	0.178	0.278	0.302	0.402	0.188	5.14146614074707	0.368	4.43380546569824	-3.93144819471571	13.6188296318054	-0.128728785514832	3.04210791186059
sub-57953	E2	DIN9	90	0.178	0.278	0.302	0.402	0.188	-9.39916896820068	0.4	-7.0873908996582	10.9046135308608	13.6188296318054	-0.128728785514832	3.04210791186059
sub-57953	E3	DI10	100	0.178	0.278	0.302	0.402	0.184	4.92953062057495	0.308	4.86758518218994	-0.499559986975885	14.7187888145447	-0.165699138641358	4.69468623312464
sub-57953	E3	DIN6	60	0.178	0.278	0.302	0.402	0.26	5.90845060348511	0.364	10.3378753662109	42.5906227185176	14.7187888145447	-0.165699138641358	4.69468623312464
sub-57953	E3	DIN7	70	0.178	0.278	0.302	0.402	0.212	-3.14689207077026	0.396	5.65089511871338	47.8140608124111	14.7187888145447	-0.165699138641358	4.69468623312464
sub-57953	E3	DIN8	80	0.178	0.278	0.302	0.402	0.188	3.82338571548462	0.356	-3.238205909729	-42.0332834834144	14.7187888145447	-0.165699138641358	4.69468623312464
sub-57953	E3	DIN9	90	0.178	0.278	0.302	0.402	0.252	6.41467905044556	0.336	7.62529277801514	14.4120681853521	14.7187888145447	-0.165699138641358	4.69468623312464
sub-57953	E4	DI10	100	0.178	0.278	0.302	0.402	0.232	-8.99017715454102	0.308	4.48393535614014	177.29095408791	3.86907329559327	0.035290913581848	5.58942901014377
sub-57953	E4	DIN6	60	0.178	0.278	0.302	0.402	0.26	7.03211736679077	0.364	12.9529142379761	56.9307391460125	3.86907329559327	0.035290913581848	5.58942901014377
sub-57953	E4	DIN7	70	0.178	0.278	0.302	0.402	0.212	-5.91955947875977	0.368	6.86053323745728	81.9236712578015	3.86907329559327	0.035290913581848	5.58942901014377
sub-57953	E4	DIN8	80	0.178	0.278	0.302	0.402	0.244	-4.63276195526123	0.352	-4.54858493804932	0.779416826036241	3.86907329559327	0.035290913581848	5.58942901014377
sub-57953	E4	DIN9	90	0.178	0.278	0.302	0.402	0.228	-10.2854290008545	0.4	-9.08287620544434	6.99158601982649	3.86907329559327	0.035290913581848	5.58942901014377
sub-57953	E5	DI10	100	0.178	0.278	0.302	0.402	0.232	-7.89761352539062	0.308	4.27374315261841	160.149429973803	-0.397382545471186	0.0791098928451538	4.39444429622915
sub-57953	E5	DIN6	60	0.178	0.278	0.302	0.402	0.18	7.42019987106323	0.364	11.4491004943848	21.8961990397909	-0.397382545471186	0.0791098928451538	4.39444429622915
sub-57953	E5	DIN7	70	0.178	0.278	0.302	0.402	0.212	-4.2540397644043	0.396	6.19452285766602	56.7856664242952	-0.397382545471186	0.0791098928451538	4.39444429622915
sub-57953	E5	DIN8	80	0.178	0.278	0.302	0.402	0.212	-5.09708213806152	0.356	-4.16349744796753	6.48322701454163	-0.397382545471186	0.0791098928451538	4.39444429622915
sub-57953	E5	DIN9	90	0.178	0.278	0.302	0.402	0.228	-8.4060115814209	0.4	-6.33137178421021	12.0618592861087	-0.397382545471186	0.0791098928451538	4.39444429622915
sub-57953	E6	DI10	100	0.178	0.278	0.302	0.402	0.232	-7.71508693695068	0.4	-3.18082594871521	26.9896487394969	2.55396404266357	0.0437034964561463	3.63113339273145
sub-57953	E6	DIN6	60	0.178	0.278	0.302	0.402	0.18	5.36357688903809	0.364	9.55406856536865	22.7744112844053	2.55396404266357	0.0437034964561463	3.63113339273145
sub-57953	E6	DIN7	70	0.178	0.278	0.302	0.402	0.212	-3.46246838569641	0.368	4.80131006240845	52.9729387699029	2.55396404266357	0.0437034964561463	3.63113339273145
sub-57953	E6	DIN8	80	0.178	0.278	0.302	0.402	0.248	-4.14837074279785	0.356	-2.83227252960205	12.1860945666278	2.55396404266357	0.0437034964561463	3.63113339273145
sub-57953	E6	DIN9	90	0.178	0.278	0.302	0.402	0.228	-6.5161828994751	0.336	5.43040657043457	110.61656916583	2.55396404266357	0.0437034964561463	3.63113339273145
sub-57953	E7	DI10	100	0.178	0.278	0.302	0.402	0.244	-4.48952722549438	0.316	3.18222165107727	106.552067730162	-8.25364894866944	0.143381617069244	2.59268775704572
sub-57953	E7	DIN6	60	0.178	0.278	0.302	0.402	0.256	2.71435070037842	0.364	3.15384340286255	4.06937687485306	-8.25364894866944	0.143381617069244	2.59268775704572
sub-57953	E7	DIN7	70	0.178	0.278	0.302	0.402	0.184	3.41587114334106	0.344	4.06864595413208	4.07984256744385	-8.25364894866944	0.143381617069244	2.59268775704572
sub-57953	E7	DIN8	80	0.178	0.278	0.302	0.402	0.256	-3.4221248626709	0.328	3.37183666229248	94.3605767356025	-8.25364894866944	0.143381617069244	2.59268775704572
sub-57953	E7	DIN9	90	0.178	0.278	0.302	0.402	0.2	3.93731188774109	0.352	4.46373605728149	3.46331690487109	-8.25364894866944	0.143381617069244	2.59268775704572
sub-57953	E8	DI10	100	0.178	0.278	0.302	0.402	0.204	-9.09302520751953	0.316	8.41726589202881	156.341884817396	26.3606363296509	-0.191490602493287	8.32307429485244
sub-57953	E8	DIN6	60	0.178	0.278	0.302	0.402	0.18	-7.8312931060791	0.388	9.41741943359375	82.926502594581	26.3606363296509	-0.191490602493287	8.32307429485244
sub-57953	E8	DIN7	70	0.178	0.278	0.302	0.402	0.244	-9.02422428131104	0.34	10.6719446182251	205.168426036835	26.3606363296509	-0.191490602493287	8.32307429485244
sub-57953	E8	DIN8	80	0.178	0.278	0.302	0.402	0.228	-7.1436128616333	0.312	-6.41579627990723	8.6644831157866	26.3606363296509	-0.191490602493287	8.32307429485244
sub-57953	E8	DIN9	90	0.178	0.278	0.302	0.402	0.2	10.5824842453003	0.352	10.6064357757568	0.15757585826673	26.3606363296509	-0.191490602493287	8.32307429485244
sub-57953	E9	DI10	100	0.178	0.278	0.302	0.402	0.204	-6.68677854537964	0.316	6.82170963287354	120.611501591546	0.620717334747315	0.0949569463729858	5.41098708074121
sub-57953	E9	DIN6	60	0.178	0.278	0.302	0.402	0.256	5.26532936096191	0.344	7.40500545501709	24.3145010688088	0.620717334747315	0.0949569463729858	5.41098708074121
sub-57953	E9	DIN7	70	0.178	0.278	0.302	0.402	0.244	-6.22804975509644	0.34	8.21452808380127	150.443519155184	0.620717334747315	0.0949569463729858	5.41098708074121
sub-57953	E9	DIN8	80	0.178	0.278	0.302	0.402	0.228	-5.21143484115601	0.328	4.58353996276855	97.9497480392456	0.620717334747315	0.0949569463729858	5.41098708074121
sub-57953	E9	DIN9	90	0.178	0.278	0.302	0.402	0.2	6.06327056884766	0.352	7.26391887664795	7.89900202500193	0.620717334747315	0.0949569463729858	5.41098708074121
sub-57953	E10	DI10	100	0.178	0.278	0.302	0.402	0.216	5.16534090042114	0.352	-4.63645124435425	-72.0720010645249	18.5940278053284	-0.262789278030396	4.69953696156536
sub-57953	E10	DIN6	60	0.178	0.278	0.302	0.402	0.26	6.4144344329834	0.364	11.6282806396484	50.1331366025485	18.5940278053284	-0.262789278030396	4.69953696156536
sub-57953	E10	DIN7	70	0.178	0.278	0.302	0.402	0.212	-3.78990936279297	0.34	-5.03223037719727	-9.70563292503357	18.5940278053284	-0.262789278030396	4.69953696156536
sub-57953	E10	DIN8	80	0.178	0.278	0.302	0.402	0.228	3.19477319717407	0.352	-5.63055992126465	-71.1720412777316	18.5940278053284	-0.262789278030396	4.69953696156536
sub-57953	E10	DIN9	90	0.178	0.278	0.302	0.402	0.188	-8.98313331604004	0.38	-6.47310543060303	13.0730619033178	18.5940278053284	-0.262789278030396	4.69953696156536
sub-57953	E11	DI10	100	0.178	0.278	0.302	0.402	0.192	5.96119260787964	0.312	7.37043285369873	11.7436687151591	18.9563814163208	-0.185434551239014	3.39112835598575
sub-57953	E11	DIN6	60	0.178	0.278	0.302	0.402	0.18	7.0136456489563	0.364	12.8948106765747	31.9628534109696	18.9563814163208	-0.185434551239014	3.39112835598575
sub-57953	E11	DIN7	70	0.178	0.278	0.302	0.402	0.228	-5.18656253814697	0.368	6.46952104568481	83.2577398845128	18.9563814163208	-0.185434551239014	3.39112835598575
sub-57953	E11	DIN8	80	0.178	0.278	0.302	0.402	0.212	-5.23007440567017	0.336	-5.62495470046997	-3.18451850645004	18.9563814163208	-0.185434551239014	3.39112835598575
sub-57953	E11	DIN9	90	0.178	0.278	0.302	0.402	0.188	-9.88791179656982	0.38	-7.83143377304077	10.7108230392138	18.9563814163208	-0.185434551239014	3.39112835598575
sub-57953	E12	DI10	100	0.178	0.278	0.302	0.402	0.232	-6.73949670791626	0.34	-4.88263559341431	17.1931584676107	38.9636342048645	-0.412895522117615	3.62052995861771
sub-57953	E12	DIN6	60	0.178	0.278	0.302	0.402	0.236	-5.81073141098022	0.364	10.7088918685913	129.059556871653	38.9636342048645	-0.412895522117615	3.62052995861771
sub-57953	E12	DIN7	70	0.178	0.278	0.302	0.402	0.212	-4.95886278152466	0.368	6.68223667144775	74.6224323908488	38.9636342048645	-0.412895522117615	3.62052995861771
sub-57953	E12	DIN8	80	0.178	0.278	0.302	0.402	0.256	-4.30871915817261	0.356	-4.34341239929199	-0.346932411193848	38.9636342048645	-0.412895522117615	3.62052995861771
sub-57953	E12	DIN9	90	0.178	0.278	0.302	0.402	0.188	-6.947922706604	0.4	-7.27085113525391	-1.52324730495237	38.9636342048645	-0.412895522117615	3.62052995861771
sub-57953	E13	DI10	100	0.178	0.278	0.302	0.402	0.232	-7.30101442337036	0.4	-3.88644742965698	20.3248035340082	2.35125961303711	0.00689078807830811	4.28505049250028
sub-57953	E13	DIN6	60	0.178	0.278	0.302	0.402	0.212	-5.9631667137146	0.388	-7.82649898529053	-10.5871151794087	2.35125961303711	0.00689078807830811	4.28505049250028
sub-57953	E13	DIN7	70	0.178	0.278	0.302	0.402	0.212	-4.25547695159912	0.368	6.53524923324585	69.1713216977242	2.35125961303711	0.00689078807830811	4.28505049250028
sub-57953	E13	DIN8	80	0.178	0.278	0.302	0.402	0.212	-5.52868890762329	0.356	-4.28204298019409	8.657263384925	2.35125961303711	0.00689078807830811	4.28505049250028
sub-57953	E13	DIN9	90	0.178	0.278	0.302	0.402	0.228	-9.05550193786621	0.4	-8.13149547576904	5.37213059358819	2.35125961303711	0.00689078807830811	4.28505049250028
sub-57953	E14	DI10	100	0.178	0.278	0.302	0.402	0.232	-5.35597467422485	0.4	-2.33655834197998	17.9727162633623	5.73558740615845	-0.0308850574493409	1.50892196575851
sub-57953	E14	DIN6	60	0.178	0.278	0.302	0.402	0.18	5.27812004089355	0.364	7.81892919540405	13.8087454049484	5.73558740615845	-0.0308850574493409	1.50892196575851
sub-57953	E14	DIN7	70	0.178	0.278	0.302	0.402	0.22	-2.78458905220032	0.376	3.56289863586426	40.6890236414396	5.73558740615845	-0.0308850574493409	1.50892196575851
sub-57953	E14	DIN8	80	0.178	0.278	0.302	0.402	0.256	-4.61820030212402	0.304	-2.5037670135498	44.0506935119629	5.73558740615845	-0.0308850574493409	1.50892196575851
sub-57953	E14	DIN9	90	0.178	0.278	0.302	0.402	0.228	-5.69335699081421	0.4	-3.39158940315247	13.3823696957078	5.73558740615845	-0.0308850574493409	1.50892196575851
sub-57953	E15	DI10	100	0.178	0.278	0.302	0.402	0.22	-3.51155138015747	0.368	1.81842947006226	36.0133841231063	0.0579757213592503	0.0509887099266053	1.45472733706969
sub-57953	E15	DIN6	60	0.178	0.278	0.302	0.402	0.18	3.18252921104431	0.364	4.92044591903687	9.44519949995953	0.0579757213592503	0.0509887099266053	1.45472733706969
sub-57953	E15	DIN7	70	0.178	0.278	0.302	0.402	0.22	-2.69037914276123	0.364	2.14498329162598	33.5789057943556	0.0579757213592503	0.0509887099266053	1.45472733706969
sub-57953	E15	DIN8	80	0.178	0.278	0.302	0.402	0.256	-4.08284902572632	0.328	1.94914841651917	83.7777422534095	0.0579757213592503	0.0509887099266053	1.45472733706969
sub-57953	E15	DIN9	90	0.178	0.278	0.302	0.402	0.228	-4.61785411834717	0.38	-1.86774897575378	18.0927969907459	0.0579757213592503	0.0509887099266053	1.45472733706969
sub-57953	E16	DI10	100	0.178	0.278	0.302	0.402	0.216	-3.93148422241211	0.372	1.26128304004669	33.2869696311462	-3.69434416294098	0.073481011390686	1.85093788757523
sub-57953	E16	DIN6	60	0.178	0.278	0.302	0.402	0.188	2.49736356735229	0.316	2.37999749183655	-0.916922464966774	-3.69434416294098	0.073481011390686	1.85093788757523
sub-57953	E16	DIN7	70	0.178	0.278	0.302	0.402	0.236	-2.24537467956543	0.352	2.00500988960266	36.6412462859318	-3.69434416294098	0.073481011390686	1.85093788757523
sub-57953	E16	DIN8	80	0.178	0.278	0.302	0.402	0.228	-2.50009751319885	0.368	-1.88341856002808	4.40484966550555	-3.69434416294098	0.073481011390686	1.85093788757523
sub-57953	E16	DIN9	90	0.178	0.278	0.302	0.402	0.228	-2.29595160484314	0.304	-1.31773257255554	12.8713030564158	-3.69434416294098	0.073481011390686	1.85093788757523
sub-57953	E17	DI10	100	0.178	0.278	0.302	0.402	0.216	-4.09244012832642	0.336	1.01157343387604	42.5334463516871	-3.07082371711731	0.0655666184425354	1.75177312737386
sub-57953	E17	DIN6	60	0.178	0.278	0.302	0.402	0.236	2.74021625518799	0.328	2.93530750274658	2.12055703868037	-3.07082371711731	0.0655666184425354	1.75177312737386
sub-57953	E17	DIN7	70	0.178	0.278	0.302	0.402	0.236	-2.00927639007568	0.352	1.98308730125427	34.4169283735341	-3.07082371711731	0.0655666184425354	1.75177312737386
sub-57953	E17	DIN8	80	0.178	0.278	0.302	0.402	0.228	-2.51273965835571	0.368	-1.66286027431488	6.07056702886309	-3.07082371711731	0.0655666184425354	1.75177312737386
sub-57953	E17	DIN9	90	0.178	0.278	0.302	0.402	0.252	-2.27527952194214	0.336	-1.54409861564636	8.70453459875924	-3.07082371711731	0.0655666184425354	1.75177312737386
sub-57953	E18	DI10	100	0.178	0.278	0.302	0.402	0.26	7.3903284072876	0.38	7.67934894561768	2.40850448608398	-1.59132232666016	0.0506048440933228	10.5580788242359
sub-57953	E18	DIN6	60	0.178	0.278	0.302	0.402	0.212	-6.26420021057129	0.344	-9.44236087799072	-24.0769747531775	-1.59132232666016	0.0506048440933228	10.5580788242359
sub-57953	E18	DIN7	70	0.178	0.278	0.302	0.402	0.24	-5.2347731590271	0.396	9.90195751190186	97.0303248136471	-1.59132232666016	0.0506048440933228	10.5580788242359
sub-57953	E18	DIN8	80	0.178	0.278	0.302	0.402	0.272	6.67826366424561	0.336	-6.54685354232788	-206.642456352711	-1.59132232666016	0.0506048440933228	10.5580788242359
sub-57953	E18	DIN9	90	0.178	0.278	0.302	0.402	0.188	-7.38205718994141	0.324	5.8807954788208	97.5209755056045	-1.59132232666016	0.0506048440933228	10.5580788242359
sub-57953	E19	DI10	100	0.178	0.278	0.302	0.402	0.192	4.90843534469604	0.352	-4.4950270652771	-58.7716400623322	32.4994807243347	-0.391655993461609	4.40079512095996
sub-57953	E19	DIN6	60	0.178	0.278	0.302	0.402	0.18	7.16170835494995	0.364	11.1424722671509	21.6345864793529	32.4994807243347	-0.391655993461609	4.40079512095996
sub-57953	E19	DIN7	70	0.178	0.278	0.302	0.402	0.212	-5.50299453735352	0.396	6.81730127334595	66.9581294059753	32.4994807243347	-0.391655993461609	4.40079512095996
sub-57953	E19	DIN8	80	0.178	0.278	0.302	0.402	0.212	-4.29202651977539	0.356	-5.27776670455933	-6.84541794988844	32.4994807243347	-0.391655993461609	4.40079512095996
sub-57953	E19	DIN9	90	0.178	0.278	0.302	0.402	0.188	-8.21091270446777	0.38	-8.28776359558105	-0.400265057881673	32.4994807243347	-0.391655993461609	4.40079512095996
sub-57953	E20	DI10	100	0.178	0.278	0.302	0.402	0.232	-7.390869140625	0.4	-5.95334434509277	8.55669521150135	17.7683753013611	-0.182485995292664	3.74660587280703
sub-57953	E20	DIN6	60	0.178	0.278	0.302	0.402	0.18	7.38717412948608	0.364	11.4796295166016	22.241605364758	17.7683753013611	-0.182485995292664	3.74660587280703
sub-57953	E20	DIN7	70	0.178	0.278	0.302	0.402	0.212	-5.07515478134155	0.368	6.45156860351562	73.8892524670332	17.7683753013611	-0.182485995292664	3.74660587280703
sub-57953	E20	DIN8	80	0.178	0.278	0.302	0.402	0.212	-5.38546752929688	0.356	-5.18267774581909	1.40826238526238	17.7683753013611	-0.182485995292664	3.74660587280703
sub-57953	E20	DIN9	90	0.178	0.278	0.302	0.402	0.228	-7.46632099151611	0.4	-8.87833595275879	-8.20938930955044	17.7683753013611	-0.182485995292664	3.74660587280703
sub-57953	E21	DI10	100	0.178	0.278	0.302	0.402	0.232	-6.96868467330933	0.352	-4.51390600204468	20.4564889272054	12.6631440162659	-0.125398859977722	3.19823979478823
sub-57953	E21	DIN6	60	0.178	0.278	0.302	0.402	0.18	7.13633632659912	0.364	10.8174114227295	20.005842913752	12.6631440162659	-0.125398859977722	3.19823979478823
sub-57953	E21	DIN7	70	0.178	0.278	0.302	0.402	0.22	-4.46882200241089	0.368	4.47507381439209	60.431728491912	12.6631440162659	-0.125398859977722	3.19823979478823
sub-57953	E21	DIN8	80	0.178	0.278	0.302	0.402	0.188	5.3939208984375	0.312	4.61374473571777	-6.29174324773973	12.6631440162659	-0.125398859977722	3.19823979478823
sub-57953	E21	DIN9	90	0.178	0.278	0.302	0.402	0.228	-6.31506061553955	0.4	-7.45845794677734	-6.64765890254531	12.6631440162659	-0.125398859977722	3.19823979478823
sub-57953	E22	DI10	100	0.178	0.278	0.302	0.402	0.232	-3.73664236068726	0.4	-3.20363855361938	3.17264170873733	-0.496584606170656	0.0144025850296021	0.478391919666847
sub-57953	E22	DIN6	60	0.178	0.278	0.302	0.402	0.18	5.42853355407715	0.364	5.8779559135437	2.44251282318779	-0.496584606170656	0.0144025850296021	0.478391919666847
sub-57953	E22	DIN7	70	0.178	0.278	0.302	0.402	0.256	2.40455293655396	0.368	2.26005816459656	-1.29013189247676	-0.496584606170656	0.0144025850296021	0.478391919666847
sub-57953	E22	DIN8	80	0.178	0.278	0.302	0.402	0.256	-3.34152340888977	0.304	-2.02994465827942	27.3245573043823	-0.496584606170656	0.0144025850296021	0.478391919666847
sub-57953	E22	DIN9	90	0.178	0.278	0.302	0.402	0.228	-3.79787063598633	0.4	-2.66926980018616	6.56163276628006	-0.496584606170656	0.0144025850296021	0.478391919666847
sub-57953	E23	DI10	100	0.178	0.278	0.302	0.402	0.22	-2.86844086647034	0.324	1.8603720664978	45.4693551246936	-9.11948308944702	0.127812761068344	0.807108870477733
sub-57953	E23	DIN6	60	0.178	0.278	0.302	0.402	0.18	2.73718571662903	0.364	2.10471701622009	-3.43732989352682	-9.11948308944702	0.127812761068344	0.807108870477733
sub-57953	E23	DIN7	70	0.178	0.278	0.302	0.402	0.268	2.05805778503418	0.392	1.35276889801025	-5.68781360503166	-9.11948308944702	0.127812761068344	0.807108870477733
sub-57953	E23	DIN8	80	0.178	0.278	0.302	0.402	0.244	-1.93384373188019	0.304	-1.15063405036926	13.0534946918488	-9.11948308944702	0.127812761068344	0.807108870477733
sub-57953	E23	DIN9	90	0.178	0.278	0.302	0.402	0.228	-2.99363160133362	0.38	-1.64020764827728	8.904104954318	-9.11948308944702	0.127812761068344	0.807108870477733
sub-57953	E24	DI10	100	0.178	0.278	0.302	0.402	0.216	-3.30855345726013	0.324	2.12233972549438	50.2860479884677	-9.10762000083923	0.137456004619598	0.788650976874378
sub-57953	E24	DIN6	60	0.178	0.278	0.302	0.402	0.236	4.96819734573364	0.328	5.1369194984436	1.83393644249957	-9.10762000083923	0.137456004619598	0.788650976874378
sub-57953	E24	DIN7	70	0.178	0.278	0.302	0.402	0.2	-3.10645771026611	0.364	-3.25093197822571	-0.880940658290212	-9.10762000083923	0.137456004619598	0.788650976874378
sub-57953	E24	DIN8	80	0.178	0.278	0.302	0.402	0.2	2.76076364517212	0.352	3.67314028739929	6.0024779093893	-9.10762000083923	0.137456004619598	0.788650976874378
sub-57953	E24	DIN9	90	0.178	0.278	0.302	0.402	0.236	-5.08897018432617	0.336	-2.01218605041504	30.7678413391113	-9.10762000083923	0.137456004619598	0.788650976874378
sub-57953	E25	DI10	100	0.178	0.278	0.302	0.402	0.204	5.3722128868103	0.388	-4.37051200866699	-52.9495918232462	-1.02779121398927	-0.0323994541168212	10.9221438572566
sub-57953	E25	DIN6	60	0.178	0.278	0.302	0.402	0.18	5.92029666900635	0.328	-9.40416049957275	-103.543629517426	-1.02779121398927	-0.0323994541168212	10.9221438572566
sub-57953	E25	DIN7	70	0.178	0.278	0.302	0.402	0.212	-8.08718681335449	0.376	7.40046310424805	94.4368897414789	-1.02779121398927	-0.0323994541168212	10.9221438572566
sub-57953	E25	DIN8	80	0.178	0.278	0.302	0.402	0.18	4.15599822998047	0.352	-5.44744729995728	-55.8339856391729	-1.02779121398927	-0.0323994541168212	10.9221438572566
sub-57953	E25	DIN9	90	0.178	0.278	0.302	0.402	0.188	-9.19163703918457	0.4	-8.10739707946777	5.1143394326264	-1.02779121398927	-0.0323994541168212	10.9221438572566
sub-57953	E26	DI10	100	0.178	0.278	0.302	0.402	0.228	-4.13406467437744	0.352	-6.20027494430542	-16.6629860478063	-20.91334400177	0.212167811393738	4.81584120300479
sub-57953	E26	DIN6	60	0.178	0.278	0.302	0.402	0.18	6.50345754623413	0.328	-5.70183992385864	-82.4682261492755	-20.91334400177	0.212167811393738	4.81584120300479
sub-57953	E26	DIN7	70	0.178	0.278	0.302	0.402	0.212	-7.46096658706665	0.36	-6.20194864273071	8.50687800226985	-20.91334400177	0.212167811393738	4.81584120300479
sub-57953	E26	DIN8	80	0.178	0.278	0.302	0.402	0.224	4.5270619392395	0.336	-4.35766839981079	-79.3279494558062	-20.91334400177	0.212167811393738	4.81584120300479
sub-57953	E26	DIN9	90	0.178	0.278	0.302	0.402	0.22	-8.10093879699707	0.32	-5.90331411361694	21.9762468338013	-20.91334400177	0.212167811393738	4.81584120300479
sub-57953	E27	DI10	100	0.178	0.278	0.302	0.402	0.272	-8.19027423858643	0.352	-10.0218181610107	-22.894299030304	-5.86850461959839	0.0396390962600708	5.29304367183067
sub-57953	E27	DIN6	60	0.178	0.278	0.302	0.402	0.18	9.70309829711914	0.364	12.3808860778809	14.5531944606615	-5.86850461959839	0.0396390962600708	5.29304367183067
sub-57953	E27	DIN7	70	0.178	0.278	0.302	0.402	0.204	6.13197708129883	0.34	-6.70512819290161	-94.3904799573561	-5.86850461959839	0.0396390962600708	5.29304367183067
sub-57953	E27	DIN8	80	0.178	0.278	0.302	0.402	0.188	6.68825626373291	0.344	5.04676532745361	-10.5223777966622	-5.86850461959839	0.0396390962600708	5.29304367183067
sub-57953	E27	DIN9	90	0.178	0.278	0.302	0.402	0.252	8.67300796508789	0.336	8.8184757232666	1.73175902593703	-5.86850461959839	0.0396390962600708	5.29304367183067
sub-57953	E28	DI10	100	0.178	0.278	0.302	0.402	0.272	-4.04656887054443	0.352	-4.02685451507568	0.246429443359375	2.58097839355469	-0.0304457759857178	0.366587156699461
sub-57953	E28	DIN6	60	0.178	0.278	0.302	0.402	0.18	4.46405982971191	0.364	5.5851001739502	6.0926105665124	2.58097839355469	-0.0304457759857178	0.366587156699461
sub-57953	E28	DIN7	70	0.178	0.278	0.302	0.402	0.256	3.0524845123291	0.396	3.25820922851562	1.46946225847517	2.58097839355469	-0.0304457759857178	0.366587156699461
sub-57953	E28	DIN8	80	0.178	0.278	0.302	0.402	0.212	-2.17069602012634	0.376	-2.15439295768738	0.0994089173107612	2.58097839355469	-0.0304457759857178	0.366587156699461
sub-57953	E28	DIN9	90	0.178	0.278	0.302	0.402	0.228	-3.58076143264771	0.38	-4.2169623374939	-4.18553226872494	2.58097839355469	-0.0304457759857178	0.366587156699461
sub-57953	E29	DI10	100	0.178	0.278	0.302	0.402	0.252	-2.53978371620178	0.4	-2.65923953056335	-0.807133880821434	1.62361438274383	-0.0148252069950104	0.621780733459889
sub-57953	E29	DIN6	60	0.178	0.278	0.302	0.402	0.18	4.13894462585449	0.364	5.419020652771	6.95693492889404	1.62361438274383	-0.0148252069950104	0.621780733459889
sub-57953	E29	DIN7	70	0.178	0.278	0.302	0.402	0.228	-1.63667857646942	0.34	-2.15206265449524	-4.60164355380194	1.62361438274383	-0.0148252069950104	0.621780733459889
sub-57953	E29	DIN8	80	0.178	0.278	0.302	0.402	0.212	-2.72521305084229	0.336	-1.98361897468567	5.98059738835981	1.62361438274383	-0.0148252069950104	0.621780733459889
sub-57953	E29	DIN9	90	0.178	0.278	0.302	0.402	0.236	-3.55681681632996	0.4	-2.75565791130066	4.88511527456888	1.62361438274383	-0.0148252069950104	0.621780733459889
sub-57953	E30	DI10	100	0.178	0.278	0.302	0.402	0.212	-2.83061337471008	0.324	1.3240692615509	37.0953806809017	-3.18346688747404	-0.00241683006286643	7.75952045054712
sub-57953	E30	DIN6	60	0.178	0.278	0.302	0.402	0.192	2.44958090782166	0.4	-2.40848159790039	-23.3560697390483	-3.18346688747404	-0.00241683006286643	7.75952045054712
sub-57953	E30	DIN7	70	0.178	0.278	0.302	0.402	0.244	1.92089879512787	0.312	2.41817593574524	7.31289912672604	-3.18346688747404	-0.00241683006286643	7.75952045054712
sub-57953	E30	DIN8	80	0.178	0.278	0.302	0.402	0.276	-2.7819139957428	0.328	-1.68998157978058	20.9987003069658	-3.18346688747404	-0.00241683006286643	7.75952045054712
sub-57953	E30	DIN9	90	0.178	0.278	0.302	0.402	0.236	16.0935325622559	0.316	-1.67636358737946	-222.123701870441	-3.18346688747404	-0.00241683006286643	7.75952045054712
sub-57953	E31	DI10	100	0.178	0.278	0.302	0.402	0.272	-4.42126512527466	0.336	-5.89161205291748	-22.9741707444191	-9.70708484649659	0.0989447689056397	1.25084381963974
sub-57953	E31	DIN6	60	0.178	0.278	0.302	0.402	0.212	-5.76089191436768	0.34	-10.359317779541	-35.9252020716667	-9.70708484649659	0.0989447689056397	1.25084381963974
sub-57953	E31	DIN7	70	0.178	0.278	0.302	0.402	0.236	-4.4853253364563	0.34	-6.86890172958374	-22.9190037800715	-9.70708484649659	0.0989447689056397	1.25084381963974
sub-57953	E31	DIN8	80	0.178	0.278	0.302	0.402	0.256	-4.51720237731934	0.356	-6.27711248397827	-17.5991010665894	-9.70708484649659	0.0989447689056397	1.25084381963974
sub-57953	E31	DIN9	90	0.178	0.278	0.302	0.402	0.188	-8.17304801940918	0.38	-6.91830539703369	6.53511782487233	-9.70708484649659	0.0989447689056397	1.25084381963974
sub-57953	E32	DI10	100	0.178	0.278	0.302	0.402	0.272	-5.54027986526489	0.34	-5.91293144226074	-5.48017024993896	7.12362470626831	-0.0676063346862793	6.26967134842628
sub-57953	E32	DIN6	60	0.178	0.278	0.302	0.402	0.212	-5.23758935928345	0.328	-8.85519504547119	-31.1862559154116	7.12362470626831	-0.0676063346862793	6.26967134842628
sub-57953	E32	DIN7	70	0.178	0.278	0.302	0.402	0.212	-6.04130554199219	0.372	7.99165916442871	87.7060294151306	7.12362470626831	-0.0676063346862793	6.26967134842628
sub-57953	E32	DIN8	80	0.178	0.278	0.302	0.402	0.224	5.83644580841064	0.36	3.58690500259399	-16.5407412192401	7.12362470626831	-0.0676063346862793	6.26967134842628
sub-57953	E32	DIN9	90	0.178	0.278	0.302	0.402	0.188	-6.26426601409912	0.32	-5.48184299468994	5.92744711673621	7.12362470626831	-0.0676063346862793	6.26967134842628
sub-57953	E33	DI10	100	0.178	0.278	0.302	0.402	0.232	-6.65607881546021	0.352	-7.72619724273682	-8.91765356063843	3.98162469863891	-0.0402432632446289	0.769884075370184
sub-57953	E33	DIN6	60	0.178	0.278	0.302	0.402	0.18	7.48418855667114	0.364	8.80077934265137	7.15538470641426	3.98162469863891	-0.0402432632446289	0.769884075370184
sub-57953	E33	DIN7	70	0.178	0.278	0.302	0.402	0.212	-7.960693359375	0.34	-7.02221965789795	7.33182579278946	3.98162469863891	-0.0402432632446289	0.769884075370184
sub-57953	E33	DIN8	80	0.178	0.278	0.302	0.402	0.212	-6.64049434661865	0.356	-5.70218801498413	6.5160161919064	3.98162469863891	-0.0402432632446289	0.769884075370184
sub-57953	E33	DIN9	90	0.178	0.278	0.302	0.402	0.22	-9.9793176651001	0.4	-8.29175186157227	9.37536557515462	3.98162469863891	-0.0402432632446289	0.769884075370184
sub-57953	E34	DI10	100	0.178	0.278	0.302	0.402	0.244	-8.42334651947021	0.352	-8.08493995666504	3.13339410004792	-17.8667044639588	0.217134857177735	9.99412799428804
sub-57953	E34	DIN6	60	0.178	0.278	0.302	0.402	0.18	6.84503030776978	0.328	-10.7821311950684	-119.102442586744	-17.8667044639588	0.217134857177735	9.99412799428804
sub-57953	E34	DIN7	70	0.178	0.278	0.302	0.402	0.212	-9.10858535766602	0.396	6.17144632339478	83.0436504405478	-17.8667044639588	0.217134857177735	9.99412799428804
sub-57953	E34	DIN8	80	0.178	0.278	0.302	0.402	0.212	-6.17151355743408	0.356	-7.70475101470947	-10.6474823421902	-17.8667044639588	0.217134857177735	9.99412799428804
sub-57953	E34	DIN9	90	0.178	0.278	0.302	0.402	0.188	-7.00721883773804	0.34	-5.94483757019043	6.98935044439215	-17.8667044639588	0.217134857177735	9.99412799428804
sub-57953	E35	DI10	100	0.178	0.278	0.302	0.402	0.232	-6.4607195854187	0.34	-4.31446504592896	19.8727272174976	7.35935120582581	-0.0561949515342713	2.5802326918458
sub-57953	E35	DIN6	60	0.178	0.278	0.302	0.402	0.18	6.95448970794678	0.364	11.6609935760498	25.5788253701251	7.35935120582581	-0.0561949515342713	2.5802326918458
sub-57953	E35	DIN7	70	0.178	0.278	0.302	0.402	0.204	3.47779655456543	0.368	3.90697073936462	2.6169157609707	7.35935120582581	-0.0561949515342713	2.5802326918458
sub-57953	E35	DIN8	80	0.178	0.278	0.302	0.402	0.256	-4.2131667137146	0.368	2.89349842071533	63.4523672716958	7.35935120582581	-0.0561949515342713	2.5802326918458
sub-57953	E35	DIN9	90	0.178	0.278	0.302	0.402	0.22	-5.98878526687622	0.4	-6.05860757827759	-0.387901730007595	7.35935120582581	-0.0561949515342713	2.5802326918458
sub-57953	E36	DI10	100	0.178	0.278	0.302	0.402	0.276	-2.3795964717865	0.316	-2.30979633331299	1.74500346183777	2.02506351470947	-0.0241408514976502	1.00233781524288
sub-57953	E36	DIN6	60	0.178	0.278	0.302	0.402	0.18	2.73679637908936	0.348	4.42318153381348	10.0380068733579	2.02506351470947	-0.0241408514976502	1.00233781524288
sub-57953	E36	DIN7	70	0.178	0.278	0.302	0.402	0.244	2.21663093566895	0.312	1.94276905059814	-4.02738066280589	2.02506351470947	-0.0241408514976502	1.00233781524288
sub-57953	E36	DIN8	80	0.178	0.278	0.302	0.402	0.276	-1.9193127155304	0.376	-3.47788214683533	-15.5856943130493	2.02506351470947	-0.0241408514976502	1.00233781524288
sub-57953	E36	DIN9	90	0.178	0.278	0.302	0.402	0.236	-4.53607082366943	0.348	-3.99084782600403	4.8680624791554	2.02506351470947	-0.0241408514976502	1.00233781524288
sub-57953	E37	DI10	100	0.178	0.278	0.302	0.402	0.232	-6.55319786071777	0.34	-7.71708869934082	-10.7767670242875	-25.2595790863037	0.275406422615051	4.99642918434181
sub-57953	E37	DIN6	60	0.178	0.278	0.302	0.402	0.18	7.35129451751709	0.312	-8.43397808074951	-119.585398471717	-25.2595790863037	0.275406422615051	4.99642918434181
sub-57953	E37	DIN7	70	0.178	0.278	0.302	0.402	0.212	-6.38155174255371	0.34	-4.95890283584595	11.1144445836544	-25.2595790863037	0.275406422615051	4.99642918434181
sub-57953	E37	DIN8	80	0.178	0.278	0.302	0.402	0.216	-5.71482229232788	0.356	-6.04416179656982	-2.3524250302996	-25.2595790863037	0.275406422615051	4.99642918434181
sub-57953	E37	DIN9	90	0.178	0.278	0.302	0.402	0.22	-9.48975944519043	0.34	-9.76923179626465	-2.32893625895182	-25.2595790863037	0.275406422615051	4.99642918434181
sub-57953	E38	DI10	100	0.178	0.278	0.302	0.402	0.252	-5.69990730285645	0.34	-5.63587522506714	0.727637247605757	23.6184776306153	-0.283304982185364	7.29371476306657
sub-57953	E38	DIN6	60	0.178	0.278	0.302	0.402	0.216	-5.09888219833374	0.364	9.50992202758789	98.7081366616327	23.6184776306153	-0.283304982185364	7.29371476306657
sub-57953	E38	DIN7	70	0.178	0.278	0.302	0.402	0.2	5.55715847015381	0.308	6.04833173751831	4.54790062374539	23.6184776306153	-0.283304982185364	7.29371476306657
sub-57953	E38	DIN8	80	0.178	0.278	0.302	0.402	0.188	6.01957654953003	0.356	-5.62425708770752	-69.3085335549854	23.6184776306153	-0.283304982185364	7.29371476306657
sub-57953	E38	DIN9	90	0.178	0.278	0.302	0.402	0.188	-8.97990131378174	0.34	-7.72968196868896	8.22512727034719	23.6184776306153	-0.283304982185364	7.29371476306657
sub-57953	E39	DI10	100	0.178	0.278	0.302	0.402	0.244	-6.11994361877441	0.352	-4.80230808258057	12.2003290388319	13.2380630493164	-0.136171622276306	1.79551214381327
sub-57953	E39	DIN6	60	0.178	0.278	0.302	0.402	0.18	5.57922220230103	0.364	12.877628326416	39.665250674538	13.2380630493164	-0.136171622276306	1.79551214381327
sub-57953	E39	DIN7	70	0.178	0.278	0.302	0.402	0.204	3.31671094894409	0.396	5.8320484161377	13.1007159749667	13.2380630493164	-0.136171622276306	1.79551214381327
sub-57953	E39	DIN8	80	0.178	0.278	0.302	0.402	0.256	-5.90506410598755	0.356	-6.17449331283569	-2.69429206848145	13.2380630493164	-0.136171622276306	1.79551214381327
sub-57953	E39	DIN9	90	0.178	0.278	0.302	0.402	0.228	-5.69368267059326	0.4	-4.83396625518799	4.99835125235624	13.2380630493164	-0.136171622276306	1.79551214381327
sub-57953	E40	DI10	100	0.178	0.278	0.302	0.402	0.276	-1.82005572319031	0.336	-2.07289409637451	-4.2139728864034	-1.15297377109528	0.0141693890094757	0.38465778029239
sub-57953	E40	DIN6	60	0.178	0.278	0.302	0.402	0.18	3.22923827171326	0.364	2.80890941619873	-2.2843959538833	-1.15297377109528	0.0141693890094757	0.38465778029239
sub-57953	E40	DIN7	70	0.178	0.278	0.302	0.402	0.244	2.20178151130676	0.396	1.82137477397919	-2.50267590347089	-1.15297377109528	0.0141693890094757	0.38465778029239
sub-57953	E40	DIN8	80	0.178	0.278	0.302	0.402	0.212	-2.34485268592834	0.328	-2.08994317054749	2.19749582224879	-1.15297377109528	0.0141693890094757	0.38465778029239
sub-57953	E40	DIN9	90	0.178	0.278	0.302	0.402	0.236	-3.1476902961731	0.352	-2.44613909721375	6.04785516344268	-1.15297377109528	0.0141693890094757	0.38465778029239
sub-57953	E41	DI10	100	0.178	0.278	0.302	0.402	0.216	-2.67396903038025	0.324	1.2504608631134	36.3373138286449	-9.69824836254119	0.108347212076187	3.36363231586633
sub-57953	E41	DIN6	60	0.178	0.278	0.302	0.402	0.232	2.57789635658264	0.364	-2.1381311416626	-35.7274810473124	-9.69824836254119	0.108347212076187	3.36363231586633
sub-57953	E41	DIN7	70	0.178	0.278	0.302	0.402	0.244	1.94380915164948	0.312	2.4980640411377	8.15080719835618	-9.69824836254119	0.108347212076187	3.36363231586633
sub-57953	E41	DIN8	80	0.178	0.278	0.302	0.402	0.276	-2.870121717453	0.328	-1.89319729804993	18.7870080654438	-9.69824836254119	0.108347212076187	3.36363231586633
sub-57953	E41	DIN9	90	0.178	0.278	0.302	0.402	0.236	3.81591606140137	0.352	-2.07602262496948	-50.7925748825073	-9.69824836254119	0.108347212076187	3.36363231586633
sub-57953	E42	DI10	100	0.178	0.278	0.302	0.402	0.216	-3.97022271156311	0.376	-1.31890547275543	16.570732742548	-4.33921387195587	0.0663730716705322	0.34261424186947
sub-57953	E42	DIN6	60	0.178	0.278	0.302	0.402	0.236	5.31657314300537	0.328	4.86617231369019	-4.89566118820854	-4.33921387195587	0.0663730716705322	0.34261424186947
sub-57953	E42	DIN7	70	0.178	0.278	0.302	0.402	0.2	-3.32558727264404	0.364	-2.58578419685364	4.51099436457564	-4.33921387195587	0.0663730716705322	0.34261424186947
sub-57953	E42	DIN8	80	0.178	0.278	0.302	0.402	0.2	2.14945316314697	0.32	2.88821887969971	6.15638097127279	-4.33921387195587	0.0663730716705322	0.34261424186947
sub-57953	E42	DIN9	90	0.178	0.278	0.302	0.402	0.204	-3.79153060913086	0.336	-2.61785650253296	8.89147050452955	-4.33921387195587	0.0663730716705322	0.34261424186947
sub-57953	E43	DI10	100	0.178	0.278	0.302	0.402	0.216	-4.44181394577026	0.336	1.25916314125061	47.5081423918406	-21.3924471378326	0.269690039157868	1.73633335167184
sub-57953	E43	DIN6	60	0.178	0.278	0.302	0.402	0.236	3.05814576148987	0.364	-4.21124172210693	-56.7920897156	-21.3924471378326	0.269690039157868	1.73633335167184
sub-57953	E43	DIN7	70	0.178	0.278	0.302	0.402	0.2	-2.12885785102844	0.368	-1.90355539321899	1.34108605838957	-21.3924471378326	0.269690039157868	1.73633335167184
sub-57953	E43	DIN8	80	0.178	0.278	0.302	0.402	0.224	-3.44553399085999	0.368	-2.44222331047058	6.96743528048197	-21.3924471378326	0.269690039157868	1.73633335167184
sub-57953	E43	DIN9	90	0.178	0.278	0.302	0.402	0.252	-3.8207573890686	0.336	-2.56718015670776	14.9235384804862	-21.3924471378326	0.269690039157868	1.73633335167184
sub-57953	E44	DI10	100	0.178	0.278	0.302	0.402	0.216	-4.17811012268066	0.336	1.68359303474426	48.8475263118744	-2.82895188331604	0.0676992201805115	2.03973019977599
sub-57953	E44	DIN6	60	0.178	0.278	0.302	0.402	0.268	2.37791609764099	0.328	3.01607322692871	10.6359521547953	-2.82895188331604	0.0676992201805115	2.03973019977599
sub-57953	E44	DIN7	70	0.178	0.278	0.302	0.402	0.232	-2.53729820251465	0.352	2.21194553375244	39.5770311355591	-2.82895188331604	0.0676992201805115	2.03973019977599
sub-57953	E44	DIN8	80	0.178	0.278	0.302	0.402	0.228	-2.79401636123657	0.368	-2.18026542663574	4.38393524714879	-2.82895188331604	0.0676992201805115	2.03973019977599
sub-57953	E44	DIN9	90	0.178	0.278	0.302	0.402	0.252	-3.03282427787781	0.336	-1.96075057983398	12.7627821195693	-2.82895188331604	0.0676992201805115	2.03973019977599
sub-57953	E45	DI10	100	0.178	0.278	0.302	0.402	0.204	-6.99568510055542	0.316	7.11393260955811	125.978729554585	9.67276964187623	-0.016907343864441	5.8753132908865
sub-57953	E45	DIN6	60	0.178	0.278	0.302	0.402	0.204	-5.74351167678833	0.388	8.66015815734863	78.2808143159617	9.67276964187623	-0.016907343864441	5.8753132908865
sub-57953	E45	DIN7	70	0.178	0.278	0.302	0.402	0.264	6.36819887161255	0.34	8.26103591918945	24.9057506260119	9.67276964187623	-0.016907343864441	5.8753132908865
sub-57953	E45	DIN8	80	0.178	0.278	0.302	0.402	0.228	-5.44638919830322	0.336	4.95818996429443	96.3386959499783	9.67276964187623	-0.016907343864441	5.8753132908865
sub-57953	E45	DIN9	90	0.178	0.278	0.302	0.402	0.2	6.71542739868164	0.352	7.50563430786133	5.19872966565584	9.67276964187623	-0.016907343864441	5.8753132908865
sub-57953	E46	DI10	100	0.178	0.278	0.302	0.402	0.216	3.92616605758667	0.352	-5.31716156005859	-67.9656442473917	17.6974537372589	-0.23758805513382	3.20320060119529
sub-57953	E46	DIN6	60	0.178	0.278	0.302	0.402	0.18	5.25228977203369	0.364	9.86185455322266	25.0519825064618	17.6974537372589	-0.23758805513382	3.20320060119529
sub-57953	E46	DIN7	70	0.178	0.278	0.302	0.402	0.212	-3.69039034843445	0.34	-6.62541484832764	-22.9298789054155	17.6974537372589	-0.23758805513382	3.20320060119529
sub-57953	E46	DIN8	80	0.178	0.278	0.302	0.402	0.212	-5.45676374435425	0.356	-5.44788455963135	0.0616610050201416	17.6974537372589	-0.23758805513382	3.20320060119529
sub-57953	E46	DIN9	90	0.178	0.278	0.302	0.402	0.188	-7.32102203369141	0.34	-6.3090672492981	6.65759726574546	17.6974537372589	-0.23758805513382	3.20320060119529
sub-57953	E47	DI10	100	0.178	0.278	0.302	0.402	0.252	-4.17026710510254	0.336	-5.76048851013184	-18.9312072027297	14.2677438735962	-0.143495416641235	3.12090399951954
sub-57953	E47	DIN6	60	0.178	0.278	0.302	0.402	0.18	4.50837802886963	0.364	9.89990901947021	29.3017988619597	14.2677438735962	-0.143495416641235	3.12090399951954
sub-57953	E47	DIN7	70	0.178	0.278	0.302	0.402	0.2	3.22194719314575	0.396	4.1420750617981	4.69452994210379	14.2677438735962	-0.143495416641235	3.12090399951954
sub-57953	E47	DIN8	80	0.178	0.278	0.302	0.402	0.212	-5.03655195236206	0.368	3.64847230911255	55.6732324453501	14.2677438735962	-0.143495416641235	3.12090399951954
sub-57953	E47	DIN9	90	0.178	0.278	0.302	0.402	0.252	4.49456310272217	0.336	5.02865409851074	6.35822614034017	14.2677438735962	-0.143495416641235	3.12090399951954
sub-57953	E48	DI10	100	0.178	0.278	0.302	0.402	0.252	-2.87950086593628	0.336	-3.68921542167664	-9.639458996909	0.372019863128653	0.0212401032447816	3.15075769733342
sub-57953	E48	DIN6	60	0.178	0.278	0.302	0.402	0.18	4.64686918258667	0.364	6.69732475280762	11.1437802729399	0.372019863128653	0.0212401032447816	3.15075769733342
sub-57953	E48	DIN7	70	0.178	0.278	0.302	0.402	0.264	-1.48098063468933	0.34	-3.53470945358276	-27.0227476170188	0.372019863128653	0.0212401032447816	3.15075769733342
sub-57953	E48	DIN8	80	0.178	0.278	0.302	0.402	0.212	-2.86452555656433	0.368	2.51398110389709	34.4776067978297	0.372019863128653	0.0212401032447816	3.15075769733342
sub-57953	E48	DIN9	90	0.178	0.278	0.302	0.402	0.188	-2.76454973220825	0.336	3.02607202529907	39.1258226858603	0.372019863128653	0.0212401032447816	3.15075769733342
sub-57953	E49	DI10	100	0.178	0.278	0.302	0.402	0.216	-2.74174213409424	0.316	-1.31157195568085	14.3017017841339	-8.65876190662385	0.111969985961914	2.9697558908773
sub-57953	E49	DIN6	60	0.178	0.278	0.302	0.402	0.236	3.12459063529968	0.364	-2.80531907081604	-46.3274195790291	-8.65876190662385	0.111969985961914	2.9697558908773
sub-57953	E49	DIN7	70	0.178	0.278	0.302	0.402	0.2	-1.93574523925781	0.312	2.35449957847595	38.3057573011943	-8.65876190662385	0.111969985961914	2.9697558908773
sub-57953	E49	DIN8	80	0.178	0.278	0.302	0.402	0.276	-3.22025871276855	0.328	-2.28366279602051	18.0114599374624	-8.65876190662385	0.111969985961914	2.9697558908773
sub-57953	E49	DIN9	90	0.178	0.278	0.302	0.402	0.2	-3.00592136383057	0.352	-2.23883771896362	5.04660292675621	-8.65876190662385	0.111969985961914	2.9697558908773
sub-57953	E50	DI10	100	0.178	0.278	0.302	0.402	0.216	-3.11313962936401	0.376	-1.21486175060272	11.8642367422581	-10.2563469409943	0.142478833198547	3.6207045850521
sub-57953	E50	DIN6	60	0.178	0.278	0.302	0.402	0.236	3.37555384635925	0.364	-3.36812210083008	-52.6849683374166	-10.2563469409943	0.142478833198547	3.6207045850521
sub-57953	E50	DIN7	70	0.178	0.278	0.302	0.402	0.2	-1.99845194816589	0.312	2.53111457824707	40.4425582715443	-10.2563469409943	0.142478833198547	3.6207045850521
sub-57953	E50	DIN8	80	0.178	0.278	0.302	0.402	0.276	-2.88663077354431	0.356	1.64545714855194	56.6510990262032	-10.2563469409943	0.142478833198547	3.6207045850521
sub-57953	E50	DIN9	90	0.178	0.278	0.302	0.402	0.204	-3.73268580436707	0.336	-2.23914361000061	11.3147135936853	-10.2563469409943	0.142478833198547	3.6207045850521
sub-57953	E51	DI10	100	0.178	0.278	0.302	0.402	0.216	-4.1884183883667	0.336	1.4529869556427	47.0117112000783	-21.5688503265381	0.269255139827728	2.00298031207207
sub-57953	E51	DIN6	60	0.178	0.278	0.302	0.402	0.236	3.22843670845032	0.364	-4.45848941802979	-60.0541103631258	-21.5688503265381	0.269255139827728	2.00298031207207
sub-57953	E51	DIN7	70	0.178	0.278	0.302	0.402	0.2	-2.65876221656799	0.376	-2.41824817657471	1.3665570454164	-21.5688503265381	0.269255139827728	2.00298031207207
sub-57953	E51	DIN8	80	0.178	0.278	0.302	0.402	0.272	-3.07798194885254	0.368	-1.92453598976135	12.0150620738665	-21.5688503265381	0.269255139827728	2.00298031207207
sub-57953	E51	DIN9	90	0.178	0.278	0.302	0.402	0.204	-3.56033945083618	0.336	-3.05097436904907	3.85882637717507	-21.5688503265381	0.269255139827728	2.00298031207207
sub-57953	E52	DI10	100	0.178	0.278	0.302	0.402	0.216	-3.95878267288208	0.336	1.24111187458038	43.3324545621872	-17.7107131481171	0.233523033857346	2.27314136863062
sub-57953	E52	DIN6	60	0.178	0.278	0.302	0.402	0.236	2.17829918861389	0.364	-3.61276745796204	-45.2427081763744	-17.7107131481171	0.233523033857346	2.27314136863062
sub-57953	E52	DIN7	70	0.178	0.278	0.302	0.402	0.232	-1.57730972766876	0.308	-1.95690011978149	-4.99461042253595	-17.7107131481171	0.233523033857346	2.27314136863062
sub-57953	E52	DIN8	80	0.178	0.278	0.302	0.402	0.224	-2.68909525871277	0.352	2.14652442932129	37.7782788127661	-17.7107131481171	0.233523033857346	2.27314136863062
sub-57953	E52	DIN9	90	0.178	0.278	0.302	0.402	0.252	-2.99140810966492	0.336	-2.00061750411987	11.7951262564886	-17.7107131481171	0.233523033857346	2.27314136863062
sub-57953	E53	DI10	100	0.178	0.278	0.302	0.402	0.216	-5.35334491729736	0.336	2.78037905693054	67.7810331185659	-1.16638269424438	0.0708420372009277	3.42275250958446
sub-57953	E53	DIN6	60	0.178	0.278	0.302	0.402	0.204	-3.45821809768677	0.328	4.17552709579468	61.5624612377536	-1.16638269424438	0.0708420372009277	3.42275250958446
sub-57953	E53	DIN7	70	0.178	0.278	0.302	0.402	0.232	-5.24034738540649	0.308	-4.97072267532349	3.54769355372379	-1.16638269424438	0.0708420372009277	3.42275250958446
sub-57953	E53	DIN8	80	0.178	0.278	0.302	0.402	0.228	-3.24831533432007	0.368	-3.13437867164612	0.81383330481393	-1.16638269424438	0.0708420372009277	3.42275250958446
sub-57953	E53	DIN9	90	0.178	0.278	0.302	0.402	0.252	-3.43176698684692	0.4	2.92210388183594	42.9315599235328	-1.16638269424438	0.0708420372009277	3.42275250958446
sub-57953	E54	DI10	100	0.178	0.278	0.302	0.402	0.216	4.36621284484863	0.336	-4.548171043396	-74.2865324020386	8.81981544494628	-0.138263320922852	5.08862482410687
sub-57953	E54	DIN6	60	0.178	0.278	0.302	0.402	0.18	6.69745063781738	0.364	10.2262287139893	19.1781417183254	8.81981544494628	-0.138263320922852	5.08862482410687
sub-57953	E54	DIN7	70	0.178	0.278	0.302	0.402	0.2	2.74170541763306	0.34	-5.97548484802246	-62.2656447546823	8.81981544494628	-0.138263320922852	5.08862482410687
sub-57953	E54	DIN8	80	0.178	0.278	0.302	0.402	0.212	-4.75781869888306	0.356	-4.2040753364563	3.84544001685249	8.81981544494628	-0.138263320922852	5.08862482410687
sub-57953	E54	DIN9	90	0.178	0.278	0.302	0.402	0.188	-7.37683582305908	0.38	-5.03403425216675	12.2020915150642	8.81981544494628	-0.138263320922852	5.08862482410687
sub-57953	E55	DI10	100	0.178	0.278	0.302	0.402	0.216	3.4837429523468	0.336	-4.54243278503418	-66.8847978115082	9.82845382690428	-0.104070603847503	7.04603412521635
sub-57953	E55	DIN6	60	0.178	0.278	0.302	0.402	0.18	3.98028779029846	0.364	8.61199760437012	25.1723359460416	9.82845382690428	-0.104070603847503	7.04603412521635
sub-57953	E55	DIN7	70	0.178	0.278	0.302	0.402	0.2	2.69986152648926	0.34	-3.48770546913147	-44.1969071115766	9.82845382690428	-0.104070603847503	7.04603412521635
sub-57953	E55	DIN8	80	0.178	0.278	0.302	0.402	0.212	-4.61651992797852	0.368	3.75839686393738	53.6853640507429	9.82845382690428	-0.104070603847503	7.04603412521635
sub-57953	E55	DIN9	90	0.178	0.278	0.302	0.402	0.188	-3.95577430725098	0.336	4.7653694152832	58.9266467738796	9.82845382690428	-0.104070603847503	7.04603412521635
sub-57953	E56	DI10	100	0.178	0.278	0.302	0.402	0.272	-2.70578551292419	0.336	-3.76802182197571	-16.5974423289299	6.54514396190643	-0.0624321353435516	1.94632589299318
sub-57953	E56	DIN6	60	0.178	0.278	0.302	0.402	0.18	3.42899298667908	0.364	5.10715675354004	9.12045525467914	6.54514396190643	-0.0624321353435516	1.94632589299318
sub-57953	E56	DIN7	70	0.178	0.278	0.302	0.402	0.204	1.50036466121674	0.396	2.75244855880737	6.52127029995123	6.54514396190643	-0.0624321353435516	1.94632589299318
sub-57953	E56	DIN8	80	0.178	0.278	0.302	0.402	0.212	-3.04502415657043	0.368	2.35015964508057	34.5845115490449	6.54514396190643	-0.0624321353435516	1.94632589299318
sub-57953	E56	DIN9	90	0.178	0.278	0.302	0.402	0.188	-2.87619805335999	0.4	-2.38652753829956	2.3097665804737	6.54514396190643	-0.0624321353435516	1.94632589299318
sub-57953	E57	DI10	100	0.178	0.278	0.302	0.402	0.244	2.98113131523132	0.324	1.43241763114929	-19.3589210510254	-8.88468379974366	0.0985232675075532	2.4129507777936
sub-57953	E57	DIN6	60	0.178	0.278	0.302	0.402	0.236	2.80243611335754	0.364	-3.42391562461853	-48.6433729529381	-8.88468379974366	0.0985232675075532	2.4129507777936
sub-57953	E57	DIN7	70	0.178	0.278	0.302	0.402	0.244	2.01631808280945	0.312	2.63598728179932	9.1127823380863	-8.88468379974366	0.0985232675075532	2.4129507777936
sub-57953	E57	DIN8	80	0.178	0.278	0.302	0.402	0.276	-2.92604184150696	0.328	-1.90147745609283	19.7031612579639	-8.88468379974366	0.0985232675075532	2.4129507777936
sub-57953	E57	DIN9	90	0.178	0.278	0.302	0.402	0.2	-2.99431133270264	0.352	-1.87759149074554	7.34684106550719	-8.88468379974366	0.0985232675075532	2.4129507777936
sub-57953	E58	DI10	100	0.178	0.278	0.302	0.402	0.216	-4.05712556838989	0.376	-1.51057422161102	15.9159459173679	-14.0097713232041	0.191251430511475	4.99206705575455
sub-57953	E58	DIN6	60	0.178	0.278	0.302	0.402	0.236	3.99368453025818	0.364	-5.43172264099121	-73.6359935253859	-14.0097713232041	0.191251430511475	4.99206705575455
sub-57953	E58	DIN7	70	0.178	0.278	0.302	0.402	0.2	-2.88801240921021	0.312	3.21907925605774	54.5276041541781	-14.0097713232041	0.191251430511475	4.99206705575455
sub-57953	E58	DIN8	80	0.178	0.278	0.302	0.402	0.272	-3.50100517272949	0.356	2.43415689468384	70.6566912787302	-14.0097713232041	0.191251430511475	4.99206705575455
sub-57953	E58	DIN9	90	0.178	0.278	0.302	0.402	0.204	-3.92433023452759	0.336	-2.6360125541687	9.75998242696126	-14.0097713232041	0.191251430511475	4.99206705575455
sub-57953	E59	DI10	100	0.178	0.278	0.302	0.402	0.216	-3.5927882194519	0.308	-1.48876178264618	22.8698525739753	-17.3207030057907	0.215940520763397	3.0594703949238
sub-57953	E59	DIN6	60	0.178	0.278	0.302	0.402	0.236	2.71587443351746	0.364	-5.42908334732056	-63.632482662797	-17.3207030057907	0.215940520763397	3.0594703949238
sub-57953	E59	DIN7	70	0.178	0.278	0.302	0.402	0.2	-2.17173194885254	0.368	-2.1240611076355	0.283755007244292	-17.3207030057907	0.215940520763397	3.0594703949238
sub-57953	E59	DIN8	80	0.178	0.278	0.302	0.402	0.224	-2.59996128082275	0.352	2.02223801612854	36.110932007432	-17.3207030057907	0.215940520763397	3.0594703949238
sub-57953	E59	DIN9	90	0.178	0.278	0.302	0.402	0.204	-3.61762046813965	0.336	-2.47386598587036	8.66480668385823	-17.3207030057907	0.215940520763397	3.0594703949238
sub-57953	E60	DI10	100	0.178	0.278	0.302	0.402	0.216	-3.51124930381775	0.352	0.966810643672943	32.926911378608	-7.93022466897965	0.121735293865204	1.01277927416328
sub-57953	E60	DIN6	60	0.178	0.278	0.302	0.402	0.268	1.99856019020081	0.348	2.05475640296936	0.702452659606934	-7.93022466897965	0.121735293865204	1.01277927416328
sub-57953	E60	DIN7	70	0.178	0.278	0.302	0.402	0.22	-2.47986173629761	0.396	-1.83283507823944	3.67628782987595	-7.93022466897965	0.121735293865204	1.01277927416328
sub-57953	E60	DIN8	80	0.178	0.278	0.302	0.402	0.272	-1.42917251586914	0.38	-1.54428970813751	-1.06589992841085	-7.93022466897965	0.121735293865204	1.01277927416328
sub-57953	E60	DIN9	90	0.178	0.278	0.302	0.402	0.252	-2.86131143569946	0.4	1.11551713943481	26.8704633455019	-7.93022466897965	0.121735293865204	1.01277927416328
sub-57953	E61	DI10	100	0.178	0.278	0.302	0.402	0.216	4.49801111221313	0.336	-4.49099779129028	-74.9084075291951	13.6934991359711	-0.165223255157471	5.38054109912867
sub-57953	E61	DIN6	60	0.178	0.278	0.302	0.402	0.18	3.69933700561523	0.364	8.05231094360352	23.6574670542841	13.6934991359711	-0.165223255157471	5.38054109912867
sub-57953	E61	DIN7	70	0.178	0.278	0.302	0.402	0.264	-2.78685712814331	0.34	-4.58082389831543	-23.6048259233174	13.6934991359711	-0.165223255157471	5.38054109912867
sub-57953	E61	DIN8	80	0.178	0.278	0.302	0.402	0.212	-4.16922903060913	0.356	-3.72870707511902	3.05918024645911	13.6934991359711	-0.165223255157471	5.38054109912867
sub-57953	E61	DIN9	90	0.178	0.278	0.302	0.402	0.188	-4.8702392578125	0.336	3.49743413925171	56.5383337639473	13.6934991359711	-0.165223255157471	5.38054109912867
sub-57953	E62	DI10	100	0.178	0.278	0.302	0.402	0.216	3.62604236602783	0.336	-3.70545411109924	-61.0958039760589	11.6474980831146	-0.152997813224792	4.67164024294212
sub-57953	E62	DIN6	60	0.178	0.278	0.302	0.402	0.204	2.91561603546143	0.364	6.05545425415039	19.623988866806	11.6474980831146	-0.152997813224792	4.67164024294212
sub-57953	E62	DIN7	70	0.178	0.278	0.302	0.402	0.2	2.1000018119812	0.34	-3.31833934783936	-38.7024368558611	11.6474980831146	-0.152997813224792	4.67164024294212
sub-57953	E62	DIN8	80	0.178	0.278	0.302	0.402	0.212	-2.99447917938232	0.368	3.4293384552002	41.1783181704008	11.6474980831146	-0.152997813224792	4.67164024294212
sub-57953	E62	DIN9	90	0.178	0.278	0.302	0.402	0.252	3.444584608078	0.336	3.66913151741028	2.6731774920509	11.6474980831146	-0.152997813224792	4.67164024294212
sub-57953	E63	DI10	100	0.178	0.278	0.302	0.402	0.192	-3.2252836227417	0.316	-2.02849340438843	9.651534018978	-9.15766429901123	0.104191620349884	1.60087784448965
sub-57953	E63	DIN6	60	0.178	0.278	0.302	0.402	0.236	3.58932995796204	0.34	2.31069707870483	-12.2945469159346	-9.15766429901123	0.104191620349884	1.60087784448965
sub-57953	E63	DIN7	70	0.178	0.278	0.302	0.402	0.244	2.50964856147766	0.364	-2.3444766998291	-40.451043844223	-9.15766429901123	0.104191620349884	1.60087784448965
sub-57953	E63	DIN8	80	0.178	0.278	0.302	0.402	0.276	-3.2464644908905	0.328	-3.03636050224304	4.04046132014348	-9.15766429901123	0.104191620349884	1.60087784448965
sub-57953	E63	DIN9	90	0.178	0.278	0.302	0.402	0.2	-3.40024614334106	0.352	-2.78605556488037	4.04072748987298	-9.15766429901123	0.104191620349884	1.60087784448965
sub-57953	E64	DI10	100	0.178	0.278	0.302	0.402	0.244	2.95435094833374	0.376	-1.41163873672485	-33.0756794322621	-4.90840332508088	0.0406733107566835	3.00279327930703
sub-57953	E64	DIN6	60	0.178	0.278	0.302	0.402	0.236	2.79902315139771	0.364	-3.48235583305359	-49.0732733160257	-4.90840332508088	0.0406733107566835	3.00279327930703
sub-57953	E64	DIN7	70	0.178	0.278	0.302	0.402	0.24	2.00194501876831	0.312	2.66725969314575	9.24048158857557	-4.90840332508088	0.0406733107566835	3.00279327930703
sub-57953	E64	DIN8	80	0.178	0.278	0.302	0.402	0.276	-2.66771578788757	0.328	-1.86022126674652	15.5287407911741	-4.90840332508088	0.0406733107566835	3.00279327930703
sub-57953	E64	DIN9	90	0.178	0.278	0.302	0.402	0.204	-2.9125714302063	0.316	-2.01070427894592	8.0523852791105	-4.90840332508088	0.0406733107566835	3.00279327930703
sub-57953	E65	DI10	100	0.178	0.278	0.302	0.402	0.216	-3.39992308616638	0.376	-1.69318151473999	10.6671348214149	-13.1167890071869	0.16471715927124	3.76585734550829
sub-57953	E65	DIN6	60	0.178	0.278	0.302	0.402	0.236	3.32664012908936	0.364	-5.04697179794312	-65.4188431799412	-13.1167890071869	0.16471715927124	3.76585734550829
sub-57953	E65	DIN7	70	0.178	0.278	0.302	0.402	0.2	-2.48735189437866	0.312	2.26223969459534	42.4070677586964	-13.1167890071869	0.16471715927124	3.76585734550829
sub-57953	E65	DIN8	80	0.178	0.278	0.302	0.402	0.272	-2.95369267463684	0.328	-1.79409575462341	20.7070878573826	-13.1167890071869	0.16471715927124	3.76585734550829
sub-57953	E65	DIN9	90	0.178	0.278	0.302	0.402	0.204	-3.69617199897766	0.336	-2.63557147979736	8.03485241803256	-13.1167890071869	0.16471715927124	3.76585734550829
sub-57953	E66	DI10	100	0.178	0.278	0.302	0.402	0.216	-3.12678360939026	0.336	1.18607699871063	35.9405050675074	-15.6331119537354	0.206335257291794	1.7295201255194
sub-57953	E66	DIN6	60	0.178	0.278	0.302	0.402	0.236	1.88401007652283	0.364	-3.18007683753967	-39.5631790161133	-15.6331119537354	0.206335257291794	1.7295201255194
sub-57953	E66	DIN7	70	0.178	0.278	0.302	0.402	0.2	-1.4685070514679	0.396	-1.75035679340363	-1.43800888742719	-15.6331119537354	0.206335257291794	1.7295201255194
sub-57953	E66	DIN8	80	0.178	0.278	0.302	0.402	0.272	-1.94973587989807	0.352	1.85410237312317	47.5479781627655	-15.6331119537354	0.206335257291794	1.7295201255194
sub-57953	E66	DIN9	90	0.178	0.278	0.302	0.402	0.252	-3.29197549819946	0.336	-1.69419455528259	19.0212017013913	-15.6331119537354	0.206335257291794	1.7295201255194
sub-57953	E67	DI10	100	0.178	0.278	0.302	0.402	0.216	6.05551147460938	0.336	-5.51581001281738	-96.4276790618896	21.5555313110351	-0.278799982070923	4.1313986357084
sub-57953	E67	DIN6	60	0.178	0.278	0.302	0.402	0.264	5.74152183532715	0.364	10.1517992019653	44.1027736663818	21.5555313110351	-0.278799982070923	4.1313986357084
sub-57953	E67	DIN7	70	0.178	0.278	0.302	0.402	0.184	-4.12878322601318	0.34	-5.25239086151123	-7.2026130480644	21.5555313110351	-0.278799982070923	4.1313986357084
sub-57953	E67	DIN8	80	0.178	0.278	0.302	0.402	0.196	-6.62975788116455	0.352	-5.04703426361084	10.1456642150879	21.5555313110351	-0.278799982070923	4.1313986357084
sub-57953	E67	DIN9	90	0.178	0.278	0.302	0.402	0.188	-8.09736633300781	0.38	-5.13777446746826	15.4145409663518	21.5555313110351	-0.278799982070923	4.1313986357084
sub-57953	E68	DI10	100	0.178	0.278	0.302	0.402	0.216	5.71297407150269	0.336	-4.47624206542969	-84.9101344744364	24.9248206138611	-0.305487246513367	4.79631112712281
sub-57953	E68	DIN6	60	0.178	0.278	0.302	0.402	0.264	4.11539173126221	0.364	9.21183490753174	50.9644317626953	24.9248206138611	-0.305487246513367	4.79631112712281
sub-57953	E68	DIN7	70	0.178	0.278	0.302	0.402	0.264	-3.84154033660889	0.34	-4.53067255020142	-9.06752912621749	24.9248206138611	-0.305487246513367	4.79631112712281
sub-57953	E68	DIN8	80	0.178	0.278	0.302	0.402	0.212	-4.63737678527832	0.368	4.24027109146118	56.9079992098686	24.9248206138611	-0.305487246513367	4.79631112712281
sub-57953	E68	DIN9	90	0.178	0.278	0.302	0.402	0.252	5.69592761993408	0.336	5.02938938140869	-7.93497903006417	24.9248206138611	-0.305487246513367	4.79631112712281
sub-57953	E69	DI10	100	0.178	0.278	0.302	0.402	0.216	4.07005643844604	0.336	-3.35166668891907	-61.8476927280426	11.6012410640716	-0.126696076393127	4.99060583738212
sub-57953	E69	DIN6	60	0.178	0.278	0.302	0.402	0.18	3.1326310634613	0.364	6.03646993637085	15.7817330049432	11.6012410640716	-0.126696076393127	4.99060583738212
sub-57953	E69	DIN7	70	0.178	0.278	0.302	0.402	0.264	-2.05390858650208	0.34	-3.3331880569458	-16.8326246111017	11.6012410640716	-0.126696076393127	4.99060583738212
sub-57953	E69	DIN8	80	0.178	0.278	0.302	0.402	0.212	-3.08116436004639	0.368	3.34153723716736	41.1711640847035	11.6012410640716	-0.126696076393127	4.99060583738212
sub-57953	E69	DIN9	90	0.178	0.278	0.302	0.402	0.188	-3.2927520275116	0.336	3.40948486328125	45.285384397249	11.6012410640716	-0.126696076393127	4.99060583738212
sub-57953	E70	DI10	100	0.178	0.278	0.302	0.402	0.244	3.10631394386292	0.376	-1.69586551189423	-36.3801473920996	-5.69485566616059	0.0474384188652039	3.20129340103021
sub-57953	E70	DIN6	60	0.178	0.278	0.302	0.402	0.236	3.2454571723938	0.364	-3.58604550361633	-53.3711146563292	-5.69485566616059	0.0474384188652039	3.20129340103021
sub-57953	E70	DIN7	70	0.178	0.278	0.302	0.402	0.24	2.60572910308838	0.312	2.88031458854675	3.81368729803297	-5.69485566616059	0.0474384188652039	3.20129340103021
sub-57953	E70	DIN8	80	0.178	0.278	0.302	0.402	0.272	-2.68748879432678	0.328	-1.78708386421204	16.0786594663348	-5.69485566616059	0.0474384188652039	3.20129340103021
sub-57953	E70	DIN9	90	0.178	0.278	0.302	0.402	0.204	-3.05294370651245	0.316	-2.09316277503967	8.56947260243552	-5.69485566616059	0.0474384188652039	3.20129340103021
sub-57953	E71	DI10	100	0.178	0.278	0.302	0.402	0.244	3.42406940460205	0.376	-1.79359102249146	-39.5277305082841	-1.30986666679384	0.0121874523162843	5.3130585037275
sub-57953	E71	DIN6	60	0.178	0.278	0.302	0.402	0.236	2.74666166305542	0.364	-5.08644676208496	-61.1961595714092	-1.30986666679384	0.0121874523162843	5.3130585037275
sub-57953	E71	DIN7	70	0.178	0.278	0.302	0.402	0.2	-2.40149164199829	0.312	2.80779933929443	46.511526618685	-1.30986666679384	0.0121874523162843	5.3130585037275
sub-57953	E71	DIN8	80	0.178	0.278	0.302	0.402	0.272	-2.955730676651	0.32	2.01425457000732	103.541359305382	-1.30986666679384	0.0121874523162843	5.3130585037275
sub-57953	E71	DIN9	90	0.178	0.278	0.302	0.402	0.252	-3.70168447494507	0.336	-2.50454425811768	14.2516692479451	-1.30986666679384	0.0121874523162843	5.3130585037275
sub-57953	E72	DI10	100	0.178	0.278	0.302	0.402	0.216	-4.75836849212646	0.388	2.39298343658447	41.5776274925054	-9.14672136306763	0.145365235805512	2.46973837286312
sub-57953	E72	DIN6	60	0.178	0.278	0.302	0.402	0.256	-2.95437788963318	0.364	-5.01010465621948	-19.0345070980213	-9.14672136306763	0.145365235805512	2.46973837286312
sub-57953	E72	DIN7	70	0.178	0.278	0.302	0.402	0.2	-2.50113725662231	0.312	2.41075277328491	43.8561609813145	-9.14672136306763	0.145365235805512	2.46973837286312
sub-57953	E72	DIN8	80	0.178	0.278	0.302	0.402	0.272	-3.87431788444519	0.328	-2.50360178947449	24.4770731244768	-9.14672136306763	0.145365235805512	2.46973837286312
sub-57953	E72	DIN9	90	0.178	0.278	0.302	0.402	0.252	-4.65046787261963	0.336	-3.61621165275574	12.3125740459987	-9.14672136306763	0.145365235805512	2.46973837286312
sub-57953	E73	DI10	100	0.178	0.278	0.302	0.402	0.216	7.64186382293701	0.336	-4.89311265945435	-104.458137353261	23.80516705513	-0.377180235385895	1.51190873275352
sub-57953	E73	DIN6	60	0.178	0.278	0.302	0.402	0.26	6.81196784973145	0.364	9.18017196655273	22.7711934309739	23.80516705513	-0.377180235385895	1.51190873275352
sub-57953	E73	DIN7	70	0.178	0.278	0.302	0.402	0.184	-4.73706531524658	0.34	-7.02172994613647	-14.645286095448	23.80516705513	-0.377180235385895	1.51190873275352
sub-57953	E73	DIN8	80	0.178	0.278	0.302	0.402	0.224	4.76453876495361	0.336	-4.43395614624023	-82.1294188499451	23.80516705513	-0.377180235385895	1.51190873275352
sub-57953	E73	DIN9	90	0.178	0.278	0.302	0.402	0.252	6.39636898040771	0.38	-3.79995799064636	-79.65880446136	23.80516705513	-0.377180235385895	1.51190873275352
sub-57953	E74	DI10	100	0.178	0.278	0.302	0.402	0.244	2.63626098632812	0.376	-1.69026136398315	-32.7766844720551	-2.88737740516663	0.00899945735931401	2.20703799729729
sub-57953	E74	DIN6	60	0.178	0.278	0.302	0.402	0.236	1.90470099449158	0.364	-3.40189838409424	-41.4578076452017	-2.88737740516663	0.00899945735931401	2.20703799729729
sub-57953	E74	DIN7	70	0.178	0.278	0.302	0.402	0.24	2.09871077537537	0.312	2.2172064781189	1.6457736492157	-2.88737740516663	0.00899945735931401	2.20703799729729
sub-57953	E74	DIN8	80	0.178	0.278	0.302	0.402	0.256	1.99946320056915	0.372	1.61869776248932	-3.28246067310202	-2.88737740516663	0.00899945735931401	2.20703799729729
sub-57953	E74	DIN9	90	0.178	0.278	0.302	0.402	0.228	2.49446630477905	0.364	1.55275368690491	-6.92435748436872	-2.88737740516663	0.00899945735931401	2.20703799729729
sub-57953	E75	DI10	100	0.178	0.278	0.302	0.402	0.244	4.66856718063354	0.352	2.60218524932861	-19.1331660306012	1.21657638549803	0.0208158802986147	4.66631297935795
sub-57953	E75	DIN6	60	0.178	0.278	0.302	0.402	0.252	-3.41962504386902	0.364	-6.96165084838867	-31.6252303974969	1.21657638549803	0.0208158802986147	4.66631297935795
sub-57953	E75	DIN7	70	0.178	0.278	0.302	0.402	0.2	-3.14282584190369	0.312	4.07115411758423	64.4105353525707	1.21657638549803	0.0208158802986147	4.66631297935795
sub-57953	E75	DIN8	80	0.178	0.278	0.302	0.402	0.272	-3.7619194984436	0.356	2.69746208190918	76.8973997661046	1.21657638549803	0.0208158802986147	4.66631297935795
sub-57953	E75	DIN9	90	0.178	0.278	0.302	0.402	0.204	-3.64407014846802	0.364	2.7002100944519	39.6517515182495	1.21657638549803	0.0208158802986147	4.66631297935795
sub-57953	E76	DI10	100	0.178	0.278	0.302	0.402	0.244	2.89875435829163	0.376	-1.87544393539429	-36.1681688915599	-7.85868752002717	0.080114257335663	4.46522840035501
sub-57953	E76	DIN6	60	0.178	0.278	0.302	0.402	0.236	2.71553802490234	0.364	-5.62454414367676	-65.1568919420242	-7.85868752002717	0.080114257335663	4.46522840035501
sub-57953	E76	DIN7	70	0.178	0.278	0.302	0.402	0.2	-2.41405940055847	0.368	-2.33634567260742	0.462581713994344	-7.85868752002717	0.080114257335663	4.46522840035501
sub-57953	E76	DIN8	80	0.178	0.278	0.302	0.402	0.272	-3.0672447681427	0.356	1.76421558856964	57.5173851989565	-7.85868752002717	0.080114257335663	4.46522840035501
sub-57953	E76	DIN9	90	0.178	0.278	0.302	0.402	0.252	-3.66118240356445	0.336	-2.7038106918335	11.3972822825114	-7.85868752002717	0.080114257335663	4.46522840035501
sub-57953	E77	DI10	100	0.178	0.278	0.302	0.402	0.252	-1.4693318605423	0.384	0.689862489700317	16.3575329563834	-0.68781433105469	0.0377278888225556	0.967040272716482
sub-57953	E77	DIN6	60	0.178	0.278	0.302	0.402	0.18	1.67193627357483	0.364	1.91995644569397	1.34793571803881	-0.68781433105469	0.0377278888225556	0.967040272716482
sub-57953	E77	DIN7	70	0.178	0.278	0.302	0.402	0.224	-1.94956791400909	0.348	1.23784351348877	25.7049308669183	-0.68781433105469	0.0377278888225556	0.967040272716482
sub-57953	E77	DIN8	80	0.178	0.278	0.302	0.402	0.212	-1.58503031730652	0.4	1.33457565307617	15.5298189913973	-0.68781433105469	0.0377278888225556	0.967040272716482
sub-57953	E77	DIN9	90	0.178	0.278	0.302	0.402	0.248	-2.11381387710571	0.392	1.02403807640076	21.7906385660171	-0.68781433105469	0.0377278888225556	0.967040272716482
sub-57953	E78	DI10	100	0.178	0.278	0.302	0.402	0.216	-4.00002431869507	0.352	2.12560796737671	45.0414138681748	-25.578274512291	0.332838300466538	1.52905238785105
sub-57953	E78	DIN6	60	0.178	0.278	0.302	0.402	0.236	2.97818922996521	0.364	-4.23759937286377	-56.3733484596014	-25.578274512291	0.332838300466538	1.52905238785105
sub-57953	E78	DIN7	70	0.178	0.278	0.302	0.402	0.2	-2.17917442321777	0.396	-2.63572359085083	-2.32933248792376	-25.578274512291	0.332838300466538	1.52905238785105
sub-57953	E78	DIN8	80	0.178	0.278	0.302	0.402	0.272	-3.1198513507843	0.38	-2.473637342453	5.98346304010462	-25.578274512291	0.332838300466538	1.52905238785105
sub-57953	E78	DIN9	90	0.178	0.278	0.302	0.402	0.252	-4.15312767028809	0.4	1.99131143093109	41.5164804136431	-25.578274512291	0.332838300466538	1.52905238785105
sub-57953	E79	DI10	100	0.178	0.278	0.302	0.402	0.216	-7.16148471832275	0.336	2.7252836227417	82.3897361755371	-40.0991365432739	0.494994158744812	3.19247116922272
sub-57953	E79	DIN6	60	0.178	0.278	0.302	0.402	0.236	5.42410278320312	0.364	-8.61734104156494	-109.698779881001	-40.0991365432739	0.494994158744812	3.19247116922272
sub-57953	E79	DIN7	70	0.178	0.278	0.302	0.402	0.2	-4.97492790222168	0.376	-5.15136289596558	-1.00247155536305	-40.0991365432739	0.494994158744812	3.19247116922272
sub-57953	E79	DIN8	80	0.178	0.278	0.302	0.402	0.272	-5.15213394165039	0.38	-4.78559923171997	3.39383990676315	-40.0991365432739	0.494994158744812	3.19247116922272
sub-57953	E79	DIN9	90	0.178	0.278	0.302	0.402	0.252	-6.47062969207764	0.336	-5.00407314300537	17.4590065365746	-40.0991365432739	0.494994158744812	3.19247116922272
sub-57953	E80	DI10	100	0.178	0.278	0.302	0.402	0.204	-7.68420934677124	0.316	7.15580701828003	132.500146116529	9.8647303581238	-0.0368393898010257	7.09090880317451
sub-57953	E80	DIN6	60	0.178	0.278	0.302	0.402	0.204	-6.86811780929565	0.388	9.49531936645508	88.931723781254	9.8647303581238	-0.0368393898010257	7.09090880317451
sub-57953	E80	DIN7	70	0.178	0.278	0.302	0.402	0.264	7.59314966201782	0.34	9.09358692169189	19.7425955220273	9.8647303581238	-0.0368393898010257	7.09090880317451
sub-57953	E80	DIN8	80	0.178	0.278	0.302	0.402	0.228	-6.71281623840332	0.368	-5.69215106964111	7.29046549115862	9.8647303581238	-0.0368393898010257	7.09090880317451
sub-57953	E80	DIN9	90	0.178	0.278	0.302	0.402	0.2	6.79971170425415	0.4	7.66305160522461	4.31669950485229	9.8647303581238	-0.0368393898010257	7.09090880317451
sub-57953	E81	DI10	100	0.178	0.278	0.302	0.402	0.204	-7.83735179901123	0.316	6.9257230758667	131.813168525696	11.7803838729859	-0.0360255432128908	6.2775314190197
sub-57953	E81	DIN6	60	0.178	0.278	0.302	0.402	0.204	-6.82091474533081	0.388	8.7390251159668	84.5648905505305	11.7803838729859	-0.0360255432128908	6.2775314190197
sub-57953	E81	DIN7	70	0.178	0.278	0.302	0.402	0.264	6.73862409591675	0.34	9.1684045791626	31.9707958321822	11.7803838729859	-0.0360255432128908	6.2775314190197
sub-57953	E81	DIN8	80	0.178	0.278	0.302	0.402	0.228	-6.00329446792603	0.336	5.31465625762939	104.795840051439	11.7803838729859	-0.0360255432128908	6.2775314190197
sub-57953	E81	DIN9	90	0.178	0.278	0.302	0.402	0.2	7.37189340591431	0.4	7.79284954071045	2.10478067398071	11.7803838729859	-0.0360255432128908	6.2775314190197
sub-57953	E82	DI10	100	0.178	0.278	0.302	0.402	0.216	8.86022281646729	0.38	4.47290420532227	-26.7519427508843	6.14490141868591	-0.096122190952301	1.60230535978418
sub-57953	E82	DIN6	60	0.178	0.278	0.302	0.402	0.26	8.37716579437256	0.364	9.39116382598877	9.7499810732328	6.14490141868591	-0.096122190952301	1.60230535978418
sub-57953	E82	DIN7	70	0.178	0.278	0.302	0.402	0.184	-3.68315529823303	0.34	-6.78651809692383	-19.8933512736589	6.14490141868591	-0.096122190952301	1.60230535978418
sub-57953	E82	DIN8	80	0.178	0.278	0.302	0.402	0.196	-5.21772050857544	0.356	-4.55245780944824	4.15789186954498	6.14490141868591	-0.096122190952301	1.60230535978418
sub-57953	E82	DIN9	90	0.178	0.278	0.302	0.402	0.252	6.71859884262085	0.336	4.80565023422241	-22.773197719029	6.14490141868591	-0.096122190952301	1.60230535978418
sub-57953	E83	DI10	100	0.178	0.278	0.302	0.402	0.18	-2.89411544799805	0.368	-2.15538167953491	3.9294349386337	-3.90565989017486	0.0307367777824401	1.67663404433946
sub-57953	E83	DIN6	60	0.178	0.278	0.302	0.402	0.256	-2.05784893035889	0.364	-3.6799898147583	-15.0198230036983	-3.90565989017486	0.0307367777824401	1.67663404433946
sub-57953	E83	DIN7	70	0.178	0.278	0.302	0.402	0.232	2.59685444831848	0.312	2.42133808135986	-2.19395458698273	-3.90565989017486	0.0307367777824401	1.67663404433946
sub-57953	E83	DIN8	80	0.178	0.278	0.302	0.402	0.256	2.49596333503723	0.328	-1.85511362552643	-60.431624452273	-3.90565989017486	0.0307367777824401	1.67663404433946
sub-57953	E83	DIN9	90	0.178	0.278	0.302	0.402	0.228	3.40901303291321	0.368	1.58542513847351	-13.0256278174264	-3.90565989017486	0.0307367777824401	1.67663404433946
sub-57953	E84	DI10	100	0.178	0.278	0.302	0.402	0.244	4.25834369659424	0.368	-2.40369844436646	-53.7261462980701	4.49243621826172	-0.0948881387710571	2.24344760379411
sub-57953	E84	DIN6	60	0.178	0.278	0.302	0.402	0.252	-3.31344747543335	0.364	-6.17761421203613	-25.5729172910963	4.49243621826172	-0.0948881387710571	2.24344760379411
sub-57953	E84	DIN7	70	0.178	0.278	0.302	0.402	0.24	2.68695187568665	0.312	3.27395486831665	8.1528193420834	4.49243621826172	-0.0948881387710571	2.24344760379411
sub-57953	E84	DIN8	80	0.178	0.278	0.302	0.402	0.256	2.98272085189819	0.328	-2.26508760452271	-72.8862285614014	4.49243621826172	-0.0948881387710571	2.24344760379411
sub-57953	E84	DIN9	90	0.178	0.278	0.302	0.402	0.228	3.71395373344421	0.368	2.40789365768433	-9.32900054114206	4.49243621826172	-0.0948881387710571	2.24344760379411
sub-57953	E85	DI10	100	0.178	0.278	0.302	0.402	0.26	-4.10651063919067	0.308	-4.2402286529541	-2.78579195340475	-5.11876695156098	0.0694363641738893	2.13024153711398
sub-57953	E85	DIN6	60	0.178	0.278	0.302	0.402	0.256	-2.85320734977722	0.364	-5.79343414306641	-27.224322160085	-5.11876695156098	0.0694363641738893	2.13024153711398
sub-57953	E85	DIN7	70	0.178	0.278	0.302	0.402	0.2	-2.62691211700439	0.364	-2.81282424926758	-1.13361056258039	-5.11876695156098	0.0694363641738893	2.13024153711398
sub-57953	E85	DIN8	80	0.178	0.278	0.302	0.402	0.272	-2.31039786338806	0.356	1.98546326160431	51.1412038689568	-5.11876695156098	0.0694363641738893	2.13024153711398
sub-57953	E85	DIN9	90	0.178	0.278	0.302	0.402	0.252	-3.71891164779663	0.336	-2.57420492172241	13.6274610246931	-5.11876695156098	0.0694363641738893	2.13024153711398
sub-57953	E86	DI10	100	0.178	0.278	0.302	0.402	0.216	-3.17583894729614	0.376	-2.13027095794678	6.53479993343353	-12.9976037025452	0.172472503185272	4.4213040268432
sub-57953	E86	DIN6	60	0.178	0.278	0.302	0.402	0.236	3.35693264007568	0.364	-5.51715612411499	-69.3288184702396	-12.9976037025452	0.172472503185272	4.4213040268432
sub-57953	E86	DIN7	70	0.178	0.278	0.302	0.402	0.2	-2.19704079627991	0.388	2.6679470539093	25.8775949478149	-12.9976037025452	0.172472503185272	4.4213040268432
sub-57953	E86	DIN8	80	0.178	0.278	0.302	0.402	0.272	-2.58551454544067	0.32	2.10607647895813	97.7414796749751	-12.9976037025452	0.172472503185272	4.4213040268432
sub-57953	E86	DIN9	90	0.178	0.278	0.302	0.402	0.252	-4.46934843063354	0.316	-2.19642376899719	35.514447838068	-12.9976037025452	0.172472503185272	4.4213040268432
sub-57953	E87	DI10	100	0.178	0.278	0.302	0.402	0.244	3.00330829620361	0.352	2.7818295955658	-2.05072870960942	-1.69696698188783	0.0383946037292481	2.19883696841863
sub-57953	E87	DIN6	60	0.178	0.278	0.302	0.402	0.2	-2.8403012752533	0.364	-3.36668872833252	-3.20967959194649	-1.69696698188783	0.0383946037292481	2.19883696841863
sub-57953	E87	DIN7	70	0.178	0.278	0.302	0.402	0.2	-2.76459264755249	0.364	-3.14267873764038	-2.3054029883408	-1.69696698188783	0.0383946037292481	2.19883696841863
sub-57953	E87	DIN8	80	0.178	0.278	0.302	0.402	0.272	-2.4819061756134	0.32	2.66549587249756	107.237542668978	-1.69696698188783	0.0383946037292481	2.19883696841863
sub-57953	E87	DIN9	90	0.178	0.278	0.302	0.402	0.252	-5.01599740982056	0.352	-2.16444063186646	28.515567779541	-1.69696698188783	0.0383946037292481	2.19883696841863
sub-57953	E88	DI10	100	0.178	0.278	0.302	0.402	0.216	-7.96310186386108	0.352	2.83140277862549	79.3713576653425	-50.7777514457703	0.617192296981812	4.70427013660405
sub-57953	E88	DIN6	60	0.178	0.278	0.302	0.402	0.236	7.32654809951782	0.364	-12.2380514144897	-152.848433703184	-50.7777514457703	0.617192296981812	4.70427013660405
sub-57953	E88	DIN7	70	0.178	0.278	0.302	0.402	0.2	-6.09554624557495	0.376	-6.32192754745483	-1.28625739704479	-50.7777514457703	0.617192296981812	4.70427013660405
sub-57953	E88	DIN8	80	0.178	0.278	0.302	0.402	0.272	-6.77179336547852	0.38	-5.56179571151733	11.2036819811221	-50.7777514457703	0.617192296981812	4.70427013660405
sub-57953	E88	DIN9	90	0.178	0.278	0.302	0.402	0.252	-8.18641471862793	0.336	-7.41177463531494	9.22190575372605	-50.7777514457703	0.617192296981812	4.70427013660405
sub-57953	E89	DI10	100	0.178	0.278	0.302	0.402	0.204	-7.69683933258057	0.316	7.31620979309082	134.045081479209	11.1236293792725	-0.0487492895126346	7.30575297184825
sub-57953	E89	DIN6	60	0.178	0.278	0.302	0.402	0.204	-7.06920146942139	0.388	10.2467012405396	94.1081669019616	11.1236293792725	-0.0487492895126346	7.30575297184825
sub-57953	E89	DIN7	70	0.178	0.278	0.302	0.402	0.264	7.43709468841553	0.34	8.9638032913208	20.0882710908589	11.1236293792725	-0.0487492895126346	7.30575297184825
sub-57953	E89	DIN8	80	0.178	0.278	0.302	0.402	0.228	-6.91666078567505	0.368	-5.911376953125	7.18059880392892	11.1236293792725	-0.0487492895126346	7.30575297184825
sub-57953	E89	DIN9	90	0.178	0.278	0.302	0.402	0.2	6.64489889144897	0.4	7.90238571166992	6.28743410110474	11.1236293792725	-0.0487492895126346	7.30575297184825
sub-57953	E90	DI10	100	0.178	0.278	0.302	0.402	0.204	-7.95985746383667	0.316	6.89386415481567	132.622514452253	10.9608952522278	-0.0490587425231936	7.10854000509181
sub-57953	E90	DIN6	60	0.178	0.278	0.302	0.402	0.18	-7.27450752258301	0.388	9.33434009552002	79.8502289331876	10.9608952522278	-0.0490587425231936	7.10854000509181
sub-57953	E90	DIN7	70	0.178	0.278	0.302	0.402	0.264	6.9905219078064	0.34	9.22616577148438	29.4163666273418	10.9608952522278	-0.0490587425231936	7.10854000509181
sub-57953	E90	DIN8	80	0.178	0.278	0.302	0.402	0.228	-6.34281635284424	0.368	-5.70007181167603	4.59103243691581	10.9608952522278	-0.0490587425231936	7.10854000509181
sub-57953	E90	DIN9	90	0.178	0.278	0.302	0.402	0.2	7.45710229873657	0.4	8.29712390899658	4.20010805130005	10.9608952522278	-0.0490587425231936	7.10854000509181
sub-57953	E91	DI10	100	0.178	0.278	0.302	0.402	0.216	6.57938385009766	0.336	-2.77852416038513	-77.9825667540232	11.05283370018	-0.117806277275085	6.50522174496063
sub-57953	E91	DIN6	60	0.178	0.278	0.302	0.402	0.204	5.85928440093994	0.364	6.87700462341309	6.36075139045715	11.05283370018	-0.117806277275085	6.50522174496063
sub-57953	E91	DIN7	70	0.178	0.278	0.302	0.402	0.232	3.85537028312683	0.308	3.06898856163025	-10.3471279144287	11.05283370018	-0.117806277275085	6.50522174496063
sub-57953	E91	DIN8	80	0.178	0.278	0.302	0.402	0.196	-4.65590620040894	0.368	4.42807388305664	52.8138376945673	11.05283370018	-0.117806277275085	6.50522174496063
sub-57953	E91	DIN9	90	0.178	0.278	0.302	0.402	0.188	-4.14673137664795	0.336	4.03751564025879	55.2989663304509	11.05283370018	-0.117806277275085	6.50522174496063
sub-57953	E92	DI10	100	0.178	0.278	0.302	0.402	0.216	4.55965900421143	0.336	-2.4710841178894	-58.5895260175069	3.05195245742796	-0.0384225177764891	5.37552780389018
sub-57953	E92	DIN6	60	0.178	0.278	0.302	0.402	0.204	3.78682041168213	0.364	3.8558087348938	0.431177020072937	3.05195245742796	-0.0384225177764891	5.37552780389018
sub-57953	E92	DIN7	70	0.178	0.278	0.302	0.402	0.232	2.51984620094299	0.34	-2.50515484809875	-46.5277874911273	3.05195245742796	-0.0384225177764891	5.37552780389018
sub-57953	E92	DIN8	80	0.178	0.278	0.302	0.402	0.196	-3.20228433609009	0.368	3.34301662445068	38.0540753519812	3.05195245742796	-0.0384225177764891	5.37552780389018
sub-57953	E92	DIN9	90	0.178	0.278	0.302	0.402	0.188	-2.65062856674194	0.336	2.68158149719238	36.0284463779346	3.05195245742796	-0.0384225177764891	5.37552780389018
sub-57953	E93	DI10	100	0.178	0.278	0.302	0.402	0.22	2.96413016319275	0.316	-2.12097787857056	-52.9698754350344	-4.85974878072739	0.0146422082185746	1.89249521488596
sub-57953	E93	DIN6	60	0.178	0.278	0.302	0.402	0.204	2.50763940811157	0.324	-2.70239639282227	-43.416965007782	-4.85974878072739	0.0146422082185746	1.89249521488596
sub-57953	E93	DIN7	70	0.178	0.278	0.302	0.402	0.232	2.74253296852112	0.344	-1.88912689685822	-41.3541059408869	-4.85974878072739	0.0146422082185746	1.89249521488596
sub-57953	E93	DIN8	80	0.178	0.278	0.302	0.402	0.244	2.2214617729187	0.368	2.123699426651	-0.788406018287905	-4.85974878072739	0.0146422082185746	1.89249521488596
sub-57953	E93	DIN9	90	0.178	0.278	0.302	0.402	0.228	2.43749499320984	0.348	-0.979799568653107	-28.4774546821912	-4.85974878072739	0.0146422082185746	1.89249521488596
sub-57953	E94	DI10	100	0.178	0.278	0.302	0.402	0.18	-2.93912863731384	0.368	-2.75524520874023	0.97810334347664	-0.0627224445342967	-0.0159620678424836	1.72178571191694
sub-57953	E94	DIN6	60	0.178	0.278	0.302	0.402	0.252	-2.33605146408081	0.364	-3.62510180473328	-11.5093780415399	-0.0627224445342967	-0.0159620678424836	1.72178571191694
sub-57953	E94	DIN7	70	0.178	0.278	0.302	0.402	0.24	2.53100776672363	0.312	2.4192225933075	-1.55257185300191	-0.0627224445342967	-0.0159620678424836	1.72178571191694
sub-57953	E94	DIN8	80	0.178	0.278	0.302	0.402	0.24	2.5930347442627	0.372	1.76540696620941	-6.26990740949457	-0.0627224445342967	-0.0159620678424836	1.72178571191694
sub-57953	E94	DIN9	90	0.178	0.278	0.302	0.402	0.228	3.19139623641968	0.348	-1.46246325969696	-38.7821624676387	-0.0627224445342967	-0.0159620678424836	1.72178571191694
sub-57953	E95	DI10	100	0.178	0.278	0.302	0.402	0.192	-3.39106631278992	0.368	-2.54969167709351	4.78053770282052	-4.84330577850342	0.0415686392784118	1.96831990043026
sub-57953	E95	DIN6	60	0.178	0.278	0.302	0.402	0.252	-3.40623259544373	0.364	-5.67637348175049	-20.2691150563104	-4.84330577850342	0.0415686392784118	1.96831990043026
sub-57953	E95	DIN7	70	0.178	0.278	0.302	0.402	0.24	2.80820298194885	0.312	3.20043754577637	5.44770227538215	-4.84330577850342	0.0415686392784118	1.96831990043026
sub-57953	E95	DIN8	80	0.178	0.278	0.302	0.402	0.256	2.55483341217041	0.328	-2.32377552986145	-67.7584575282203	-4.84330577850342	0.0415686392784118	1.96831990043026
sub-57953	E95	DIN9	90	0.178	0.278	0.302	0.402	0.228	3.79889488220215	0.368	2.1249623298645	-11.956661088126	-4.84330577850342	0.0415686392784118	1.96831990043026
sub-57953	E96	DI10	100	0.178	0.278	0.302	0.402	0.192	-2.67349529266357	0.376	-3.00110387802124	-1.78048144216123	-5.08191232681275	0.0587007093429566	1.02400325351718
sub-57953	E96	DIN6	60	0.178	0.278	0.302	0.402	0.256	-3.1240119934082	0.364	-5.86936616897583	-25.4199460700706	-5.08191232681275	0.0587007093429566	1.02400325351718
sub-57953	E96	DIN7	70	0.178	0.278	0.302	0.402	0.2	-2.51046848297119	0.364	-2.2773802280426	1.42126984712554	-5.08191232681275	0.0587007093429566	1.02400325351718
sub-57953	E96	DIN8	80	0.178	0.278	0.302	0.402	0.256	2.4149112701416	0.356	2.05783987045288	-3.57071399688721	-5.08191232681275	0.0587007093429566	1.02400325351718
sub-57953	E96	DIN9	90	0.178	0.278	0.302	0.402	0.252	-3.62780904769897	0.336	-2.36014103889465	15.0912858190991	-5.08191232681275	0.0587007093429566	1.02400325351718
sub-57953	E97	DI10	100	0.178	0.278	0.302	0.402	0.244	3.58847570419312	0.352	2.63029336929321	-8.87205865648058	-4.66645367145539	0.0638855934143067	2.58090373047484
sub-57953	E97	DIN6	60	0.178	0.278	0.302	0.402	0.252	-3.1214611530304	0.364	-6.49843072891235	-30.1515140703746	-4.66645367145539	0.0638855934143067	2.58090373047484
sub-57953	E97	DIN7	70	0.178	0.278	0.302	0.402	0.2	-2.72314143180847	0.364	-2.63689565658569	0.525888873309624	-4.66645367145539	0.0638855934143067	2.58090373047484
sub-57953	E97	DIN8	80	0.178	0.278	0.302	0.402	0.276	-2.87888264656067	0.32	1.95476186275482	109.855557029898	-4.66645367145539	0.0638855934143067	2.58090373047484
sub-57953	E97	DIN9	90	0.178	0.278	0.302	0.402	0.252	-4.49515438079834	0.336	-2.85792374610901	19.4908408891587	-4.66645367145539	0.0638855934143067	2.58090373047484
sub-57953	E98	DI10	100	0.178	0.278	0.302	0.402	0.244	4.93800926208496	0.376	-2.82846331596375	-58.836913470066	-10.0486861228943	0.0835132265090945	5.07964569237357
sub-57953	E98	DIN6	60	0.178	0.278	0.302	0.402	0.236	4.12139320373535	0.364	-7.26431369781494	-88.9508351683617	-10.0486861228943	0.0835132265090945	5.07964569237357
sub-57953	E98	DIN7	70	0.178	0.278	0.302	0.402	0.2	-4.29267358779907	0.376	-4.31456851959229	-0.124403021552346	-10.0486861228943	0.0835132265090945	5.07964569237357
sub-57953	E98	DIN8	80	0.178	0.278	0.302	0.402	0.272	-4.17933893203735	0.328	-2.93436360359192	22.2317022936685	-10.0486861228943	0.0835132265090945	5.07964569237357
sub-57953	E98	DIN9	90	0.178	0.278	0.302	0.402	0.252	-5.0646915435791	0.336	-3.97373247146606	12.9876080013457	-10.0486861228943	0.0835132265090945	5.07964569237357
sub-57953	E99	DI10	100	0.178	0.278	0.302	0.402	0.216	-7.4172511100769	0.336	3.27128076553345	89.0710989634196	-52.1807607650757	0.6341144323349	4.54459947151879
sub-57953	E99	DIN6	60	0.178	0.278	0.302	0.402	0.236	7.26716375350952	0.364	-12.6617879867554	-155.694935470819	-52.1807607650757	0.6341144323349	4.54459947151879
sub-57953	E99	DIN7	70	0.178	0.278	0.302	0.402	0.2	-6.41847085952759	0.376	-7.21503925323486	-4.5259567824277	-52.1807607650757	0.6341144323349	4.54459947151879
sub-57953	E99	DIN8	80	0.178	0.278	0.302	0.402	0.272	-6.19243431091309	0.368	-4.79338455200195	14.5734349886576	-52.1807607650757	0.6341144323349	4.54459947151879
sub-57953	E99	DIN9	90	0.178	0.278	0.302	0.402	0.204	-8.08635902404785	0.336	-6.70645141601562	10.4538455153957	-52.1807607650757	0.6341144323349	4.54459947151879
sub-57953	E100	DI10	100	0.178	0.278	0.302	0.402	0.204	-7.7333607673645	0.336	7.18575382232666	113.023595376448	12.1009524345398	-0.0606802797317507	7.63955515296977
sub-57953	E100	DIN6	60	0.178	0.278	0.302	0.402	0.204	-7.61928033828735	0.388	10.5806083679199	98.9124386206917	12.1009524345398	-0.0606802797317507	7.63955515296977
sub-57953	E100	DIN7	70	0.178	0.278	0.302	0.402	0.264	7.88032388687134	0.34	9.05610847473145	15.4708498402646	12.1009524345398	-0.0606802797317507	7.63955515296977
sub-57953	E100	DIN8	80	0.178	0.278	0.302	0.402	0.228	-6.80480527877808	0.368	-6.53624773025513	1.91826820373535	12.1009524345398	-0.0606802797317507	7.63955515296977
sub-57953	E100	DIN9	90	0.178	0.278	0.302	0.402	0.276	6.89468860626221	0.4	8.56399345397949	13.4621358686878	12.1009524345398	-0.0606802797317507	7.63955515296977
sub-57953	E101	DI10	100	0.178	0.278	0.302	0.402	0.204	-8.97367668151855	0.336	8.46807765960693	132.134502584284	15.9453543663025	-0.0913746643066408	9.18724153084252
sub-57953	E101	DIN6	60	0.178	0.278	0.302	0.402	0.18	-9.6090259552002	0.388	12.6008777618408	106.778383255005	15.9453543663025	-0.0913746643066408	9.18724153084252
sub-57953	E101	DIN7	70	0.178	0.278	0.302	0.402	0.264	8.63789749145508	0.34	10.1150283813477	19.4359327617444	15.9453543663025	-0.0913746643066408	9.18724153084252
sub-57953	E101	DIN8	80	0.178	0.278	0.302	0.402	0.228	-7.51537895202637	0.368	-7.34322500228882	1.22967106955392	15.9453543663025	-0.0913746643066408	9.18724153084252
sub-57953	E101	DIN9	90	0.178	0.278	0.302	0.402	0.2	8.00014019012451	0.4	9.87610340118408	9.37981605529785	15.9453543663025	-0.0913746643066408	9.18724153084252
sub-57953	E102	DI10	100	0.178	0.278	0.302	0.402	0.216	3.75162982940674	0.316	-2.12719678878784	-58.7882661819458	-1.99346551895143	0.0016232824325563	3.96773526158218
sub-57953	E102	DIN6	60	0.178	0.278	0.302	0.402	0.204	3.00055932998657	0.324	-3.01143550872803	-50.0999569892883	-1.99346551895143	0.0016232824325563	3.96773526158218
sub-57953	E102	DIN7	70	0.178	0.278	0.302	0.402	0.232	2.91412329673767	0.308	1.85879576206207	-13.8858886141526	-1.99346551895143	0.0016232824325563	3.96773526158218
sub-57953	E102	DIN8	80	0.178	0.278	0.302	0.402	0.196	-2.34292459487915	0.368	2.44454550743103	27.8341285018034	-1.99346551895143	0.0016232824325563	3.96773526158218
sub-57953	E102	DIN9	90	0.178	0.278	0.302	0.402	0.224	2.48294687271118	0.304	1.32361114025116	-14.4916966557503	-1.99346551895143	0.0016232824325563	3.96773526158218
sub-57953	E103	DI10	100	0.178	0.278	0.302	0.402	0.224	3.25250887870789	0.368	-2.04794907569885	-36.8087357944912	5.78876588344574	-0.0930421328544616	1.49276126423694
sub-57953	E103	DIN6	60	0.178	0.278	0.302	0.402	0.252	-2.07636904716492	0.324	-2.90033626556396	-11.4439891444312	5.78876588344574	-0.0930421328544616	1.49276126423694
sub-57953	E103	DIN7	70	0.178	0.278	0.302	0.402	0.232	2.99589967727661	0.312	1.73503601551056	-15.7607957720757	5.78876588344574	-0.0930421328544616	1.49276126423694
sub-57953	E103	DIN8	80	0.178	0.278	0.302	0.402	0.184	-2.42759418487549	0.328	-1.70323359966278	5.03028184175491	5.78876588344574	-0.0930421328544616	1.49276126423694
sub-57953	E103	DIN9	90	0.178	0.278	0.302	0.402	0.228	3.3472626209259	0.364	1.73516714572906	-11.8536431999768	5.78876588344574	-0.0930421328544616	1.49276126423694
sub-57953	E104	DI10	100	0.178	0.278	0.302	0.402	0.18	-3.0314416885376	0.368	-2.78220272064209	1.32573919093355	-1.88797006607055	0.0110634958744049	0.829894740709013
sub-57953	E104	DIN6	60	0.178	0.278	0.302	0.402	0.252	-2.38092184066772	0.364	-3.57287549972534	-10.642443384443	-1.88797006607055	0.0110634958744049	0.829894740709013
sub-57953	E104	DIN7	70	0.178	0.278	0.302	0.402	0.236	2.62894725799561	0.312	2.12186002731323	-6.67220040371543	-1.88797006607055	0.0110634958744049	0.829894740709013
sub-57953	E104	DIN8	80	0.178	0.278	0.302	0.402	0.248	3.13112235069275	0.372	1.84959518909454	-10.3348964645017	-1.88797006607055	0.0110634958744049	0.829894740709013
sub-57953	E104	DIN9	90	0.178	0.278	0.302	0.402	0.228	3.88249254226685	0.368	1.59936964511871	-16.3080206939152	-1.88797006607055	0.0110634958744049	0.829894740709013
sub-57953	E105	DI10	100	0.178	0.278	0.302	0.402	0.18	-3.27387285232544	0.368	-3.02870726585388	1.30407226846573	-3.9929737329483	0.0267797601222991	1.94439493517687
sub-57953	E105	DIN6	60	0.178	0.278	0.302	0.402	0.252	-2.19199347496033	0.364	-4.60865354537964	-21.5773220573153	-3.9929737329483	0.0267797601222991	1.94439493517687
sub-57953	E105	DIN7	70	0.178	0.278	0.302	0.402	0.24	2.76977491378784	0.312	3.06304287910461	4.07316618495517	-3.9929737329483	0.0267797601222991	1.94439493517687
sub-57953	E105	DIN8	80	0.178	0.278	0.302	0.402	0.256	2.75748419761658	0.328	-2.26484656333923	-69.754593902164	-3.9929737329483	0.0267797601222991	1.94439493517687
sub-57953	E105	DIN9	90	0.178	0.278	0.302	0.402	0.228	4.13553285598755	0.364	1.7831255197525	-17.2971127664342	-3.9929737329483	0.0267797601222991	1.94439493517687
sub-57953	E106	DI10	100	0.178	0.278	0.302	0.402	0.192	-2.67413687705994	0.368	-2.98618149757385	-1.77298079837452	-0.538407993316651	0.00530205726623536	3.15086910876941
sub-57953	E106	DIN6	60	0.178	0.278	0.302	0.402	0.252	-3.07479572296143	0.364	-5.13002395629883	-18.3502520833697	-0.538407993316651	0.00530205726623536	3.15086910876941
sub-57953	E106	DIN7	70	0.178	0.278	0.302	0.402	0.2	-2.23521494865417	0.312	2.42248106002808	41.5865715060915	-0.538407993316651	0.00530205726623536	3.15086910876941
sub-57953	E106	DIN8	80	0.178	0.278	0.302	0.402	0.256	2.49480295181274	0.328	-2.06837177276611	-63.3774267302619	-0.538407993316651	0.00530205726623536	3.15086910876941
sub-57953	E106	DIN9	90	0.178	0.278	0.302	0.402	0.252	-3.51262426376343	0.316	-1.81108975410461	26.586476713419	-0.538407993316651	0.00530205726623536	3.15086910876941
sub-57953	E107	DI10	100	0.178	0.278	0.302	0.402	0.18	-3.10048198699951	0.376	-3.21323823928833	-0.575287001473563	-1.59327335357666	0.0291829037666321	2.63595712911867
sub-57953	E107	DIN6	60	0.178	0.278	0.302	0.402	0.252	-2.70557403564453	0.364	-6.03390693664551	-29.7172580446516	-1.59327335357666	0.0291829037666321	2.63595712911867
sub-57953	E107	DIN7	70	0.178	0.278	0.302	0.402	0.2	-2.37728714942932	0.312	2.58332490921021	44.2911790949958	-1.59327335357666	0.0291829037666321	2.63595712911867
sub-57953	E107	DIN8	80	0.178	0.278	0.302	0.402	0.272	-2.7801821231842	0.328	-2.04065942764282	13.2057624203818	-1.59327335357666	0.0291829037666321	2.63595712911867
sub-57953	E107	DIN9	90	0.178	0.278	0.302	0.402	0.252	-3.77241277694702	0.336	-2.3246636390686	17.2351087842669	-1.59327335357666	0.0291829037666321	2.63595712911867
sub-57953	E108	DI10	100	0.178	0.278	0.302	0.402	0.244	6.58938312530518	0.352	3.87992095947266	-25.0876126465974	-23.0746208190918	0.249159770011902	4.64566409696091
sub-57953	E108	DIN6	60	0.178	0.278	0.302	0.402	0.236	5.00065803527832	0.364	-9.50217819213867	-113.303408026695	-23.0746208190918	0.249159770011902	4.64566409696091
sub-57953	E108	DIN7	70	0.178	0.278	0.302	0.402	0.2	-4.22667169570923	0.376	-4.46916103363037	-1.3777803290974	-23.0746208190918	0.249159770011902	4.64566409696091
sub-57953	E108	DIN8	80	0.178	0.278	0.302	0.402	0.188	-4.18126106262207	0.328	-3.52240896224976	4.70608643123082	-23.0746208190918	0.249159770011902	4.64566409696091
sub-57953	E108	DIN9	90	0.178	0.278	0.302	0.402	0.204	-6.72105026245117	0.336	-5.63431072235107	8.23287530378862	-23.0746208190918	0.249159770011902	4.64566409696091
sub-57953	E109	DI10	100	0.178	0.278	0.302	0.402	0.244	8.15515327453613	0.368	-4.60935306549072	-102.939567258281	-13.2167245864868	0.0657291889190678	12.2968534279705
sub-57953	E109	DIN6	60	0.178	0.278	0.302	0.402	0.236	7.19852781295776	0.364	-16.4190769195557	-184.512536972761	-13.2167245864868	0.0657291889190678	12.2968534279705
sub-57953	E109	DIN7	70	0.178	0.278	0.302	0.402	0.2	-6.3151216506958	0.376	-6.1826548576355	0.752652233297175	-13.2167245864868	0.0657291889190678	12.2968534279705
sub-57953	E109	DIN8	80	0.178	0.278	0.302	0.402	0.272	-5.81882858276367	0.356	5.63967943191528	136.410809698559	-13.2167245864868	0.0657291889190678	12.2968534279705
sub-57953	E109	DIN9	90	0.178	0.278	0.302	0.402	0.188	7.63441324234009	0.336	-7.36639785766602	-101.356831756798	-13.2167245864868	0.0657291889190678	12.2968534279705
sub-57953	E110	DI10	100	0.178	0.278	0.302	0.402	0.232	9.48436260223389	0.336	8.30171298980713	-11.3716308887188	55.5582178115845	-0.648048334121704	10.5289727550503
sub-57953	E110	DIN6	60	0.178	0.278	0.302	0.402	0.204	-8.72349166870117	0.388	13.361668586731	120.028044866479	55.5582178115845	-0.648048334121704	10.5289727550503
sub-57953	E110	DIN7	70	0.178	0.278	0.302	0.402	0.264	9.56385040283203	0.34	9.90697765350342	4.51483224567614	55.5582178115845	-0.648048334121704	10.5289727550503
sub-57953	E110	DIN8	80	0.178	0.278	0.302	0.402	0.228	-7.50803279876709	0.352	7.74417114257812	123.001644688268	55.5582178115845	-0.648048334121704	10.5289727550503
sub-57953	E110	DIN9	90	0.178	0.278	0.302	0.402	0.276	8.40524864196777	0.336	-9.52083778381348	-298.768107096354	55.5582178115845	-0.648048334121704	10.5289727550503
sub-57953	E111	DI10	100	0.178	0.278	0.302	0.402	0.224	3.40343618392944	0.368	-3.17375135421753	-45.674913459354	8.35726096630096	-0.136840699911118	0.980916196774689
sub-57953	E111	DIN6	60	0.178	0.278	0.302	0.402	0.252	-2.78123831748962	0.324	-3.44016575813293	-9.15177000893487	8.35726096630096	-0.136840699911118	0.980916196774689
sub-57953	E111	DIN7	70	0.178	0.278	0.302	0.402	0.22	3.31237387657166	0.312	1.96782159805298	-14.6146986795508	8.35726096630096	-0.136840699911118	0.980916196774689
sub-57953	E111	DIN8	80	0.178	0.278	0.302	0.402	0.244	3.19203400611877	0.384	2.01482820510864	-8.40861286435808	8.35726096630096	-0.136840699911118	0.980916196774689
sub-57953	E111	DIN9	90	0.178	0.278	0.302	0.402	0.228	4.47844219207764	0.364	1.28634011745453	-23.4713387839934	8.35726096630096	-0.136840699911118	0.980916196774689
sub-57953	E112	DI10	100	0.178	0.278	0.302	0.402	0.224	3.08168411254883	0.368	-3.08074712753296	-42.7946613894569	-2.19801280498505	-0.016580684185028	2.23907755043649
sub-57953	E112	DIN6	60	0.178	0.278	0.302	0.402	0.208	2.4860782623291	0.364	-3.72775864601135	-39.8322878739773	-2.19801280498505	-0.016580684185028	2.23907755043649
sub-57953	E112	DIN7	70	0.178	0.278	0.302	0.402	0.22	3.10664844512939	0.312	2.08554100990295	-11.098993861157	-2.19801280498505	-0.016580684185028	2.23907755043649
sub-57953	E112	DIN8	80	0.178	0.278	0.302	0.402	0.244	3.22477245330811	0.384	1.78179752826691	-10.3069637502943	-2.19801280498505	-0.016580684185028	2.23907755043649
sub-57953	E112	DIN9	90	0.178	0.278	0.302	0.402	0.228	4.2258882522583	0.368	1.44390106201172	-19.8713370731899	-2.19801280498505	-0.016580684185028	2.23907755043649
sub-57953	E113	DI10	100	0.178	0.278	0.302	0.402	0.18	-3.20101284980774	0.368	-3.05960845947266	0.752151012420654	-1.65711648464203	0.00613885998725888	0.944364167950963
sub-57953	E113	DIN6	60	0.178	0.278	0.302	0.402	0.252	-3.12593007087708	0.364	-4.3564510345459	-10.9867943184716	-1.65711648464203	0.00613885998725888	0.944364167950963
sub-57953	E113	DIN7	70	0.178	0.278	0.302	0.402	0.22	2.60891485214233	0.312	2.09477353096008	-5.58849262154621	-1.65711648464203	0.00613885998725888	0.944364167950963
sub-57953	E113	DIN8	80	0.178	0.278	0.302	0.402	0.256	3.32668304443359	0.372	1.74400854110718	-13.6437457183312	-1.65711648464203	0.00613885998725888	0.944364167950963
sub-57953	E113	DIN9	90	0.178	0.278	0.302	0.402	0.228	4.27644968032837	0.368	1.6323436498642	-18.8864716461727	-1.65711648464203	0.00613885998725888	0.944364167950963
sub-57953	E114	DI10	100	0.178	0.278	0.302	0.402	0.18	-3.09237790107727	0.368	-2.81701993942261	1.4646700088014	2.20552513599396	-0.0289731168746949	2.60753585604459
sub-57953	E114	DIN6	60	0.178	0.278	0.302	0.402	0.252	-3.65882062911987	0.364	-5.60156202316284	-17.3459053039551	2.20552513599396	-0.0289731168746949	2.60753585604459
sub-57953	E114	DIN7	70	0.178	0.278	0.302	0.402	0.276	-2.68885922431946	0.312	2.13714957237244	134.055799908108	2.20552513599396	-0.0289731168746949	2.60753585604459
sub-57953	E114	DIN8	80	0.178	0.278	0.302	0.402	0.244	3.04252862930298	0.304	1.8297837972641	-20.2124138673147	2.20552513599396	-0.0289731168746949	2.60753585604459
sub-57953	E114	DIN9	90	0.178	0.278	0.302	0.402	0.228	4.24978637695312	0.368	1.74228477478027	-17.9107257298061	2.20552513599396	-0.0289731168746949	2.60753585604459
sub-57953	E115	DI10	100	0.178	0.278	0.302	0.402	0.232	3.16103196144104	0.368	-2.83183932304382	-44.0652300329769	9.13504912853241	-0.141524128913879	3.30989151778026
sub-57953	E115	DIN6	60	0.178	0.278	0.302	0.402	0.252	-3.2122061252594	0.364	-5.65172338485718	-21.7814041035516	9.13504912853241	-0.141524128913879	3.30989151778026
sub-57953	E115	DIN7	70	0.178	0.278	0.302	0.402	0.276	-2.75265073776245	0.312	2.17020606994629	136.746022436354	9.13504912853241	-0.141524128913879	3.30989151778026
sub-57953	E115	DIN8	80	0.178	0.278	0.302	0.402	0.244	3.36241173744202	0.328	-1.93961441516876	-63.1193589596521	9.13504912853241	-0.141524128913879	3.30989151778026
sub-57953	E115	DIN9	90	0.178	0.278	0.302	0.402	0.228	4.55161809921265	0.368	2.42877006530762	-15.1632002421788	9.13504912853241	-0.141524128913879	3.30989151778026
sub-57953	E116	DI10	100	0.178	0.278	0.302	0.402	0.232	4.55167818069458	0.368	-3.44802713394165	-58.8213626076193	7.72104692459107	-0.166015710830689	2.47949646595191
sub-57953	E116	DIN6	60	0.178	0.278	0.302	0.402	0.252	-3.80351257324219	0.364	-8.34882736206055	-40.5831677573068	7.72104692459107	-0.166015710830689	2.47949646595191
sub-57953	E116	DIN7	70	0.178	0.278	0.302	0.402	0.2	-3.7479567527771	0.376	-3.20502734184265	3.08482619849118	7.72104692459107	-0.166015710830689	2.47949646595191
sub-57953	E116	DIN8	80	0.178	0.278	0.302	0.402	0.256	3.64829611778259	0.328	-3.00080227851868	-92.3485888375176	7.72104692459107	-0.166015710830689	2.47949646595191
sub-57953	E116	DIN9	90	0.178	0.278	0.302	0.402	0.228	5.83615064620972	0.336	-3.31370997428894	-84.7209316712839	7.72104692459107	-0.166015710830689	2.47949646595191
sub-57953	E117	DI10	100	0.178	0.278	0.302	0.402	0.244	7.80211591720581	0.352	4.05796337127686	-34.6680791289718	-7.58650474548341	0.0911203575134279	6.0047049308085
sub-57953	E117	DIN6	60	0.178	0.278	0.302	0.402	0.252	-6.04605627059937	0.364	-14.3250799179077	-73.9198539938246	-7.58650474548341	0.0911203575134279	6.0047049308085
sub-57953	E117	DIN7	70	0.178	0.278	0.302	0.402	0.2	-5.4901328086853	0.376	-5.40036010742188	0.510072166269476	-7.58650474548341	0.0911203575134279	6.0047049308085
sub-57953	E117	DIN8	80	0.178	0.278	0.302	0.402	0.272	-5.7206711769104	0.356	4.59628534317017	122.82091095334	-7.58650474548341	0.0911203575134279	6.0047049308085
sub-57953	E117	DIN9	90	0.178	0.278	0.302	0.402	0.204	-6.9484281539917	0.336	-6.81636190414429	1.00050189278342	-7.58650474548341	0.0911203575134279	6.0047049308085
sub-57953	E118	DI10	100	0.178	0.278	0.302	0.402	0.232	17.2801208496094	0.336	11.0558633804321	-59.8486295113197	-20.5377294540405	0.076674404144287	11.2541735283503
sub-57953	E118	DIN6	60	0.178	0.278	0.302	0.402	0.18	-14.5413208007812	0.364	-24.679723739624	-55.1000159719716	-20.5377294540405	0.076674404144287	11.2541735283503
sub-57953	E118	DIN7	70	0.178	0.278	0.302	0.402	0.264	11.8733243942261	0.308	-15.7491455078125	-627.783406864513	-20.5377294540405	0.076674404144287	11.2541735283503
sub-57953	E118	DIN8	80	0.178	0.278	0.302	0.402	0.228	-10.3022336959839	0.368	-10.5526685714722	-1.78882053920201	-20.5377294540405	0.076674404144287	11.2541735283503
sub-57953	E118	DIN9	90	0.178	0.278	0.302	0.402	0.22	11.8613204956055	0.336	-15.9219999313354	-239.51138299087	-20.5377294540405	0.076674404144287	11.2541735283503
sub-57953	E119	DI10	100	0.178	0.278	0.302	0.402	0.232	12.3388366699219	0.336	9.54441165924072	-26.8694712565495	-13.0391746520996	0.0366544628143309	9.5476004079275
sub-57953	E119	DIN6	60	0.178	0.278	0.302	0.402	0.18	-12.0982427597046	0.364	-16.3947868347168	-23.3507830163707	-13.0391746520996	0.0366544628143309	9.5476004079275
sub-57953	E119	DIN7	70	0.178	0.278	0.302	0.402	0.264	10.0711517333984	0.308	-11.9547891616821	-500.589565797286	-13.0391746520996	0.0366544628143309	9.5476004079275
sub-57953	E119	DIN8	80	0.178	0.278	0.302	0.402	0.228	-8.37459850311279	0.368	-8.42704391479492	-0.374610083443778	-13.0391746520996	0.0366544628143309	9.5476004079275
sub-57953	E119	DIN9	90	0.178	0.278	0.302	0.402	0.22	9.51818466186523	0.336	-11.8465480804443	-184.178730537151	-13.0391746520996	0.0366544628143309	9.5476004079275
sub-57953	E120	DI10	100	0.178	0.278	0.302	0.402	0.22	3.62310075759888	0.368	-2.94022798538208	-44.3468158309524	-2.11728141307831	-0.0213716280460358	2.25686037476107
sub-57953	E120	DIN6	60	0.178	0.278	0.302	0.402	0.208	2.85828566551208	0.364	-3.57655715942383	-41.2489924675379	-2.11728141307831	-0.0213716280460358	2.25686037476107
sub-57953	E120	DIN7	70	0.178	0.278	0.302	0.402	0.22	3.29228544235229	0.312	1.94588792324066	-14.6347556425178	-2.11728141307831	-0.0213716280460358	2.25686037476107
sub-57953	E120	DIN8	80	0.178	0.278	0.302	0.402	0.244	3.60298585891724	0.384	2.03908514976501	-11.1707193510873	-2.11728141307831	-0.0213716280460358	2.25686037476107
sub-57953	E120	DIN9	90	0.178	0.278	0.302	0.402	0.228	4.52053833007812	0.368	1.293949842453	-23.0470606258937	-2.11728141307831	-0.0213716280460358	2.25686037476107
sub-57953	E121	DI10	100	0.178	0.278	0.302	0.402	0.22	3.35361695289612	0.368	-2.99278593063354	-42.8811005643896	-2.46367771625519	-0.0166027534008026	2.22700825446667
sub-57953	E121	DIN6	60	0.178	0.278	0.302	0.402	0.208	2.88061738014221	0.364	-3.61021423339844	-41.6078949585939	-2.46367771625519	-0.0166027534008026	2.22700825446667
sub-57953	E121	DIN7	70	0.178	0.278	0.302	0.402	0.22	3.46143341064453	0.312	2.22959566116333	-13.3895407552304	-2.46367771625519	-0.0166027534008026	2.22700825446667
sub-57953	E121	DIN8	80	0.178	0.278	0.302	0.402	0.244	3.51266598701477	0.384	1.80321884155273	-12.2103367533003	-2.46367771625519	-0.0166027534008026	2.22700825446667
sub-57953	E121	DIN9	90	0.178	0.278	0.302	0.402	0.228	4.49850845336914	0.368	1.31753790378571	-22.7212182113103	-2.46367771625519	-0.0166027534008026	2.22700825446667
sub-57953	E122	DI10	100	0.178	0.278	0.302	0.402	0.224	3.36416292190552	0.368	-3.4986457824707	-47.6583937803904	-7.3915343284607	0.0308646488189698	2.05503669654565
sub-57953	E122	DIN6	60	0.178	0.278	0.302	0.402	0.208	2.9618616104126	0.364	-4.47572660446167	-47.6768475312453	-7.3915343284607	0.0308646488189698	2.05503669654565
sub-57953	E122	DIN7	70	0.178	0.278	0.302	0.402	0.22	3.20544695854187	0.348	-1.96208703517914	-40.3713593259454	-7.3915343284607	0.0308646488189698	2.05503669654565
sub-57953	E122	DIN8	80	0.178	0.278	0.302	0.402	0.244	3.87488746643066	0.304	1.96163439750671	-31.8875511487325	-7.3915343284607	0.0308646488189698	2.05503669654565
sub-57953	E122	DIN9	90	0.178	0.278	0.302	0.402	0.228	4.85965299606323	0.364	1.6290248632431	-23.7546186236774	-7.3915343284607	0.0308646488189698	2.05503669654565
sub-57953	E123	DI10	100	0.178	0.278	0.302	0.402	0.232	3.6169056892395	0.368	-3.42883825302124	-51.8069407519172	-7.43729681968689	0.00615869045257569	1.1361964206347
sub-57953	E123	DIN6	60	0.178	0.278	0.302	0.402	0.212	2.96999311447144	0.364	-5.57352590560913	-56.2073619742143	-7.43729681968689	0.00615869045257569	1.1361964206347
sub-57953	E123	DIN7	70	0.178	0.278	0.302	0.402	0.22	3.12242078781128	0.376	-2.21343278884888	-34.2041895939754	-7.43729681968689	0.00615869045257569	1.1361964206347
sub-57953	E123	DIN8	80	0.178	0.278	0.302	0.402	0.256	3.66567754745483	0.328	-2.41667914390564	-84.4771762688955	-7.43729681968689	0.00615869045257569	1.1361964206347
sub-57953	E123	DIN9	90	0.178	0.278	0.302	0.402	0.228	5.47186756134033	0.336	-2.2436671257019	-71.4401359911318	-7.43729681968689	0.00615869045257569	1.1361964206347
sub-57953	E124	DI10	100	0.178	0.278	0.302	0.402	0.232	5.14415693283081	0.368	-3.48927187919617	-63.4810942060807	8.11963481903077	-0.175117383003235	2.21857907615894
sub-57953	E124	DIN6	60	0.178	0.278	0.302	0.402	0.252	-4.23581409454346	0.364	-8.74847507476807	-40.2916158948626	8.11963481903077	-0.175117383003235	2.21857907615894
sub-57953	E124	DIN7	70	0.178	0.278	0.302	0.402	0.212	3.34539580345154	0.312	3.16021513938904	-1.851806640625	8.11963481903077	-0.175117383003235	2.21857907615894
sub-57953	E124	DIN8	80	0.178	0.278	0.302	0.402	0.256	4.00522565841675	0.328	-2.65689969062805	-92.5295187367333	8.11963481903077	-0.175117383003235	2.21857907615894
sub-57953	E124	DIN9	90	0.178	0.278	0.302	0.402	0.228	5.99312353134155	0.336	-3.4622597694397	-87.5498453776042	8.11963481903077	-0.175117383003235	2.21857907615894
sub-57953	E125	DI10	100	0.178	0.278	0.302	0.402	0.232	16.7211666107178	0.336	9.43656730651855	-70.0442240788386	-16.2662477493286	0.0419458580017089	9.13251522739334
sub-57953	E125	DIN6	60	0.178	0.278	0.302	0.402	0.18	-12.2536687850952	0.364	-23.4870300292969	-61.0508763271829	-16.2662477493286	0.0419458580017089	9.13251522739334
sub-57953	E125	DIN7	70	0.178	0.278	0.302	0.402	0.264	8.68152618408203	0.308	-12.554443359375	-482.635671442205	-16.2662477493286	0.0419458580017089	9.13251522739334
sub-57953	E125	DIN8	80	0.178	0.278	0.302	0.402	0.212	9.25473022460938	0.356	9.39467239379883	0.971820619371202	-16.2662477493286	0.0419458580017089	9.13251522739334
sub-57953	E125	DIN9	90	0.178	0.278	0.302	0.402	0.22	11.25998878479	0.336	-13.678918838501	-214.990582959405	-16.2662477493286	0.0419458580017089	9.13251522739334
sub-57953	E126	DI10	100	0.178	0.278	0.302	0.402	0.232	13.1498012542725	0.384	-9.22948837280273	-147.232168599179	28.5117918968201	-0.415261554718017	6.73399919038244
sub-57953	E126	DIN6	60	0.178	0.278	0.302	0.402	0.18	-13.9220705032349	0.364	-15.9054918289185	-10.7794637265413	28.5117918968201	-0.415261554718017	6.73399919038244
sub-57953	E126	DIN7	70	0.178	0.278	0.302	0.402	0.264	9.64913654327393	0.34	11.1828203201294	20.1800496954667	28.5117918968201	-0.415261554718017	6.73399919038244
sub-57953	E126	DIN8	80	0.178	0.278	0.302	0.402	0.228	-7.85192728042603	0.312	-9.36782741546631	-18.046430179051	28.5117918968201	-0.415261554718017	6.73399919038244
sub-57953	E126	DIN9	90	0.178	0.278	0.302	0.402	0.22	11.1432418823242	0.4	11.9425067901611	4.44036059909397	28.5117918968201	-0.415261554718017	6.73399919038244
sub-57953	E127	DI10	100	0.178	0.278	0.302	0.402	0.232	10.9648723602295	0.384	-7.94300556182861	-124.393933697751	17.9137265205383	-0.370159759521485	6.82238353434181
sub-57953	E127	DIN6	60	0.178	0.278	0.302	0.402	0.18	-12.4176712036133	0.364	-13.6235437393188	-6.55365508535634	17.9137265205383	-0.370159759521485	6.82238353434181
sub-57953	E127	DIN7	70	0.178	0.278	0.302	0.402	0.264	8.10435676574707	0.396	-9.69690418243408	-134.858037486221	17.9137265205383	-0.370159759521485	6.82238353434181
sub-57953	E127	DIN8	80	0.178	0.278	0.302	0.402	0.228	-6.48294925689697	0.312	-7.64998292922974	-13.8932580039615	17.9137265205383	-0.370159759521485	6.82238353434181
sub-57953	E127	DIN9	90	0.178	0.278	0.302	0.402	0.2	9.41479206085205	0.336	-9.99843406677246	-142.744309761945	17.9137265205383	-0.370159759521485	6.82238353434181
sub-57953	E128	DI10	100	0.178	0.278	0.302	0.402	0.232	8.4417142868042	0.336	6.78938817977905	-15.8877510290879	-0.441199684143047	-0.0723591232299807	7.31313644479788
sub-57953	E128	DIN6	60	0.178	0.278	0.302	0.402	0.212	9.21676254272461	0.388	10.6303815841675	8.03192637183449	-0.441199684143047	-0.0723591232299807	7.31313644479788
sub-57953	E128	DIN7	70	0.178	0.278	0.302	0.402	0.264	6.34323787689209	0.396	-8.28815937042236	-110.843918540261	-0.441199684143047	-0.0723591232299807	7.31313644479788
sub-57953	E128	DIN8	80	0.178	0.278	0.302	0.402	0.228	-5.39742803573608	0.368	-5.94155216217041	-3.88660090310233	-0.441199684143047	-0.0723591232299807	7.31313644479788
sub-57953	E128	DIN9	90	0.178	0.278	0.302	0.402	0.22	7.37632083892822	0.336	-8.35909843444824	-135.650166149797	-0.441199684143047	-0.0723591232299807	7.31313644479788
sub-57953	E129	DI10	100	0.178	0.278	0.302	0.402	0.232	6.10104656219482	0.336	5.43919944763184	-6.36391456310566	-4.12261333465576	0.0429482221603394	0.873924464152753
sub-57953	E129	DIN6	60	0.178	0.278	0.302	0.402	0.18	-7.44315528869629	0.364	-8.61756610870361	-6.38266750003981	-4.12261333465576	0.0429482221603394	0.873924464152753
sub-57953	E129	DIN7	70	0.178	0.278	0.302	0.402	0.244	-5.46262741088867	0.396	-7.66652202606201	-14.499306678772	-4.12261333465576	0.0429482221603394	0.873924464152753
sub-57953	E129	DIN8	80	0.178	0.278	0.302	0.402	0.228	-4.94325160980225	0.368	-5.40267705917358	-3.28161035265241	-4.12261333465576	0.0429482221603394	0.873924464152753
sub-57953	E129	DIN9	90	0.178	0.278	0.302	0.402	0.2	6.00225400924683	0.4	7.06805419921875	5.32900094985962	-4.12261333465576	0.0429482221603394	0.873924464152753
sub-57953	E130	DI10	100	0.178	0.278	0.302	0.402	0.204	-5.08868360519409	0.336	4.51443338394165	72.7508862813314	-16.962940788269	0.23095959186554	2.51952372318757
sub-57953	E130	DIN6	60	0.178	0.278	0.302	0.402	0.18	-6.26238441467285	0.364	-6.93489694595337	-3.65495940913325	-16.962940788269	0.23095959186554	2.51952372318757
sub-57953	E130	DIN7	70	0.178	0.278	0.302	0.402	0.244	-4.29095697402954	0.396	-6.06357002258301	-11.6619279510096	-16.962940788269	0.23095959186554	2.51952372318757
sub-57953	E130	DIN8	80	0.178	0.278	0.302	0.402	0.228	-3.95670604705811	0.368	-4.31765174865723	-2.57818358285087	-16.962940788269	0.23095959186554	2.51952372318757
sub-57953	E130	DIN9	90	0.178	0.278	0.302	0.402	0.2	5.87144947052002	0.4	6.64353656768799	3.86043548583984	-16.962940788269	0.23095959186554	2.51952372318757
sub-57953	E131	DI10	100	0.178	0.278	0.302	0.402	0.204	-3.96279501914978	0.316	3.03299570083618	62.4624171427318	12.3048795700073	-0.0962129807472231	3.42910652245688
sub-57953	E131	DIN6	60	0.178	0.278	0.302	0.402	0.204	-4.55315017700195	0.324	3.70320987701416	68.8030004501343	12.3048795700073	-0.0962129807472231	3.42910652245688
sub-57953	E131	DIN7	70	0.178	0.278	0.302	0.402	0.244	-3.31308317184448	0.34	4.22817134857178	78.5547345876693	12.3048795700073	-0.0962129807472231	3.42910652245688
sub-57953	E131	DIN8	80	0.178	0.278	0.302	0.402	0.228	-2.61140322685242	0.368	-2.80669808387756	-1.39496326446533	12.3048795700073	-0.0962129807472231	3.42910652245688
sub-57953	E131	DIN9	90	0.178	0.278	0.302	0.402	0.2	3.95100474357605	0.4	4.39209985733032	2.20547556877136	12.3048795700073	-0.0962129807472231	3.42910652245688
sub-57953	E132	DI10	100	0.178	0.278	0.302	0.402	0.204	-5.02287292480469	0.316	4.42384719848633	84.3457153865269	14.0991054534912	-0.104414472579956	4.55935688088563
sub-57953	E132	DIN6	60	0.178	0.278	0.302	0.402	0.204	-5.20665311813354	0.324	4.27653503417969	79.0265679359436	14.0991054534912	-0.104414472579956	4.55935688088563
sub-57953	E132	DIN7	70	0.178	0.278	0.302	0.402	0.244	-4.26692867279053	0.34	5.76423311233521	104.49126859506	14.0991054534912	-0.104414472579956	4.55935688088563
sub-57953	E132	DIN8	80	0.178	0.278	0.302	0.402	0.228	-3.55671787261963	0.368	-3.45070028305054	0.757268496922084	14.0991054534912	-0.104414472579956	4.55935688088563
sub-57953	E132	DIN9	90	0.178	0.278	0.302	0.402	0.2	5.63500690460205	0.4	5.29765748977661	-1.6867470741272	14.0991054534912	-0.104414472579956	4.55935688088563
sub-57953	E133	DI10	100	0.178	0.278	0.302	0.402	0.22	4.04134225845337	0.368	-3.05445861816406	-47.9446005176854	-2.76048119068146	-0.0172235095500946	2.39313830015717
sub-57953	E133	DIN6	60	0.178	0.278	0.302	0.402	0.208	3.47291874885559	0.324	-3.43689179420471	-59.5673322677612	-2.76048119068146	-0.0172235095500946	2.39313830015717
sub-57953	E133	DIN7	70	0.178	0.278	0.302	0.402	0.232	3.76450967788696	0.308	1.88105523586273	-24.7822952897925	-2.76048119068146	-0.0172235095500946	2.39313830015717
sub-57953	E133	DIN8	80	0.178	0.278	0.302	0.402	0.244	4.16690111160278	0.384	2.59798192977905	-11.2065655844552	-2.76048119068146	-0.0172235095500946	2.39313830015717
sub-57953	E133	DIN9	90	0.178	0.278	0.302	0.402	0.228	4.40585660934448	0.356	1.17203187942505	-25.2642557024956	-2.76048119068146	-0.0172235095500946	2.39313830015717
sub-57953	E134	DI10	100	0.178	0.278	0.302	0.402	0.22	3.58799028396606	0.368	-3.31556081771851	-46.6456155519228	-2.43087079524994	-0.0324307835102081	2.67016182725478
sub-57953	E134	DIN6	60	0.178	0.278	0.302	0.402	0.208	3.06792736053467	0.364	-4.816481590271	-50.541083017985	-2.43087079524994	-0.0324307835102081	2.67016182725478
sub-57953	E134	DIN7	70	0.178	0.278	0.302	0.402	0.22	3.74828553199768	0.312	2.09071326255798	-18.0170898852141	-2.43087079524994	-0.0324307835102081	2.67016182725478
sub-57953	E134	DIN8	80	0.178	0.278	0.302	0.402	0.244	3.91103601455688	0.384	2.09226727485657	-12.9912052835737	-2.43087079524994	-0.0324307835102081	2.67016182725478
sub-57953	E134	DIN9	90	0.178	0.278	0.302	0.402	0.228	5.17664813995361	0.336	-1.68571817874908	-63.5404288768768	-2.43087079524994	-0.0324307835102081	2.67016182725478
sub-57953	E135	DI10	100	0.178	0.278	0.302	0.402	0.232	3.70016264915466	0.368	-3.39054369926453	-52.1375466795529	4.93187730312348	-0.120211433172226	1.53939084365461
sub-57953	E135	DIN6	60	0.178	0.278	0.302	0.402	0.252	-3.32888889312744	0.364	-5.41769790649414	-18.6500804764884	4.93187730312348	-0.120211433172226	1.53939084365461
sub-57953	E135	DIN7	70	0.178	0.278	0.302	0.402	0.22	3.30412840843201	0.348	-1.83365833759308	-40.138958953321	4.93187730312348	-0.120211433172226	1.53939084365461
sub-57953	E135	DIN8	80	0.178	0.278	0.302	0.402	0.248	3.80188226699829	0.304	1.84913301467896	-34.8705223628453	4.93187730312348	-0.120211433172226	1.53939084365461
sub-57953	E135	DIN9	90	0.178	0.278	0.302	0.402	0.228	5.31573915481567	0.336	-1.83939623832703	-66.2512536402102	4.93187730312348	-0.120211433172226	1.53939084365461
sub-57953	E136	DI10	100	0.178	0.278	0.302	0.402	0.232	4.57074546813965	0.368	-3.28441786766052	-57.7585539397071	-9.27929184436799	0.0307323753833771	3.15312204464754
sub-57953	E136	DIN6	60	0.178	0.278	0.302	0.402	0.212	3.6491174697876	0.364	-7.22174263000488	-71.5188164460032	-9.27929184436799	0.0307323753833771	3.15312204464754
sub-57953	E136	DIN7	70	0.178	0.278	0.302	0.402	0.22	3.54260516166687	0.368	-1.9384640455246	-37.0342513999423	-9.27929184436799	0.0307323753833771	3.15312204464754
sub-57953	E136	DIN8	80	0.178	0.278	0.302	0.402	0.248	3.47893738746643	0.356	2.02174615859985	-13.4925113783942	-9.27929184436799	0.0307323753833771	3.15312204464754
sub-57953	E136	DIN9	90	0.178	0.278	0.302	0.402	0.228	5.63147974014282	0.336	-2.80774545669556	-78.1409740447998	-9.27929184436799	0.0307323753833771	3.15312204464754
sub-57953	E137	DI10	100	0.178	0.278	0.302	0.402	0.232	7.99658441543579	0.38	-5.50043725967407	-91.196092399391	-17.2646962165833	0.0572869491577149	2.96247914229059
sub-57953	E137	DIN6	60	0.178	0.278	0.302	0.402	0.212	7.34096002578735	0.364	-10.4346466064453	-116.944780475215	-17.2646962165833	0.0572869491577149	2.96247914229059
sub-57953	E137	DIN7	70	0.178	0.278	0.302	0.402	0.212	4.7510290145874	0.396	-5.45152044296265	-55.4486383562503	-17.2646962165833	0.0572869491577149	2.96247914229059
sub-57953	E137	DIN8	80	0.178	0.278	0.302	0.402	0.212	4.34532499313354	0.312	-4.55717420578003	-89.0249919891357	-17.2646962165833	0.0572869491577149	2.96247914229059
sub-57953	E137	DIN9	90	0.178	0.278	0.302	0.402	0.228	6.85695123672485	0.336	-6.17407321929932	-120.657633852076	-17.2646962165833	0.0572869491577149	2.96247914229059
sub-57953	E138	DI10	100	0.178	0.278	0.302	0.402	0.232	9.88755416870117	0.336	6.73736095428467	-30.2903193693895	-5.25136489868162	-0.0521926212310794	5.902193765315
sub-57953	E138	DIN6	60	0.178	0.278	0.302	0.402	0.18	-10.6403293609619	0.364	-12.5030832290649	-10.1236623266469	-5.25136489868162	-0.0521926212310794	5.902193765315
sub-57953	E138	DIN7	70	0.178	0.278	0.302	0.402	0.264	6.02531623840332	0.396	-8.16154003143311	-107.476183862397	-5.25136489868162	-0.0521926212310794	5.902193765315
sub-57953	E138	DIN8	80	0.178	0.278	0.302	0.402	0.212	5.21633720397949	0.312	-5.88649272918701	-111.028299331665	-5.25136489868162	-0.0521926212310794	5.902193765315
sub-57953	E138	DIN9	90	0.178	0.278	0.302	0.402	0.22	8.31293678283691	0.336	-8.51830291748047	-145.096893968253	-5.25136489868162	-0.0521926212310794	5.902193765315
sub-57953	E139	DI10	100	0.178	0.278	0.302	0.402	0.232	7.11755466461182	0.336	4.92625999450684	-21.0701410587017	-10.3255883693695	0.0956473684310914	3.14919219525548
sub-57953	E139	DIN6	60	0.178	0.278	0.302	0.402	0.18	-7.25125455856323	0.364	-9.54307460784912	-12.455543746119	-10.3255883693695	0.0956473684310914	3.14919219525548
sub-57953	E139	DIN7	70	0.178	0.278	0.302	0.402	0.264	3.91334962844849	0.396	-5.27254819869995	-69.5901350541548	-10.3255883693695	0.0956473684310914	3.14919219525548
sub-57953	E139	DIN8	80	0.178	0.278	0.302	0.402	0.212	3.89062190055847	0.356	4.01285171508789	0.848818156454298	-10.3255883693695	0.0956473684310914	3.14919219525548
sub-57953	E139	DIN9	90	0.178	0.278	0.302	0.402	0.22	5.70156669616699	0.4	5.87935495376587	0.987712542215983	-10.3255883693695	0.0956473684310914	3.14919219525548
sub-57953	E140	DI10	100	0.178	0.278	0.302	0.402	0.232	3.78553509712219	0.336	3.20421743392944	-5.58959291531489	-1.85864295959473	0.0207976508140564	1.00244379431545
sub-57953	E140	DIN6	60	0.178	0.278	0.302	0.402	0.18	-4.50419902801514	0.364	-6.36549615859985	-10.1157452749169	-1.85864295959473	0.0207976508140564	1.00244379431545
sub-57953	E140	DIN7	70	0.178	0.278	0.302	0.402	0.264	2.83151030540466	0.34	3.97145223617554	14.9992359311957	-1.85864295959473	0.0207976508140564	1.00244379431545
sub-57953	E140	DIN8	80	0.178	0.278	0.302	0.402	0.212	3.54745578765869	0.356	3.21622610092163	-2.30020615789625	-1.85864295959473	0.0207976508140564	1.00244379431545
sub-57953	E140	DIN9	90	0.178	0.278	0.302	0.402	0.188	3.75769233703613	0.4	4.41744041442871	3.11201923298386	-1.85864295959473	0.0207976508140564	1.00244379431545
sub-57953	E141	DI10	100	0.178	0.278	0.302	0.402	0.232	2.54731225967407	0.336	2.46475267410278	-0.793842168954702	-6.88879227638245	0.0704196333885193	1.80054484706949
sub-57953	E141	DIN6	60	0.178	0.278	0.302	0.402	0.18	-4.36317825317383	0.364	-5.38986587524414	-5.57982403299083	-6.88879227638245	0.0704196333885193	1.80054484706949
sub-57953	E141	DIN7	70	0.178	0.278	0.302	0.402	0.252	1.7849657535553	0.396	-3.4979236125946	-36.6867317093743	-6.88879227638245	0.0704196333885193	1.80054484706949
sub-57953	E141	DIN8	80	0.178	0.278	0.302	0.402	0.212	2.228440284729	0.356	2.47365093231201	1.70285171932644	-6.88879227638245	0.0704196333885193	1.80054484706949
sub-57953	E141	DIN9	90	0.178	0.278	0.302	0.402	0.188	3.86098980903625	0.4	3.73180770874023	-0.60934952969821	-6.88879227638245	0.0704196333885193	1.80054484706949
sub-57953	E142	DI10	100	0.178	0.278	0.302	0.402	0.224	-1.86502468585968	0.372	1.534259557724	22.9681367809708	4.60980660915375	-0.0317280364036561	2.32613641931853
sub-57953	E142	DIN6	60	0.178	0.278	0.302	0.402	0.204	-3.0517463684082	0.332	2.19885659217834	41.0203356295824	4.60980660915375	-0.0317280364036561	2.32613641931853
sub-57953	E142	DIN7	70	0.178	0.278	0.302	0.402	0.236	-1.54016256332397	0.396	-2.47951555252075	-5.87095618247986	4.60980660915375	-0.0317280364036561	2.32613641931853
sub-57953	E142	DIN8	80	0.178	0.278	0.302	0.402	0.252	-1.37767732143402	0.4	1.67912614345551	20.6540774654698	4.60980660915375	-0.0317280364036561	2.32613641931853
sub-57953	E142	DIN9	90	0.178	0.278	0.302	0.402	0.188	2.59318614006042	0.4	2.18366694450378	-1.9316943186634	4.60980660915375	-0.0317280364036561	2.32613641931853
sub-57953	E143	DI10	100	0.178	0.278	0.302	0.402	0.224	-2.04035019874573	0.372	1.81515574455261	26.0507158330969	3.68687561750412	-0.0169665265083314	2.03008865439652
sub-57953	E143	DIN6	60	0.178	0.278	0.302	0.402	0.204	-2.80731678009033	0.316	1.95713424682617	42.5397413117545	3.68687561750412	-0.0169665265083314	2.03008865439652
sub-57953	E143	DIN7	70	0.178	0.278	0.302	0.402	0.236	-2.15849852561951	0.396	-2.32041096687317	-1.01195275783539	3.68687561750412	-0.0169665265083314	2.03008865439652
sub-57953	E143	DIN8	80	0.178	0.278	0.302	0.402	0.248	-0.977141559123993	0.4	2.25325632095337	21.2526176320879	3.68687561750412	-0.0169665265083314	2.03008865439652
sub-57953	E143	DIN9	90	0.178	0.278	0.302	0.402	0.196	2.6014449596405	0.396	2.56077003479004	-0.203374624252319	3.68687561750412	-0.0169665265083314	2.03008865439652
sub-57953	E144	DI10	100	0.178	0.278	0.302	0.402	0.232	-3.70874428749084	0.376	2.0701208114624	40.1310076316198	-7.42047703266145	0.139046541452408	0.765142224544908
sub-57953	E144	DIN6	60	0.178	0.278	0.302	0.402	0.252	2.51106643676758	0.336	2.39444375038147	-1.38836531412034	-7.42047703266145	0.139046541452408	0.765142224544908
sub-57953	E144	DIN7	70	0.178	0.278	0.302	0.402	0.22	-1.73184442520142	0.348	1.63358175754547	26.2923920527101	-7.42047703266145	0.139046541452408	0.765142224544908
sub-57953	E144	DIN8	80	0.178	0.278	0.302	0.402	0.244	-2.21399712562561	0.4	1.79546093940735	25.7016542630318	-7.42047703266145	0.139046541452408	0.765142224544908
sub-57953	E144	DIN9	90	0.178	0.278	0.302	0.402	0.228	-2.49739456176758	0.392	2.98171019554138	33.4091753494449	-7.42047703266145	0.139046541452408	0.765142224544908
sub-57953	E145	DI10	100	0.178	0.278	0.302	0.402	0.22	3.97873020172119	0.368	-3.14048886299133	-48.1028315183279	-5.19558420181275	0.00341806173324588	1.9116972285476
sub-57953	E145	DIN6	60	0.178	0.278	0.302	0.402	0.208	3.11434745788574	0.332	-3.23516011238098	-51.2057062118284	-5.19558420181275	0.00341806173324588	1.9116972285476
sub-57953	E145	DIN7	70	0.178	0.278	0.302	0.402	0.22	3.83998990058899	0.348	-1.75195908546448	-43.6871014535427	-5.19558420181275	0.00341806173324588	1.9116972285476
sub-57953	E145	DIN8	80	0.178	0.278	0.302	0.402	0.244	4.06483316421509	0.384	2.2255322933197	-13.1378633635385	-5.19558420181275	0.00341806173324588	1.9116972285476
sub-57953	E145	DIN9	90	0.178	0.278	0.302	0.402	0.228	4.95175695419312	0.372	1.24103713035583	-25.7688876655367	-5.19558420181275	0.00341806173324588	1.9116972285476
sub-57953	E146	DI10	100	0.178	0.278	0.302	0.402	0.22	3.76260137557983	0.368	-3.23686194419861	-47.2936710795841	-4.03370769023896	-0.00576568007469173	2.38357166942729
sub-57953	E146	DIN6	60	0.178	0.278	0.302	0.402	0.208	3.18660545349121	0.364	-4.40662097930908	-48.6745284153865	-4.03370769023896	-0.00576568007469173	2.38357166942729
sub-57953	E146	DIN7	70	0.178	0.278	0.302	0.402	0.22	3.65562725067139	0.312	1.60784709453583	-22.2584799579952	-4.03370769023896	-0.00576568007469173	2.38357166942729
sub-57953	E146	DIN8	80	0.178	0.278	0.302	0.402	0.244	4.05782699584961	0.304	2.03536081314087	-33.7077697118123	-4.03370769023896	-0.00576568007469173	2.38357166942729
sub-57953	E146	DIN9	90	0.178	0.278	0.302	0.402	0.228	5.23784732818604	0.368	1.4259729385376	-27.2276742117746	-4.03370769023896	-0.00576568007469173	2.38357166942729
sub-57953	E147	DI10	100	0.178	0.278	0.302	0.402	0.232	5.23565673828125	0.38	-3.85978055000305	-61.4556573532723	8.07253093719483	-0.181047167778015	1.15426004012362
sub-57953	E147	DIN6	60	0.178	0.278	0.302	0.402	0.18	-5.5536060333252	0.364	-7.14088535308838	-8.62651804219121	8.07253093719483	-0.181047167778015	1.15426004012362
sub-57953	E147	DIN7	70	0.178	0.278	0.302	0.402	0.212	3.3029727935791	0.396	-2.94426155090332	-33.9523605678392	8.07253093719483	-0.181047167778015	1.15426004012362
sub-57953	E147	DIN8	80	0.178	0.278	0.302	0.402	0.244	2.8926784992218	0.312	-2.89794778823853	-85.1562689332401	8.07253093719483	-0.181047167778015	1.15426004012362
sub-57953	E147	DIN9	90	0.178	0.278	0.302	0.402	0.228	5.73696041107178	0.336	-3.59867477416992	-86.4410665300157	8.07253093719483	-0.181047167778015	1.15426004012362
sub-57953	E148	DI10	100	0.178	0.278	0.302	0.402	0.232	7.20927715301514	0.38	-4.95290660858154	-82.1769173080857	17.9800615310669	-0.313716816902161	1.72581907002453
sub-57953	E148	DIN6	60	0.178	0.278	0.302	0.402	0.18	-7.57637023925781	0.364	-9.49261951446533	-10.4143982348235	17.9800615310669	-0.313716816902161	1.72581907002453
sub-57953	E148	DIN7	70	0.178	0.278	0.302	0.402	0.244	-3.8724422454834	0.396	-5.08298206329346	-7.96407774875038	17.9800615310669	-0.313716816902161	1.72581907002453
sub-57953	E148	DIN8	80	0.178	0.278	0.302	0.402	0.212	4.06110525131226	0.312	-4.14598846435547	-82.0709371566772	17.9800615310669	-0.313716816902161	1.72581907002453
sub-57953	E148	DIN9	90	0.178	0.278	0.302	0.402	0.228	6.22561550140381	0.336	-5.86473703384399	-111.947708659702	17.9800615310669	-0.313716816902161	1.72581907002453
sub-57953	E149	DI10	100	0.178	0.278	0.302	0.402	0.232	8.56366443634033	0.336	5.21890687942505	-32.1611303549546	-4.593816947937	-0.0451656103134157	4.52573861815147
sub-57953	E149	DIN6	60	0.178	0.278	0.302	0.402	0.18	-8.31508445739746	0.364	-10.7638788223267	-13.3086650267891	-4.593816947937	-0.0451656103134157	4.52573861815147
sub-57953	E149	DIN7	70	0.178	0.278	0.302	0.402	0.264	4.82288599014282	0.396	-6.5900821685791	-86.4618799903176	-4.593816947937	-0.0451656103134157	4.52573861815147
sub-57953	E149	DIN8	80	0.178	0.278	0.302	0.402	0.212	4.55717897415161	0.312	-5.13402700424194	-96.9120597839355	-4.593816947937	-0.0451656103134157	4.52573861815147
sub-57953	E149	DIN9	90	0.178	0.278	0.302	0.402	0.22	7.12784099578857	0.336	-7.00976181030273	-121.875886259408	-4.593816947937	-0.0451656103134157	4.52573861815147
sub-57953	E150	DI10	100	0.178	0.278	0.302	0.402	0.232	4.22900438308716	0.336	2.9511251449585	-12.2873003666217	-5.02849125862122	0.043991539478302	0.571174924005846
sub-57953	E150	DIN6	60	0.178	0.278	0.302	0.402	0.18	-5.01784086227417	0.364	-8.13185977935791	-16.924015853716	-5.02849125862122	0.043991539478302	0.571174924005846
sub-57953	E150	DIN7	70	0.178	0.278	0.302	0.402	0.2	-2.98590159416199	0.396	-4.48663234710693	-7.65678955584156	-5.02849125862122	0.043991539478302	0.571174924005846
sub-57953	E150	DIN8	80	0.178	0.278	0.302	0.402	0.212	4.22937917709351	0.356	3.35002374649048	-6.10663493474325	-5.02849125862122	0.043991539478302	0.571174924005846
sub-57953	E150	DIN9	90	0.178	0.278	0.302	0.402	0.228	4.55572366714478	0.4	3.78186750411987	-4.49916373851687	-5.02849125862122	0.043991539478302	0.571174924005846
sub-57953	E151	DI10	100	0.178	0.278	0.302	0.402	0.232	2.66754937171936	0.352	2.45486998558044	-1.7723282178243	-4.2767436504364	0.043665988445282	0.397073591229598
sub-57953	E151	DIN6	60	0.178	0.278	0.302	0.402	0.18	-3.66685962677002	0.364	-5.86504888534546	-11.9466807531274	-4.2767436504364	0.043665988445282	0.397073591229598
sub-57953	E151	DIN7	70	0.178	0.278	0.302	0.402	0.2	-1.68672585487366	0.396	-2.47990608215332	-4.046837894284	-4.2767436504364	0.043665988445282	0.397073591229598
sub-57953	E151	DIN8	80	0.178	0.278	0.302	0.402	0.212	2.42713165283203	0.356	2.11145877838135	-2.19217273924086	-4.2767436504364	0.043665988445282	0.397073591229598
sub-57953	E151	DIN9	90	0.178	0.278	0.302	0.402	0.188	3.08687925338745	0.38	2.68927812576294	-2.07083920637767	-4.2767436504364	0.043665988445282	0.397073591229598
sub-57953	E152	DI10	100	0.178	0.278	0.302	0.402	0.216	-1.07966291904449	0.352	1.85047268867493	21.5451147626428	-5.33097841739654	0.0696296966075897	0.92060506871591
sub-57953	E152	DIN6	60	0.178	0.278	0.302	0.402	0.204	-2.28137588500977	0.364	-2.81564259529114	-3.33916693925858	-5.33097841739654	0.0696296966075897	0.92060506871591
sub-57953	E152	DIN7	70	0.178	0.278	0.302	0.402	0.2	-1.38057839870453	0.376	-1.85727858543396	-2.7085237882354	-5.33097841739654	0.0696296966075897	0.92060506871591
sub-57953	E152	DIN8	80	0.178	0.278	0.302	0.402	0.212	1.76029741764069	0.352	1.48065042495728	-1.99747851916722	-5.33097841739654	0.0696296966075897	0.92060506871591
sub-57953	E152	DIN9	90	0.178	0.278	0.302	0.402	0.188	2.63725996017456	0.38	2.19472479820251	-2.30487063527107	-5.33097841739654	0.0696296966075897	0.92060506871591
sub-57953	E153	DI10	100	0.178	0.278	0.302	0.402	0.232	-4.04106712341309	0.364	2.61153674125671	50.3985141262864	-10.0849768638611	0.146519911289215	1.52484700311655
sub-57953	E153	DIN6	60	0.178	0.278	0.302	0.402	0.212	-3.15536999702454	0.372	-3.16796469688416	-0.0787168741226196	-10.0849768638611	0.146519911289215	1.52484700311655
sub-57953	E153	DIN7	70	0.178	0.278	0.302	0.402	0.264	-2.75452923774719	0.388	-2.59487962722778	1.28749685902749	-10.0849768638611	0.146519911289215	1.52484700311655
sub-57953	E153	DIN8	80	0.178	0.278	0.302	0.402	0.228	2.89665555953979	0.4	2.79883337020874	-0.568733658901481	-10.0849768638611	0.146519911289215	1.52484700311655
sub-57953	E153	DIN9	90	0.178	0.278	0.302	0.402	0.204	3.66267204284668	0.392	5.14391565322876	7.87895537437277	-10.0849768638611	0.146519911289215	1.52484700311655
sub-57953	E154	DI10	100	0.178	0.278	0.302	0.402	0.232	-6.77425050735474	0.364	3.48182344436646	77.6975299372818	-15.2065700531006	0.245233643054962	2.83859732160981
sub-57953	E154	DIN6	60	0.178	0.278	0.302	0.402	0.252	4.11152315139771	0.364	6.64844703674316	22.6511061191559	-15.2065700531006	0.245233643054962	2.83859732160981
sub-57953	E154	DIN7	70	0.178	0.278	0.302	0.402	0.264	-3.89951729774475	0.388	-3.70764970779419	1.54731927379485	-15.2065700531006	0.245233643054962	2.83859732160981
sub-57953	E154	DIN8	80	0.178	0.278	0.302	0.402	0.224	3.6564359664917	0.4	3.45524573326111	-1.14312632517381	-15.2065700531006	0.245233643054962	2.83859732160981
sub-57953	E154	DIN9	90	0.178	0.278	0.302	0.402	0.228	-4.23877239227295	0.392	5.03815937042236	56.5666570896056	-15.2065700531006	0.245233643054962	2.83859732160981
sub-57953	E155	DI10	100	0.178	0.278	0.302	0.402	0.232	-7.00134801864624	0.364	3.22248554229736	77.4532845526031	-0.237476444244381	0.0894728422164916	3.35820644827219
sub-57953	E155	DIN6	60	0.178	0.278	0.302	0.402	0.212	-3.84755229949951	0.364	5.90509128570557	64.1621288500334	-0.237476444244381	0.0894728422164916	3.35820644827219
sub-57953	E155	DIN7	70	0.178	0.278	0.302	0.402	0.264	-3.74385213851929	0.388	-3.25195026397705	3.96695060114707	-0.237476444244381	0.0894728422164916	3.35820644827219
sub-57953	E155	DIN8	80	0.178	0.278	0.302	0.402	0.248	-2.80936098098755	0.4	2.82720851898193	37.0826940787466	-0.237476444244381	0.0894728422164916	3.35820644827219
sub-57953	E155	DIN9	90	0.178	0.278	0.302	0.402	0.228	-4.05581188201904	0.392	4.44099426269531	51.8097935653314	-0.237476444244381	0.0894728422164916	3.35820644827219
sub-57953	E156	DI10	100	0.178	0.278	0.302	0.402	0.232	3.44962215423584	0.38	-2.87157082557678	-42.7107633771123	-7.46639955043793	0.0198765397071838	2.43625188817447
sub-57953	E156	DIN6	60	0.178	0.278	0.302	0.402	0.212	3.82794523239136	0.364	-5.02016258239746	-58.2112356236106	-7.46639955043793	0.0198765397071838	2.43625188817447
sub-57953	E156	DIN7	70	0.178	0.278	0.302	0.402	0.22	3.38044953346252	0.396	-1.26430058479309	-26.3906256719069	-7.46639955043793	0.0198765397071838	2.43625188817447
sub-57953	E156	DIN8	80	0.178	0.278	0.302	0.402	0.244	3.60418128967285	0.376	1.74777615070343	-14.0636752952229	-7.46639955043793	0.0198765397071838	2.43625188817447
sub-57953	E156	DIN9	90	0.178	0.278	0.302	0.402	0.228	5.25633478164673	0.336	-2.4545910358429	-71.3974612730521	-7.46639955043793	0.0198765397071838	2.43625188817447
sub-57953	E157	DI10	100	0.178	0.278	0.302	0.402	0.232	5.26965999603271	0.38	-3.43790912628174	-58.8349265021247	7.75802421569825	-0.175794479846954	1.33793517219263
sub-57953	E157	DIN6	60	0.178	0.278	0.302	0.402	0.18	-5.53740882873535	0.364	-7.13637542724609	-8.69003586147143	7.75802421569825	-0.175794479846954	1.33793517219263
sub-57953	E157	DIN7	70	0.178	0.278	0.302	0.402	0.212	3.22999453544617	0.396	-3.02957057952881	-34.019375624864	7.75802421569825	-0.175794479846954	1.33793517219263
sub-57953	E157	DIN8	80	0.178	0.278	0.302	0.402	0.212	2.85621356964111	0.312	-2.48354840278625	-53.3976197242737	7.75802421569825	-0.175794479846954	1.33793517219263
sub-57953	E157	DIN9	90	0.178	0.278	0.302	0.402	0.228	5.66293096542358	0.336	-3.9588770866394	-89.0908152968795	7.75802421569825	-0.175794479846954	1.33793517219263
sub-57953	E158	DI10	100	0.178	0.278	0.302	0.402	0.232	4.752769947052	0.336	2.63912582397461	-20.3235011834365	-1.14072065353393	-0.0311345148086549	2.67445824678822
sub-57953	E158	DIN6	60	0.178	0.278	0.302	0.402	0.18	-4.76763582229614	0.364	-6.73480558395386	-10.6911400090093	-1.14072065353393	-0.0311345148086549	2.67445824678822
sub-57953	E158	DIN7	70	0.178	0.278	0.302	0.402	0.228	2.61101794242859	0.396	-2.68364906311035	-31.5158750329699	-1.14072065353393	-0.0311345148086549	2.67445824678822
sub-57953	E158	DIN8	80	0.178	0.278	0.302	0.402	0.212	3.05637788772583	0.356	2.38961935043335	-4.63026762008667	-1.14072065353393	-0.0311345148086549	2.67445824678822
sub-57953	E158	DIN9	90	0.178	0.278	0.302	0.402	0.228	4.26628828048706	0.336	-3.848881483078	-75.1404607737506	-1.14072065353393	-0.0311345148086549	2.67445824678822
sub-57953	E159	DI10	100	0.178	0.278	0.302	0.402	0.232	3.16670227050781	0.38	-2.46490120887756	-38.051374860712	5.49032406806946	-0.109167282581329	2.4685358317955
sub-57953	E159	DIN6	60	0.178	0.278	0.302	0.402	0.18	-3.47893953323364	0.364	-6.88216066360474	-18.4957670128864	5.49032406806946	-0.109167282581329	2.4685358317955
sub-57953	E159	DIN7	70	0.178	0.278	0.302	0.402	0.2	-2.01400184631348	0.396	-2.68439221382141	-3.42035901789763	5.49032406806946	-0.109167282581329	2.4685358317955
sub-57953	E159	DIN8	80	0.178	0.278	0.302	0.402	0.188	-2.26039266586304	0.328	-1.64011645317078	4.43054437637329	5.49032406806946	-0.109167282581329	2.4685358317955
sub-57953	E159	DIN9	90	0.178	0.278	0.302	0.402	0.228	4.37922525405884	0.336	-2.75112867355347	-66.0217956260398	5.49032406806946	-0.109167282581329	2.4685358317955
sub-57953	E160	DI10	100	0.178	0.278	0.302	0.402	0.192	-1.29942119121552	0.352	1.78298997879028	19.2650698125362	-5.94512264728546	0.0748570418357849	1.19955188066551
sub-57953	E160	DIN6	60	0.178	0.278	0.302	0.402	0.18	-2.22007203102112	0.364	-3.50037169456482	-6.9581503453462	-5.94512264728546	0.0748570418357849	1.19955188066551
sub-57953	E160	DIN7	70	0.178	0.278	0.302	0.402	0.2	-2.46658205986023	0.376	-2.27382564544678	1.09520690007643	-5.94512264728546	0.0748570418357849	1.19955188066551
sub-57953	E160	DIN8	80	0.178	0.278	0.302	0.402	0.256	1.90992152690887	0.32	1.17921817302704	-11.4172399044037	-5.94512264728546	0.0748570418357849	1.19955188066551
sub-57953	E160	DIN9	90	0.178	0.278	0.302	0.402	0.228	2.57451581954956	0.38	1.5275547504425	-6.88790177044116	-5.94512264728546	0.0748570418357849	1.19955188066551
sub-57953	E161	DI10	100	0.178	0.278	0.302	0.402	0.192	-0.815055191516876	0.352	1.79358208179474	16.3039829581976	-7.38955327272415	0.088565548658371	1.36422303779676
sub-57953	E161	DIN6	60	0.178	0.278	0.302	0.402	0.276	-2.14315485954285	0.364	-2.49436283111572	-3.9909996769645	-7.38955327272415	0.088565548658371	1.36422303779676
sub-57953	E161	DIN7	70	0.178	0.278	0.302	0.402	0.236	1.79151117801666	0.376	-1.45479106903076	-23.1878731931959	-7.38955327272415	0.088565548658371	1.36422303779676
sub-57953	E161	DIN8	80	0.178	0.278	0.302	0.402	0.216	1.98571515083313	0.32	1.76247906684875	-2.14650080754207	-7.38955327272415	0.088565548658371	1.36422303779676
sub-57953	E161	DIN9	90	0.178	0.278	0.302	0.402	0.188	1.70546078681946	0.392	1.39602291584015	-1.5168523087221	-7.38955327272415	0.088565548658371	1.36422303779676
sub-57953	E162	DI10	100	0.178	0.278	0.302	0.402	0.232	-4.42997646331787	0.384	2.33008432388306	44.4740841263219	-0.588114929199213	0.0428629326820373	2.87805563099543
sub-57953	E162	DIN6	60	0.178	0.278	0.302	0.402	0.212	-2.53944063186646	0.364	3.28682279586792	38.3306804456209	-0.588114929199213	0.0428629326820373	2.87805563099543
sub-57953	E162	DIN7	70	0.178	0.278	0.302	0.402	0.264	-2.05736327171326	0.388	-2.56114554405212	-4.06276026079732	-0.588114929199213	0.0428629326820373	2.87805563099543
sub-57953	E162	DIN8	80	0.178	0.278	0.302	0.402	0.228	2.43753933906555	0.396	2.6446795463562	1.2329774243491	-0.588114929199213	0.0428629326820373	2.87805563099543
sub-57953	E162	DIN9	90	0.178	0.278	0.302	0.402	0.184	2.27851414680481	0.392	4.19343042373657	9.20632825447963	-0.588114929199213	0.0428629326820373	2.87805563099543
sub-57953	E163	DI10	100	0.178	0.278	0.302	0.402	0.232	-7.68468809127808	0.364	3.42058825492859	84.1308814106566	-8.95694065093994	0.15294860124588	3.49520641518798
sub-57953	E163	DIN6	60	0.178	0.278	0.302	0.402	0.252	4.45489597320557	0.364	8.11209774017334	32.6535872050694	-8.95694065093994	0.15294860124588	3.49520641518798
sub-57953	E163	DIN7	70	0.178	0.278	0.302	0.402	0.264	-4.37207221984863	0.388	-3.72095561027527	5.2509403997852	-8.95694065093994	0.15294860124588	3.49520641518798
sub-57953	E163	DIN8	80	0.178	0.278	0.302	0.402	0.224	4.14771747589111	0.4	4.07903242111206	-0.3902559930628	-8.95694065093994	0.15294860124588	3.49520641518798
sub-57953	E163	DIN9	90	0.178	0.278	0.302	0.402	0.204	4.64303493499756	0.392	5.69286251068115	5.58418923235954	-8.95694065093994	0.15294860124588	3.49520641518798
sub-57953	E164	DI10	100	0.178	0.278	0.302	0.402	0.232	-7.34620237350464	0.38	3.42256760597229	72.7619593207901	5.4023705482483	-0.0103787994384767	5.16664585505489
sub-57953	E164	DIN6	60	0.178	0.278	0.302	0.402	0.212	-3.67166996002197	0.364	7.35352516174316	72.5341784326654	5.4023705482483	-0.0103787994384767	5.16664585505489
sub-57953	E164	DIN7	70	0.178	0.278	0.302	0.402	0.264	-4.01430749893188	0.388	-3.29665231704712	5.78754178939327	5.4023705482483	-0.0103787994384767	5.16664585505489
sub-57953	E164	DIN8	80	0.178	0.278	0.302	0.402	0.18	3.35386252403259	0.4	3.50994968414307	0.709487091411244	5.4023705482483	-0.0103787994384767	5.16664585505489
sub-57953	E164	DIN9	90	0.178	0.278	0.302	0.402	0.204	4.48642492294312	0.336	4.67905044555664	1.45928426222368	5.4023705482483	-0.0103787994384767	5.16664585505489
sub-57953	E165	DI10	100	0.178	0.278	0.302	0.402	0.22	3.86793684959412	0.368	-2.76419043540955	-44.8116708446193	-4.70145046710968	-0.00703502535820005	1.94369638153732
sub-57953	E165	DIN6	60	0.178	0.278	0.302	0.402	0.208	3.3906729221344	0.364	-3.4618022441864	-43.9261228610308	-4.70145046710968	-0.00703502535820005	1.94369638153732
sub-57953	E165	DIN7	70	0.178	0.278	0.302	0.402	0.22	3.19622659683228	0.348	-1.86323142051697	-39.527015760541	-4.70145046710968	-0.00703502535820005	1.94369638153732
sub-57953	E165	DIN8	80	0.178	0.278	0.302	0.402	0.244	3.72457146644592	0.376	2.15102577209473	-11.9208007147818	-4.70145046710968	-0.00703502535820005	1.94369638153732
sub-57953	E165	DIN9	90	0.178	0.278	0.302	0.402	0.228	4.94749546051025	0.336	-1.25616085529327	-57.441262183366	-4.70145046710968	-0.00703502535820005	1.94369638153732
sub-57953	E166	DI10	100	0.178	0.278	0.302	0.402	0.22	3.32894921302795	0.368	-2.33233761787415	-38.2519380466358	3.42744770050049	-0.0837986028194428	1.40968790554021
sub-57953	E166	DIN6	60	0.178	0.278	0.302	0.402	0.252	-2.54783082008362	0.364	-3.22623062133789	-6.05714108262743	3.42744770050049	-0.0837986028194428	1.40968790554021
sub-57953	E166	DIN7	70	0.178	0.278	0.302	0.402	0.22	3.01113343238831	0.348	-1.86511480808258	-38.0956893786788	3.42744770050049	-0.0837986028194428	1.40968790554021
sub-57953	E166	DIN8	80	0.178	0.278	0.302	0.402	0.244	3.70617985725403	0.384	1.83024656772614	-13.3995234966278	3.42744770050049	-0.0837986028194428	1.40968790554021
sub-57953	E166	DIN9	90	0.178	0.278	0.302	0.402	0.228	4.35307216644287	0.376	1.06273770332336	-22.2319896156723	3.42744770050049	-0.0837986028194428	1.40968790554021
sub-57953	E167	DI10	100	0.178	0.278	0.302	0.402	0.22	2.89017057418823	0.368	-2.08364176750183	-33.6068401465545	-3.57437694072724	0.00445098996162418	2.05119190201703
sub-57953	E167	DIN6	60	0.178	0.278	0.302	0.402	0.208	2.44338178634644	0.364	-3.71244859695435	-39.460451175005	-3.57437694072724	0.00445098996162418	2.05119190201703
sub-57953	E167	DIN7	70	0.178	0.278	0.302	0.402	0.22	2.80344128608704	0.312	1.94408798217773	-9.34079678162285	-3.57437694072724	0.00445098996162418	2.05119190201703
sub-57953	E167	DIN8	80	0.178	0.278	0.302	0.402	0.244	3.09423494338989	0.384	1.77003264427185	-9.45858785084316	-3.57437694072724	0.00445098996162418	2.05119190201703
sub-57953	E167	DIN9	90	0.178	0.278	0.302	0.402	0.228	4.09410762786865	0.368	1.31581723690033	-19.8449313640595	-3.57437694072724	0.00445098996162418	2.05119190201703
sub-57953	E168	DI10	100	0.178	0.278	0.302	0.402	0.18	-1.9122701883316	0.352	2.27840089797974	24.3643667808799	-7.46573123931884	0.09025759100914	1.88985847775605
sub-57953	E168	DIN6	60	0.178	0.278	0.302	0.402	0.276	-2.22966861724854	0.364	-3.31629467010498	-12.3480233279142	-7.46573123931884	0.09025759100914	1.88985847775605
sub-57953	E168	DIN7	70	0.178	0.278	0.302	0.402	0.236	2.46156740188599	0.312	1.62737560272217	-10.9762078837344	-7.46573123931884	0.09025759100914	1.88985847775605
sub-57953	E168	DIN8	80	0.178	0.278	0.302	0.402	0.244	2.70655202865601	0.376	1.57410597801208	-8.57913674730243	-7.46573123931884	0.09025759100914	1.88985847775605
sub-57953	E168	DIN9	90	0.178	0.278	0.302	0.402	0.228	3.47007179260254	0.368	1.10704481601715	-16.8787641184671	-7.46573123931884	0.09025759100914	1.88985847775605
sub-57953	E169	DI10	100	0.178	0.278	0.302	0.402	0.224	1.85998475551605	0.352	2.12567114830017	2.07567494362593	-2.84351596832275	0.023325206041336	0.872546822181523
sub-57953	E169	DIN6	60	0.178	0.278	0.302	0.402	0.18	-2.29198217391968	0.364	-4.17687320709229	-10.2439730063729	-2.84351596832275	0.023325206041336	0.872546822181523
sub-57953	E169	DIN7	70	0.178	0.278	0.302	0.402	0.236	2.32547330856323	0.312	2.18734908103943	-1.81742404636584	-2.84351596832275	0.023325206041336	0.872546822181523
sub-57953	E169	DIN8	80	0.178	0.278	0.302	0.402	0.256	2.36091423034668	0.304	1.33750414848328	-21.3210433721542	-2.84351596832275	0.023325206041336	0.872546822181523
sub-57953	E169	DIN9	90	0.178	0.278	0.302	0.402	0.228	3.36827230453491	0.368	1.26151382923126	-15.0482748235975	-2.84351596832275	0.023325206041336	0.872546822181523
sub-57953	E170	DI10	100	0.178	0.278	0.302	0.402	0.244	5.0070013999939	0.352	2.50108623504639	-23.2029181939584	8.2644365310669	-0.120232429504395	4.799320775267
sub-57953	E170	DIN6	60	0.178	0.278	0.302	0.402	0.256	-3.22945666313171	0.364	-7.31048154830933	-37.7872674553483	8.2644365310669	-0.120232429504395	4.799320775267
sub-57953	E170	DIN7	70	0.178	0.278	0.302	0.402	0.2	-3.52977561950684	0.312	4.34432029724121	70.3044278281076	8.2644365310669	-0.120232429504395	4.799320775267
sub-57953	E170	DIN8	80	0.178	0.278	0.302	0.402	0.256	3.56240844726562	0.32	2.80382990837097	-11.852789670229	8.2644365310669	-0.120232429504395	4.799320775267
sub-57953	E170	DIN9	90	0.178	0.278	0.302	0.402	0.228	4.28089237213135	0.336	-3.01847410202026	-67.5867266125149	8.2644365310669	-0.120232429504395	4.799320775267
sub-57953	E171	DI10	100	0.178	0.278	0.302	0.402	0.204	1.40663743019104	0.344	1.96004438400269	3.95290681294033	7.1934333562851	-0.0667529535293579	1.32432655080432
sub-57953	E171	DIN6	60	0.178	0.278	0.302	0.402	0.256	-1.51422834396362	0.32	2.12783789634705	56.9072850048542	7.1934333562851	-0.0667529535293579	1.32432655080432
sub-57953	E171	DIN7	70	0.178	0.278	0.302	0.402	0.236	1.84283137321472	0.312	2.61780762672424	10.1970559672305	7.1934333562851	-0.0667529535293579	1.32432655080432
sub-57953	E171	DIN8	80	0.178	0.278	0.302	0.402	0.276	-2.65102410316467	0.316	1.36751234531403	100.463411211968	7.1934333562851	-0.0667529535293579	1.32432655080432
sub-57953	E171	DIN9	90	0.178	0.278	0.302	0.402	0.184	2.07328748703003	0.392	2.35028696060181	1.33172823832585	7.1934333562851	-0.0667529535293579	1.32432655080432
sub-57953	E172	DI10	100	0.178	0.278	0.302	0.402	0.232	-4.09417724609375	0.384	2.7911810874939	45.2984100893924	6.34954538345338	-0.0336088728904725	2.93256206226426
sub-57953	E172	DIN6	60	0.178	0.278	0.302	0.402	0.212	-2.42183399200439	0.364	3.72046232223511	40.4098441726283	6.34954538345338	-0.0336088728904725	2.93256206226426
sub-57953	E172	DIN7	70	0.178	0.278	0.302	0.402	0.264	-2.5999584197998	0.308	2.49292421340942	115.747332572937	6.34954538345338	-0.0336088728904725	2.93256206226426
sub-57953	E172	DIN8	80	0.178	0.278	0.302	0.402	0.228	2.47716665267944	0.388	2.41493582725525	-0.388942658901215	6.34954538345338	-0.0336088728904725	2.93256206226426
sub-57953	E172	DIN9	90	0.178	0.278	0.302	0.402	0.204	2.79236197471619	0.392	3.03823328018188	1.30782609290265	6.34954538345338	-0.0336088728904725	2.93256206226426
sub-57953	E173	DI10	100	0.178	0.278	0.302	0.402	0.232	-6.44062852859497	0.38	2.97992610931396	63.6523962020874	-5.06687626838684	0.103164126873016	3.10272037131259
sub-57953	E173	DIN6	60	0.178	0.278	0.302	0.402	0.252	4.08358430862427	0.364	8.40315723419189	38.5676154068538	-5.06687626838684	0.103164126873016	3.10272037131259
sub-57953	E173	DIN7	70	0.178	0.278	0.302	0.402	0.264	-4.51230382919312	0.388	-3.54311919212341	7.81600513765889	-5.06687626838684	0.103164126873016	3.10272037131259
sub-57953	E173	DIN8	80	0.178	0.278	0.302	0.402	0.228	3.09705638885498	0.388	3.23537969589233	0.864520668983459	-5.06687626838684	0.103164126873016	3.10272037131259
sub-57953	E173	DIN9	90	0.178	0.278	0.302	0.402	0.204	4.65587902069092	0.336	5.73951292037964	8.20934772491455	-5.06687626838684	0.103164126873016	3.10272037131259
sub-57953	E174	DI10	100	0.178	0.278	0.302	0.402	0.22	3.84518337249756	0.368	-2.51004505157471	-42.9407325950829	-4.60051920413971	0.00297267913818364	1.67083977570169
sub-57953	E174	DIN6	60	0.178	0.278	0.302	0.402	0.208	2.76655554771423	0.336	-2.76782917976379	-43.2373806834221	-4.60051920413971	0.00297267913818364	1.67083977570169
sub-57953	E174	DIN7	70	0.178	0.278	0.302	0.402	0.22	3.03859162330627	0.348	-1.992427110672	-39.3048338592053	-4.60051920413971	0.00297267913818364	1.67083977570169
sub-57953	E174	DIN8	80	0.178	0.278	0.302	0.402	0.244	3.50168085098267	0.384	1.70085179805756	-12.8630646637508	-4.60051920413971	0.00297267913818364	1.67083977570169
sub-57953	E174	DIN9	90	0.178	0.278	0.302	0.402	0.228	4.23821401596069	0.372	1.14615058898926	-21.4726626873016	-4.60051920413971	0.00297267913818364	1.67083977570169
sub-57953	E175	DI10	100	0.178	0.278	0.302	0.402	0.22	3.26248598098755	0.368	-2.06643724441528	-36.0062380094786	6.34828107357025	-0.106891678571701	0.722559731170849
sub-57953	E175	DIN6	60	0.178	0.278	0.302	0.402	0.276	-2.28496599197388	0.364	-2.85350346565247	-6.46065310998397	6.34828107357025	-0.106891678571701	0.722559731170849
sub-57953	E175	DIN7	70	0.178	0.278	0.302	0.402	0.232	3.12880897521973	0.308	1.83892798423767	-16.9721183023955	6.34828107357025	-0.106891678571701	0.722559731170849
sub-57953	E175	DIN8	80	0.178	0.278	0.302	0.402	0.244	3.54420185089111	0.384	2.1745548248291	-9.78319304330008	6.34828107357025	-0.106891678571701	0.722559731170849
sub-57953	E175	DIN9	90	0.178	0.278	0.302	0.402	0.228	3.64266920089722	0.368	1.18439185619354	-17.5591238907405	6.34828107357025	-0.106891678571701	0.722559731170849
sub-57953	E176	DI10	100	0.178	0.278	0.302	0.402	0.224	2.84447383880615	0.352	2.12724423408508	-5.60335628688336	0.303138661384585	-0.016398333311081	0.485851172121691
sub-57953	E176	DIN6	60	0.178	0.278	0.302	0.402	0.252	-1.95126509666443	0.364	-2.57889080047607	-5.60380092688969	0.303138661384585	-0.016398333311081	0.485851172121691
sub-57953	E176	DIN7	70	0.178	0.278	0.302	0.402	0.236	2.86186981201172	0.312	2.37475252151489	-6.40943803285298	0.303138661384585	-0.016398333311081	0.485851172121691
sub-57953	E176	DIN8	80	0.178	0.278	0.302	0.402	0.244	2.94349002838135	0.384	1.6795654296875	-9.0280328478132	0.303138661384585	-0.016398333311081	0.485851172121691
sub-57953	E176	DIN9	90	0.178	0.278	0.302	0.402	0.228	3.37843561172485	0.368	1.43069279193878	-13.9124487127577	0.303138661384585	-0.016398333311081	0.485851172121691
sub-57953	E177	DI10	100	0.178	0.278	0.302	0.402	0.22	2.75908660888672	0.352	1.8101270198822	-7.18908779548876	0.333640313148501	-0.0191784369945526	0.575074812778576
sub-57953	E177	DIN6	60	0.178	0.278	0.302	0.402	0.252	-1.9630925655365	0.364	-2.89805674552917	-8.34789446422032	0.333640313148501	-0.0191784369945526	0.575074812778576
sub-57953	E177	DIN7	70	0.178	0.278	0.302	0.402	0.236	2.84056997299194	0.312	2.45798206329346	-5.03405144340114	0.333640313148501	-0.0191784369945526	0.575074812778576
sub-57953	E177	DIN8	80	0.178	0.278	0.302	0.402	0.244	2.95203399658203	0.384	1.48781323432922	-10.4587197303772	0.333640313148501	-0.0191784369945526	0.575074812778576
sub-57953	E177	DIN9	90	0.178	0.278	0.302	0.402	0.228	3.54770851135254	0.364	1.27526772022247	-16.7091234641917	0.333640313148501	-0.0191784369945526	0.575074812778576
sub-57953	E178	DI10	100	0.178	0.278	0.302	0.402	0.22	2.645188331604	0.352	2.01697182655334	-4.75921594735348	-1.31024177074432	-0.00391906738281255	1.25235778028902
sub-57953	E178	DIN6	60	0.178	0.278	0.302	0.402	0.252	-1.82645416259766	0.364	-2.85867381095886	-9.21624686036791	-1.31024177074432	-0.00391906738281255	1.25235778028902
sub-57953	E178	DIN7	70	0.178	0.278	0.302	0.402	0.236	2.60855102539062	0.312	1.96462523937225	-8.47270771076805	-1.31024177074432	-0.00391906738281255	1.25235778028902
sub-57953	E178	DIN8	80	0.178	0.278	0.302	0.402	0.244	2.64126300811768	0.328	-1.32937204837799	-47.2694649582817	-1.31024177074432	-0.00391906738281255	1.25235778028902
sub-57953	E178	DIN9	90	0.178	0.278	0.302	0.402	0.228	3.2918598651886	0.376	1.44802105426788	-12.4583703440589	-1.31024177074432	-0.00391906738281255	1.25235778028902
sub-57953	E179	DI10	100	0.178	0.278	0.302	0.402	0.22	1.68498158454895	0.348	1.82681167125702	1.10804755240679	-2.06763453483582	0.034050806760788	1.22736121296225
sub-57953	E179	DIN6	60	0.178	0.278	0.302	0.402	0.268	-1.19170641899109	0.372	-1.15318441390991	0.370403895011315	-2.06763453483582	0.034050806760788	1.22736121296225
sub-57953	E179	DIN7	70	0.178	0.278	0.302	0.402	0.236	2.28326106071472	0.312	2.36375546455383	1.05913689261989	-2.06763453483582	0.034050806760788	1.22736121296225
sub-57953	E179	DIN8	80	0.178	0.278	0.302	0.402	0.216	1.78380739688873	0.388	1.52615201473236	-1.49799640788588	-2.06763453483582	0.034050806760788	1.22736121296225
sub-57953	E179	DIN9	90	0.178	0.278	0.302	0.402	0.276	-1.68334674835205	0.392	1.59561216831207	28.2668872126218	-2.06763453483582	0.034050806760788	1.22736121296225
sub-57953	E180	DI10	100	0.178	0.278	0.302	0.402	0.232	-2.76602578163147	0.384	1.62537789344788	28.8908136518378	-4.46980726718902	0.0741873025894165	1.1582073230092
sub-57953	E180	DIN6	60	0.178	0.278	0.302	0.402	0.26	1.72078084945679	0.364	2.74599862098694	9.85786318778992	-4.46980726718902	0.0741873025894165	1.1582073230092
sub-57953	E180	DIN7	70	0.178	0.278	0.302	0.402	0.236	1.94464695453644	0.308	2.67731213569641	10.1759052938885	-4.46980726718902	0.0741873025894165	1.1582073230092
sub-57953	E180	DIN8	80	0.178	0.278	0.302	0.402	0.228	1.94021821022034	0.388	1.6977926492691	-1.51515975594521	-4.46980726718902	0.0741873025894165	1.1582073230092
sub-57953	E180	DIN9	90	0.178	0.278	0.302	0.402	0.204	1.48271310329437	0.336	2.90173673629761	10.7501790379033	-4.46980726718902	0.0741873025894165	1.1582073230092
sub-57953	E181	DI10	100	0.178	0.278	0.302	0.402	0.232	-3.76985883712769	0.384	2.46622467041016	41.02686518117	-1.17418904304504	0.0517952847480773	2.21838268259567
sub-57953	E181	DIN6	60	0.178	0.278	0.302	0.402	0.18	2.27981781959534	0.364	4.36450052261353	11.3297972990119	-1.17418904304504	0.0517952847480773	2.21838268259567
sub-57953	E181	DIN7	70	0.178	0.278	0.302	0.402	0.264	-2.26229667663574	0.308	2.70406937599182	112.871955741536	-1.17418904304504	0.0517952847480773	2.21838268259567
sub-57953	E181	DIN8	80	0.178	0.278	0.302	0.402	0.228	2.18200087547302	0.388	1.89894437789917	-1.76910310983658	-1.17418904304504	0.0517952847480773	2.21838268259567
sub-57953	E181	DIN9	90	0.178	0.278	0.302	0.402	0.204	2.11068892478943	0.336	3.95378184318542	13.9628251393636	-1.17418904304504	0.0517952847480773	2.21838268259567
sub-57953	E182	DI10	100	0.178	0.278	0.302	0.402	0.232	-6.8410849571228	0.384	3.2174973487854	66.1748835915013	-6.46615252494812	0.156707980632782	3.28994708467693
sub-57953	E182	DIN6	60	0.178	0.278	0.302	0.402	0.18	3.86954665184021	0.364	7.66751432418823	20.6411286540653	-6.46615252494812	0.156707980632782	3.28994708467693
sub-57953	E182	DIN7	70	0.178	0.278	0.302	0.402	0.264	-3.41196990013123	0.308	3.4463210105896	155.870247970928	-6.46615252494812	0.156707980632782	3.28994708467693
sub-57953	E182	DIN8	80	0.178	0.278	0.302	0.402	0.188	2.92708301544189	0.4	2.55681204795837	-1.7465611673751	-6.46615252494812	0.156707980632782	3.28994708467693
sub-57953	E182	DIN9	90	0.178	0.278	0.302	0.402	0.228	-4.07951641082764	0.336	5.92834329605103	92.6653676562839	-6.46615252494812	0.156707980632782	3.28994708467693
sub-57953	E183	DI10	100	0.178	0.278	0.302	0.402	0.232	-7.22964954376221	0.364	3.69879794120789	82.791268825531	-6.48294544219971	0.175769424438477	1.14247642216124
sub-57953	E183	DIN6	60	0.178	0.278	0.302	0.402	0.18	3.92934846878052	0.364	7.32103729248047	18.4330914331519	-6.48294544219971	0.175769424438477	1.14247642216124
sub-57953	E183	DIN7	70	0.178	0.278	0.302	0.402	0.212	-3.31487989425659	0.308	4.23110485076904	78.6040077606837	-6.48294544219971	0.175769424438477	1.14247642216124
sub-57953	E183	DIN8	80	0.178	0.278	0.302	0.402	0.248	-3.09792733192444	0.388	2.87958431243896	42.6965117454529	-6.48294544219971	0.175769424438477	1.14247642216124
sub-57953	E183	DIN9	90	0.178	0.278	0.302	0.402	0.228	-4.66037511825562	0.336	5.38903474807739	93.0500913549352	-6.48294544219971	0.175769424438477	1.14247642216124
sub-57953	E184	DI10	100	0.178	0.278	0.302	0.402	0.232	-5.68385982513428	0.38	3.06928157806396	59.142847318907	2.93192348480225	0.0351422166824341	3.28467364102553
sub-57953	E184	DIN6	60	0.178	0.278	0.302	0.402	0.212	-2.88776278495789	0.364	5.02607250213623	52.0647058361455	2.93192348480225	0.0351422166824341	3.28467364102553
sub-57953	E184	DIN7	70	0.178	0.278	0.302	0.402	0.212	-2.4609386920929	0.308	2.90271091461182	55.8713500698408	2.93192348480225	0.0351422166824341	3.28467364102553
sub-57953	E184	DIN8	80	0.178	0.278	0.302	0.402	0.18	2.50666284561157	0.312	1.9932816028595	-3.88925183903087	2.93192348480225	0.0351422166824341	3.28467364102553
sub-57953	E184	DIN9	90	0.178	0.278	0.302	0.402	0.228	-3.60685229301453	0.336	3.59240674972534	66.6598059512951	2.93192348480225	0.0351422166824341	3.28467364102553
sub-57953	E185	DI10	100	0.178	0.278	0.302	0.402	0.18	3.85912036895752	0.364	3.49435639381409	-1.98241290838822	6.30485925674438	-0.0582691168785095	1.83121747588238
sub-57953	E185	DIN6	60	0.178	0.278	0.302	0.402	0.252	3.41655468940735	0.364	4.07837104797363	5.90907463005611	6.30485925674438	-0.0582691168785095	1.83121747588238
sub-57953	E185	DIN7	70	0.178	0.278	0.302	0.402	0.22	-1.96919274330139	0.368	1.63863444328308	24.3772107201654	6.30485925674438	-0.0582691168785095	1.83121747588238
sub-57953	E185	DIN8	80	0.178	0.278	0.302	0.402	0.248	-2.17680406570435	0.328	2.30088973045349	55.9711724519729	6.30485925674438	-0.0582691168785095	1.83121747588238
sub-57953	E185	DIN9	90	0.178	0.278	0.302	0.402	0.204	3.49289751052856	0.336	3.32697367668152	-1.2569987412655	6.30485925674438	-0.0582691168785095	1.83121747588238
sub-57953	E186	DI10	100	0.178	0.278	0.302	0.402	0.204	-8.21236801147461	0.316	8.57465362548828	149.884121758597	24.9158165931702	-0.182882118225098	8.04516029279607
sub-57953	E186	DIN6	60	0.178	0.278	0.302	0.402	0.18	-7.93912506103516	0.388	8.70096111297607	80.0004142981309	24.9158165931702	-0.182882118225098	8.04516029279607
sub-57953	E186	DIN7	70	0.178	0.278	0.302	0.402	0.244	-8.21195316314697	0.34	9.8676872253418	188.329587380091	24.9158165931702	-0.182882118225098	8.04516029279607
sub-57953	E186	DIN8	80	0.178	0.278	0.302	0.402	0.228	-6.76261281967163	0.312	-6.34068298339844	5.02297424134754	24.9158165931702	-0.182882118225098	8.04516029279607
sub-57953	E186	DIN9	90	0.178	0.278	0.302	0.402	0.2	9.36723136901855	0.352	8.86478900909424	-3.30554184160735	24.9158165931702	-0.182882118225098	8.04516029279607
sub-57953	E187	DI10	100	0.178	0.278	0.302	0.402	0.22	3.46099996566772	0.368	-2.30981802940369	-38.9920134802122	-1.39601407051087	-0.0245911490917206	1.80254631644519
sub-57953	E187	DIN6	60	0.178	0.278	0.302	0.402	0.208	2.51514053344727	0.324	-2.7644681930542	-45.5138683319092	-1.39601407051087	-0.0245911490917206	1.80254631644519
sub-57953	E187	DIN7	70	0.178	0.278	0.302	0.402	0.232	3.06055665016174	0.308	1.77674281597137	-16.8922872919785	-1.39601407051087	-0.0245911490917206	1.80254631644519
sub-57953	E187	DIN8	80	0.178	0.278	0.302	0.402	0.244	3.63955163955688	0.384	1.91777241230011	-12.2984230518341	-1.39601407051087	-0.0245911490917206	1.80254631644519
sub-57953	E187	DIN9	90	0.178	0.278	0.302	0.402	0.228	3.8607382774353	0.372	1.10022807121277	-19.1702097654343	-1.39601407051087	-0.0245911490917206	1.80254631644519
sub-57953	E188	DI10	100	0.178	0.278	0.302	0.402	0.22	2.95477533340454	0.348	1.91022562980652	-8.16054455935955	-4.60196847915649	0.0269821262359619	1.56371093643755
sub-57953	E188	DIN6	60	0.178	0.278	0.302	0.402	0.208	1.85488080978394	0.364	-2.19455242156982	-25.9579053291908	-4.60196847915649	0.0269821262359619	1.56371093643755
sub-57953	E188	DIN7	70	0.178	0.278	0.302	0.402	0.236	3.16530823707581	0.308	1.74909067153931	-19.6696884102291	-4.60196847915649	0.0269821262359619	1.56371093643755
sub-57953	E188	DIN8	80	0.178	0.278	0.302	0.402	0.244	2.80807971954346	0.384	1.82906031608582	-6.99299573898315	-4.60196847915649	0.0269821262359619	1.56371093643755
sub-57953	E188	DIN9	90	0.178	0.278	0.302	0.402	0.228	3.32999920845032	0.348	-1.39777278900146	-39.3980999787649	-4.60196847915649	0.0269821262359619	1.56371093643755
sub-57953	E189	DI10	100	0.178	0.278	0.302	0.402	0.22	2.63956165313721	0.348	1.66190445423126	-7.6379468664527	-5.05744407176971	0.044478349685669	0.70670920879827
sub-57953	E189	DIN6	60	0.178	0.278	0.302	0.402	0.204	1.6167825460434	0.344	-1.75996351242065	-24.1196147033146	-5.05744407176971	0.044478349685669	0.70670920879827
sub-57953	E189	DIN7	70	0.178	0.278	0.302	0.402	0.236	2.63512229919434	0.312	1.78874063491821	-11.1366008457385	-5.05744407176971	0.044478349685669	0.70670920879827
sub-57953	E189	DIN8	80	0.178	0.278	0.302	0.402	0.244	2.56643390655518	0.384	1.46806275844574	-7.84550820078169	-5.05744407176971	0.044478349685669	0.70670920879827
sub-57953	E189	DIN9	90	0.178	0.278	0.302	0.402	0.228	2.38360095024109	0.304	1.18687653541565	-15.7463738792821	-5.05744407176971	0.044478349685669	0.70670920879827
sub-57953	E190	DI10	100	0.178	0.278	0.302	0.402	0.22	2.23530435562134	0.348	1.66326475143433	-4.46905940771103	-4.97998464107514	0.0485223424434662	0.724397062740597
sub-57953	E190	DIN6	60	0.178	0.278	0.302	0.402	0.204	1.60136520862579	0.324	-1.48796987533569	-25.7444590330124	-4.97998464107514	0.0485223424434662	0.724397062740597
sub-57953	E190	DIN7	70	0.178	0.278	0.302	0.402	0.232	2.69413661956787	0.308	2.14749956130981	-7.19259287181654	-4.97998464107514	0.0485223424434662	0.724397062740597
sub-57953	E190	DIN8	80	0.178	0.278	0.302	0.402	0.244	1.97145843505859	0.388	1.41747772693634	-3.84708825084898	-4.97998464107514	0.0485223424434662	0.724397062740597
sub-57953	E190	DIN9	90	0.178	0.278	0.302	0.402	0.228	1.97376954555511	0.332	1.24477577209473	-7.00955551404219	-4.97998464107514	0.0485223424434662	0.724397062740597
sub-57953	E191	DI10	100	0.178	0.278	0.302	0.402	0.22	1.68926119804382	0.348	1.76924538612366	0.624876469373703	1.08350262641907	-0.0218453800678254	1.11340504675071
sub-57953	E191	DIN6	60	0.178	0.278	0.302	0.402	0.268	-1.1194680929184	0.372	-1.40212154388428	-2.71782164390271	1.08350262641907	-0.0218453800678254	1.11340504675071
sub-57953	E191	DIN7	70	0.178	0.278	0.302	0.402	0.236	2.24423384666443	0.312	2.19068193435669	-0.704630425101832	1.08350262641907	-0.0218453800678254	1.11340504675071
sub-57953	E191	DIN8	80	0.178	0.278	0.302	0.402	0.216	1.72491180896759	0.384	1.62385928630829	-0.601503111067272	1.08350262641907	-0.0218453800678254	1.11340504675071
sub-57953	E191	DIN9	90	0.178	0.278	0.302	0.402	0.228	1.54405832290649	0.348	-1.41930687427521	-24.6947099765142	1.08350262641907	-0.0218453800678254	1.11340504675071
sub-57953	E192	DI10	100	0.178	0.278	0.302	0.402	0.232	-2.43261051177979	0.384	2.01220870018005	29.2422316576305	-5.29104373455047	0.0826392030715942	1.15850224390372
sub-57953	E192	DIN6	60	0.178	0.278	0.302	0.402	0.26	1.93416845798492	0.364	2.5361328125	5.78811879341419	-5.29104373455047	0.0826392030715942	1.15850224390372
sub-57953	E192	DIN7	70	0.178	0.278	0.302	0.402	0.236	2.20163917541504	0.308	2.87059998512268	9.29112235705058	-5.29104373455047	0.0826392030715942	1.15850224390372
sub-57953	E192	DIN8	80	0.178	0.278	0.302	0.402	0.228	1.97974765300751	0.388	1.61729443073273	-2.26533263921738	-5.29104373455047	0.0826392030715942	1.15850224390372
sub-57953	E192	DIN9	90	0.178	0.278	0.302	0.402	0.204	2.36071729660034	0.336	3.60788869857788	9.44826819679954	-5.29104373455047	0.0826392030715942	1.15850224390372
sub-57953	E193	DI10	100	0.178	0.278	0.302	0.402	0.232	-4.53126907348633	0.384	2.42197251319885	45.7450104387183	2.8124883890152	0.0216047370433807	3.08734733744698
sub-57953	E193	DIN6	60	0.178	0.278	0.302	0.402	0.212	-2.55089426040649	0.364	5.33300447463989	51.8677548358315	2.8124883890152	0.0216047370433807	3.08734733744698
sub-57953	E193	DIN7	70	0.178	0.278	0.302	0.402	0.236	1.80212604999542	0.308	3.82790160179138	28.1357715527217	2.8124883890152	0.0216047370433807	3.08734733744698
sub-57953	E193	DIN8	80	0.178	0.278	0.302	0.402	0.188	2.26670551300049	0.388	2.0605628490448	-1.03071331977844	2.8124883890152	0.0216047370433807	3.08734733744698
sub-57953	E193	DIN9	90	0.178	0.278	0.302	0.402	0.22	-2.80150151252747	0.336	3.24606204032898	52.1341685591073	2.8124883890152	0.0216047370433807	3.08734733744698
sub-57953	E194	DI10	100	0.178	0.278	0.302	0.402	0.232	-4.88791751861572	0.384	2.58584070205688	49.1694619781093	-8.44873366355896	0.140856096744537	3.77891459675095
sub-57953	E194	DIN6	60	0.178	0.278	0.302	0.402	0.18	2.84669232368469	0.364	6.0380744934082	17.3444683137147	-8.44873366355896	0.140856096744537	3.77891459675095
sub-57953	E194	DIN7	70	0.178	0.278	0.302	0.402	0.236	2.29792857170105	0.32	3.44442820549011	13.6488051641555	-8.44873366355896	0.140856096744537	3.77891459675095
sub-57953	E194	DIN8	80	0.178	0.278	0.302	0.402	0.228	2.10200262069702	0.352	-2.27822422981262	-35.3244100847552	-8.44873366355896	0.140856096744537	3.77891459675095
sub-57953	E194	DIN9	90	0.178	0.278	0.302	0.402	0.22	-3.05033254623413	0.336	3.61702466011047	57.4772172960742	-8.44873366355896	0.140856096744537	3.77891459675095
sub-57953	E195	DI10	100	0.178	0.278	0.302	0.402	0.232	-6.00995445251465	0.384	3.23686838150024	60.834360750098	5.14312977790834	0.0101235771179198	5.5636372490592
sub-57953	E195	DIN6	60	0.178	0.278	0.302	0.402	0.212	-3.35774731636047	0.364	6.99835205078125	68.132232678564	5.14312977790834	0.0101235771179198	5.5636372490592
sub-57953	E195	DIN7	70	0.178	0.278	0.302	0.402	0.264	-2.53499221801758	0.308	3.31267356872559	132.901495153254	5.14312977790834	0.0101235771179198	5.5636372490592
sub-57953	E195	DIN8	80	0.178	0.278	0.302	0.402	0.18	2.59074330329895	0.356	-2.17334151268005	-27.0686637271534	5.14312977790834	0.0101235771179198	5.5636372490592
sub-57953	E195	DIN9	90	0.178	0.278	0.302	0.402	0.228	-4.19349956512451	0.336	4.88507699966431	84.060894118415	5.14312977790834	0.0101235771179198	5.5636372490592
sub-57953	E196	DI10	100	0.178	0.278	0.302	0.402	0.232	-5.60277366638184	0.38	2.74230313301086	56.3856540499507	6.05619339942933	0.001506221294403	3.58368000470706
sub-57953	E196	DIN6	60	0.178	0.278	0.302	0.402	0.212	-3.53682231903076	0.364	5.8741774559021	61.9144722035057	6.05619339942933	0.001506221294403	3.58368000470706
sub-57953	E196	DIN7	70	0.178	0.278	0.302	0.402	0.212	-1.90055108070374	0.308	3.80783414840698	59.46234613657	6.05619339942933	0.001506221294403	3.58368000470706
sub-57953	E196	DIN8	80	0.178	0.278	0.302	0.402	0.18	2.57514119148254	0.312	2.00328159332275	-4.33226968302871	6.05619339942933	0.001506221294403	3.58368000470706
sub-57953	E196	DIN9	90	0.178	0.278	0.302	0.402	0.228	-4.37488269805908	0.336	3.61597061157227	73.9893824965865	6.05619339942933	0.001506221294403	3.58368000470706
sub-57953	E197	DI10	100	0.178	0.278	0.302	0.402	0.232	-6.10998725891113	0.38	2.42555809020996	57.6726037102777	-13.3717287540436	0.214200224876404	2.03715717317049
sub-57953	E197	DIN6	60	0.178	0.278	0.302	0.402	0.18	4.45141220092773	0.364	5.4017915725708	5.16510528066884	-13.3717287540436	0.214200224876404	2.03715717317049
sub-57953	E197	DIN7	70	0.178	0.278	0.302	0.402	0.276	2.20492124557495	0.308	3.78054404258728	49.2382124066353	-13.3717287540436	0.214200224876404	2.03715717317049
sub-57953	E197	DIN8	80	0.178	0.278	0.302	0.402	0.18	2.68626880645752	0.312	2.620854139328	-0.495565660072095	-13.3717287540436	0.214200224876404	2.03715717317049
sub-57953	E197	DIN9	90	0.178	0.278	0.302	0.402	0.228	-4.89308261871338	0.336	2.93223071098328	72.4566049045986	-13.3717287540436	0.214200224876404	2.03715717317049
sub-57953	E198	DI10	100	0.178	0.278	0.302	0.402	0.244	-3.78833818435669	0.376	2.00758600234985	43.9085165659587	-4.7105640411377	0.111856608390808	1.06343091484597
sub-57953	E198	DIN6	60	0.178	0.278	0.302	0.402	0.252	2.2452380657196	0.364	2.76343607902527	4.62676797594343	-4.7105640411377	0.111856608390808	1.06343091484597
sub-57953	E198	DIN7	70	0.178	0.278	0.302	0.402	0.236	-2.04921102523804	0.34	2.75026512145996	46.1488091028653	-4.7105640411377	0.111856608390808	1.06343091484597
sub-57953	E198	DIN8	80	0.178	0.278	0.302	0.402	0.248	-2.30547523498535	0.328	2.34106492996216	58.0817520618439	-4.7105640411377	0.111856608390808	1.06343091484597
sub-57953	E198	DIN9	90	0.178	0.278	0.302	0.402	0.228	-2.74515342712402	0.348	2.68453121185303	45.2473719914754	-4.7105640411377	0.111856608390808	1.06343091484597
sub-57953	E199	DI10	100	0.178	0.278	0.302	0.402	0.22	3.70876288414001	0.372	-1.95663332939148	-37.2723435100756	-1.55042488574982	-0.0177880525588989	2.01067197422029
sub-57953	E199	DIN6	60	0.178	0.278	0.302	0.402	0.204	2.62150287628174	0.332	-2.55232715606689	-40.4205471277237	-1.55042488574982	-0.0177880525588989	2.01067197422029
sub-57953	E199	DIN7	70	0.178	0.278	0.302	0.402	0.232	3.2160005569458	0.308	2.11425733566284	-14.4966213326705	-1.55042488574982	-0.0177880525588989	2.01067197422029
sub-57953	E199	DIN8	80	0.178	0.278	0.302	0.402	0.244	2.795818567276	0.384	1.76685869693756	-7.34971335956028	-1.55042488574982	-0.0177880525588989	2.01067197422029
sub-57953	E199	DIN9	90	0.178	0.278	0.302	0.402	0.228	3.1011688709259	0.304	1.20375275611877	-24.9660015106201	-1.55042488574982	-0.0177880525588989	2.01067197422029
sub-57953	E200	DI10	100	0.178	0.278	0.302	0.402	0.22	4.13070678710938	0.348	2.37393450737	-13.7247834354639	-4.60032560825348	0.0365005075931549	1.0378307645874
sub-57953	E200	DIN6	60	0.178	0.278	0.302	0.402	0.204	2.0910656452179	0.324	-1.77559423446655	-32.2221656640371	-4.60032560825348	0.0365005075931549	1.0378307645874
sub-57953	E200	DIN7	70	0.178	0.278	0.302	0.402	0.236	2.60490608215332	0.308	1.86168920993805	-10.3224565585454	-4.60032560825348	0.0365005075931549	1.0378307645874
sub-57953	E200	DIN8	80	0.178	0.278	0.302	0.402	0.244	2.50003552436829	0.384	1.77820086479187	-5.15596185411726	-4.60032560825348	0.0365005075931549	1.0378307645874
sub-57953	E200	DIN9	90	0.178	0.278	0.302	0.402	0.228	2.69585347175598	0.304	1.38291215896606	-17.275543589341	-4.60032560825348	0.0365005075931549	1.0378307645874
sub-57953	E201	DI10	100	0.178	0.278	0.302	0.402	0.22	2.56495404243469	0.348	1.92247796058655	-5.01934438943863	-5.7098839044571	0.0579811501502991	1.05367713718714
sub-57953	E201	DIN6	60	0.178	0.278	0.302	0.402	0.204	2.09936666488647	0.372	-1.60953545570374	-22.0767983368465	-5.7098839044571	0.0579811501502991	1.05367713718714
sub-57953	E201	DIN7	70	0.178	0.278	0.302	0.402	0.236	2.36207342147827	0.308	2.07138323783875	-4.03736366166009	-5.7098839044571	0.0579811501502991	1.05367713718714
sub-57953	E201	DIN8	80	0.178	0.278	0.302	0.402	0.244	2.03823065757751	0.384	1.94876682758331	-0.63902735710144	-5.7098839044571	0.0579811501502991	1.05367713718714
sub-57953	E201	DIN9	90	0.178	0.278	0.302	0.402	0.228	2.18593907356262	0.372	1.56051182746887	-4.34324476453993	-5.7098839044571	0.0579811501502991	1.05367713718714
sub-57953	E202	DI10	100	0.178	0.278	0.302	0.402	0.216	5.19462490081787	0.384	2.89683699607849	-13.677308956782	21.2025140285492	-0.25946189403534	3.89745031009146
sub-57953	E202	DIN6	60	0.178	0.278	0.302	0.402	0.236	-3.41104650497437	0.364	6.34579753875732	76.2253440916538	21.2025140285492	-0.25946189403534	3.89745031009146
sub-57953	E202	DIN7	70	0.178	0.278	0.302	0.402	0.2	2.28833937644958	0.396	3.80750679969788	7.75085420024638	21.2025140285492	-0.25946189403534	3.89745031009146
sub-57953	E202	DIN8	80	0.178	0.278	0.302	0.402	0.224	3.54224610328674	0.336	-2.89040684700012	-57.434401341847	21.2025140285492	-0.25946189403534	3.89745031009146
sub-57953	E202	DIN9	90	0.178	0.278	0.302	0.402	0.204	4.41257572174072	0.336	4.09481763839722	-2.40725820714777	21.2025140285492	-0.25946189403534	3.89745031009146
sub-57953	E203	DI10	100	0.178	0.278	0.302	0.402	0.232	-3.8258318901062	0.336	-2.82957100868225	9.57943155215337	7.79301795959474	-0.0858321714401246	3.12880757935132
sub-57953	E203	DIN6	60	0.178	0.278	0.302	0.402	0.26	3.20380520820618	0.364	6.1740517616272	28.5600630136637	7.79301795959474	-0.0858321714401246	3.12880757935132
sub-57953	E203	DIN7	70	0.178	0.278	0.302	0.402	0.264	-1.93385410308838	0.396	3.18444776535034	38.7750141548388	7.79301795959474	-0.0858321714401246	3.12880757935132
sub-57953	E203	DIN8	80	0.178	0.278	0.302	0.402	0.224	2.57950472831726	0.352	-2.35613942146301	-38.5597199201584	7.79301795959474	-0.0858321714401246	3.12880757935132
sub-57953	E203	DIN9	90	0.178	0.278	0.302	0.402	0.252	4.04834604263306	0.336	4.53140211105347	5.75066748119536	7.79301795959474	-0.0858321714401246	3.12880757935132
sub-57953	E204	DI10	100	0.178	0.278	0.302	0.402	0.232	-4.737548828125	0.384	2.94102907180786	50.5169598679794	5.22371408939362	-0.00193107962608344	5.26566280453656
sub-57953	E204	DIN6	60	0.178	0.278	0.302	0.402	0.212	-3.16755151748657	0.364	5.83851718902588	59.2504520165293	5.22371408939362	-0.00193107962608344	5.26566280453656
sub-57953	E204	DIN7	70	0.178	0.278	0.302	0.402	0.212	-1.94903838634491	0.308	3.76957130432129	59.5688509444396	5.22371408939362	-0.00193107962608344	5.26566280453656
sub-57953	E204	DIN8	80	0.178	0.278	0.302	0.402	0.188	2.9613835811615	0.352	-2.27621746063232	-31.936591718255	5.22371408939362	-0.00193107962608344	5.26566280453656
sub-57953	E204	DIN9	90	0.178	0.278	0.302	0.402	0.22	-3.49949216842651	0.336	4.68099117279053	70.52140811394	5.22371408939362	-0.00193107962608344	5.26566280453656
sub-57953	E205	DI10	100	0.178	0.278	0.302	0.402	0.232	-5.07570171356201	0.384	2.59863901138306	50.4890837167439	6.19908673763276	-0.0049987995624543	3.48887823991655
sub-57953	E205	DIN6	60	0.178	0.278	0.302	0.402	0.212	-3.56285262107849	0.364	5.54814338684082	59.9407632099955	6.19908673763276	-0.0049987995624543	3.48887823991655
sub-57953	E205	DIN7	70	0.178	0.278	0.302	0.402	0.212	-1.90432798862457	0.308	3.38113474845886	55.0569035112858	6.19908673763276	-0.0049987995624543	3.48887823991655
sub-57953	E205	DIN8	80	0.178	0.278	0.302	0.402	0.18	2.85766315460205	0.312	2.1238842010498	-5.55893146630489	6.19908673763276	-0.0049987995624543	3.48887823991655
sub-57953	E205	DIN9	90	0.178	0.278	0.302	0.402	0.228	-3.65580105781555	0.336	4.00309228897095	70.915679136912	6.19908673763276	-0.0049987995624543	3.48887823991655
sub-57953	E206	DI10	100	0.178	0.278	0.302	0.402	0.232	-5.32223510742188	0.38	2.98084902763367	56.1019198314564	5.44438517093659	-0.000127198696136588	5.24535430730068
sub-57953	E206	DIN6	60	0.178	0.278	0.302	0.402	0.212	-3.85597443580627	0.364	5.89259958267212	64.1353553847263	5.44438517093659	-0.000127198696136588	5.24535430730068
sub-57953	E206	DIN7	70	0.178	0.278	0.302	0.402	0.212	-2.08944225311279	0.396	3.37090229988098	29.6757856140966	5.44438517093659	-0.000127198696136588	5.24535430730068
sub-57953	E206	DIN8	80	0.178	0.278	0.302	0.402	0.188	2.68547677993774	0.356	-1.99408400058746	-27.8545284555072	5.44438517093659	-0.000127198696136588	5.24535430730068
sub-57953	E206	DIN9	90	0.178	0.278	0.302	0.402	0.22	-4.17211437225342	0.336	4.16649007797241	71.8845211226365	5.44438517093659	-0.000127198696136588	5.24535430730068
sub-57953	E207	DI10	100	0.178	0.278	0.302	0.402	0.232	-8.33323192596436	0.364	4.35031986236572	96.0875135479552	10.3001410961151	-0.000274183750152665	5.02021198189896
sub-57953	E207	DIN6	60	0.178	0.278	0.302	0.402	0.212	-6.26401519775391	0.364	9.21296501159668	101.822238219412	10.3001410961151	-0.000274183750152665	5.02021198189896
sub-57953	E207	DIN7	70	0.178	0.278	0.302	0.402	0.212	-3.52168154716492	0.308	4.56384801864624	84.2242663105329	10.3001410961151	-0.000274183750152665	5.02021198189896
sub-57953	E207	DIN8	80	0.178	0.278	0.302	0.402	0.248	-4.43660879135132	0.356	-2.93660640716553	13.8889109646833	10.3001410961151	-0.000274183750152665	5.02021198189896
sub-57953	E207	DIN9	90	0.178	0.278	0.302	0.402	0.228	-8.49722766876221	0.336	5.14774036407471	126.342296600342	10.3001410961151	-0.000274183750152665	5.02021198189896
sub-57953	E208	DI10	100	0.178	0.278	0.302	0.402	0.216	4.14752149581909	0.348	2.0198187828064	-16.1189599470659	-5.51241583824158	0.0483383631706238	1.53712492718604
sub-57953	E208	DIN6	60	0.178	0.278	0.302	0.402	0.204	2.23666644096375	0.388	-2.50302720069885	-25.7592045742532	-5.51241583824158	0.0483383631706238	1.53712492718604
sub-57953	E208	DIN7	70	0.178	0.278	0.302	0.402	0.232	2.55036354064941	0.308	2.2725818157196	-3.65502269644486	-5.51241583824158	0.0483383631706238	1.53712492718604
sub-57953	E208	DIN8	80	0.178	0.278	0.302	0.402	0.244	2.3117470741272	0.384	1.89811849594116	-2.95448984418597	-5.51241583824158	0.0483383631706238	1.53712492718604
sub-57953	E208	DIN9	90	0.178	0.278	0.302	0.402	0.232	2.28371858596802	0.304	1.61579132080078	-9.27676757176717	-5.51241583824158	0.0483383631706238	1.53712492718604
sub-57953	E209	DI10	100	0.178	0.278	0.302	0.402	0.216	4.16480112075806	0.348	1.70213723182678	-18.6565446131157	3.734885430336	-0.0542854511737823	0.571537679088881
sub-57953	E209	DIN6	60	0.178	0.278	0.302	0.402	0.236	-2.86953020095825	0.388	-2.71551609039307	1.01325072740254	3.734885430336	-0.0542854511737823	0.571537679088881
sub-57953	E209	DIN7	70	0.178	0.278	0.302	0.402	0.236	2.72319364547729	0.308	2.73122596740723	0.111560026804606	3.734885430336	-0.0542854511737823	0.571537679088881
sub-57953	E209	DIN8	80	0.178	0.278	0.302	0.402	0.228	2.74848914146423	0.388	2.19651007652283	-3.44986915588379	3.734885430336	-0.0542854511737823	0.571537679088881
sub-57953	E209	DIN9	90	0.178	0.278	0.302	0.402	0.232	2.11804246902466	0.324	1.93088567256927	-2.03431300494982	3.734885430336	-0.0542854511737823	0.571537679088881
sub-57953	E210	DI10	100	0.178	0.278	0.302	0.402	0.204	8.64906215667725	0.308	6.43408918380737	-21.2978170468257	10.4264498710632	-0.140197367668152	1.83309392189636
sub-57953	E210	DIN6	60	0.178	0.278	0.302	0.402	0.26	6.16628551483154	0.364	9.85472106933594	35.4657264856192	10.4264498710632	-0.140197367668152	1.83309392189636
sub-57953	E210	DIN7	70	0.178	0.278	0.302	0.402	0.2	5.25256061553955	0.396	5.7647271156311	2.61309438822221	10.4264498710632	-0.140197367668152	1.83309392189636
sub-57953	E210	DIN8	80	0.178	0.278	0.302	0.402	0.224	9.28300952911377	0.368	5.05143594741821	-29.3859276506636	10.4264498710632	-0.140197367668152	1.83309392189636
sub-57953	E210	DIN9	90	0.178	0.278	0.302	0.402	0.252	7.11657190322876	0.336	5.41581869125366	-20.2470620473226	10.4264498710632	-0.140197367668152	1.83309392189636
sub-57953	E211	DI10	100	0.178	0.278	0.302	0.402	0.216	5.44857501983643	0.308	3.02123594284058	-26.3841204021288	9.87113413810731	-0.13370091676712	2.88779321564668
sub-57953	E211	DIN6	60	0.178	0.278	0.302	0.402	0.26	3.71098875999451	0.364	7.24046993255615	33.9373189669389	9.87113413810731	-0.13370091676712	2.88779321564668
sub-57953	E211	DIN7	70	0.178	0.278	0.302	0.402	0.2	2.42200946807861	0.396	3.80444121360779	7.05322319147538	9.87113413810731	-0.13370091676712	2.88779321564668
sub-57953	E211	DIN8	80	0.178	0.278	0.302	0.402	0.224	3.56799721717834	0.352	-2.9672532081604	-51.056643947959	9.87113413810731	-0.13370091676712	2.88779321564668
sub-57953	E211	DIN9	90	0.178	0.278	0.302	0.402	0.204	4.38027334213257	0.336	4.3062539100647	-0.560753273241448	9.87113413810731	-0.13370091676712	2.88779321564668
sub-57953	E212	DI10	100	0.178	0.278	0.302	0.402	0.204	3.92630434036255	0.38	3.09511470794678	-4.7226683659987	11.1499646186829	-0.131898608207703	3.48505046164666
sub-57953	E212	DIN6	60	0.178	0.278	0.302	0.402	0.26	3.52261281013489	0.364	7.08669471740723	34.2700183391571	11.1499646186829	-0.131898608207703	3.48505046164666
sub-57953	E212	DIN7	70	0.178	0.278	0.302	0.402	0.212	-1.77063512802124	0.308	3.59221506118774	55.8630228042603	11.1499646186829	-0.131898608207703	3.48505046164666
sub-57953	E212	DIN8	80	0.178	0.278	0.302	0.402	0.224	2.80040049552917	0.352	-3.26849460601807	-47.4132429808378	11.1499646186829	-0.131898608207703	3.48505046164666
sub-57953	E212	DIN9	90	0.178	0.278	0.302	0.402	0.204	4.3383092880249	0.336	5.30184173583984	7.29948824102228	11.1499646186829	-0.131898608207703	3.48505046164666
sub-57953	E213	DI10	100	0.178	0.278	0.302	0.402	0.232	-4.91479539871216	0.308	2.84599208831787	102.115624829343	12.7447684764862	-0.110061342716217	5.51855392525015
sub-57953	E213	DIN6	60	0.178	0.278	0.302	0.402	0.212	-3.94119739532471	0.364	6.64284658432007	69.6318682871367	12.7447684764862	-0.110061342716217	5.51855392525015
sub-57953	E213	DIN7	70	0.178	0.278	0.302	0.402	0.212	-2.183100938797	0.396	3.96957206726074	33.4384402503138	12.7447684764862	-0.110061342716217	5.51855392525015
sub-57953	E213	DIN8	80	0.178	0.278	0.302	0.402	0.188	2.99454092979431	0.356	-2.59670996665955	-33.2812553360349	12.7447684764862	-0.110061342716217	5.51855392525015
sub-57953	E213	DIN9	90	0.178	0.278	0.302	0.402	0.204	3.99726486206055	0.336	4.79031658172607	6.00796757322369	12.7447684764862	-0.110061342716217	5.51855392525015
sub-57953	E214	DI10	100	0.178	0.278	0.302	0.402	0.232	-7.17411470413208	0.308	3.52405905723572	140.765444228524	4.32982621192932	0.0448179459571838	5.03142901943254
sub-57953	E214	DIN6	60	0.178	0.278	0.302	0.402	0.212	-5.55700969696045	0.364	7.7421875	87.4947184010556	4.32982621192932	0.0448179459571838	5.03142901943254
sub-57953	E214	DIN7	70	0.178	0.278	0.302	0.402	0.196	2.44274926185608	0.308	4.74029302597046	20.5137836081641	4.32982621192932	0.0448179459571838	5.03142901943254
sub-57953	E214	DIN8	80	0.178	0.278	0.302	0.402	0.248	-4.19376039505005	0.356	-2.8937509059906	12.0371248986986	4.32982621192932	0.0448179459571838	5.03142901943254
sub-57953	E214	DIN9	90	0.178	0.278	0.302	0.402	0.228	-5.88547039031982	0.336	6.09591484069824	110.938752139056	4.32982621192932	0.0448179459571838	5.03142901943254
sub-57953	E215	DI10	100	0.178	0.278	0.302	0.402	0.232	-7.66482639312744	0.364	3.43166136741638	84.0643012162411	1.68704161643983	0.0558046984672545	7.76559409576205
sub-57953	E215	DIN6	60	0.178	0.278	0.302	0.402	0.212	-5.59491109848022	0.364	7.994948387146	89.4069703001725	1.68704161643983	0.0558046984672545	7.76559409576205
sub-57953	E215	DIN7	70	0.178	0.278	0.302	0.402	0.276	3.21064686775208	0.396	4.38349294662476	9.77371732393901	1.68704161643983	0.0558046984672545	7.76559409576205
sub-57953	E215	DIN8	80	0.178	0.278	0.302	0.402	0.188	3.85985803604126	0.356	-2.98230719566345	-40.7271739982423	1.68704161643983	0.0558046984672545	7.76559409576205
sub-57953	E215	DIN9	90	0.178	0.278	0.302	0.402	0.228	-6.15299081802368	0.336	5.58706855773926	108.704253479286	1.68704161643983	0.0558046984672545	7.76559409576205
sub-57953	E216	DI10	100	0.178	0.278	0.302	0.402	0.216	6.54068756103516	0.364	2.68160533905029	-26.0748798782761	21.8735141515732	-0.276311191320419	3.65997480832301
sub-57953	E216	DIN6	60	0.178	0.278	0.302	0.402	0.236	-3.63281035423279	0.364	5.60495948791504	72.1700768917799	21.8735141515732	-0.276311191320419	3.65997480832301
sub-57953	E216	DIN7	70	0.178	0.278	0.302	0.402	0.2	1.99899399280548	0.308	2.70298862457275	6.51846881265994	21.8735141515732	-0.276311191320419	3.65997480832301
sub-57953	E216	DIN8	80	0.178	0.278	0.302	0.402	0.224	3.07647275924683	0.336	-3.42969489097595	-58.0907825912748	21.8735141515732	-0.276311191320419	3.65997480832301
sub-57953	E216	DIN9	90	0.178	0.278	0.302	0.402	0.252	4.54236888885498	0.336	3.8089485168457	-8.73119490487235	21.8735141515732	-0.276311191320419	3.65997480832301
sub-57953	E217	DI10	100	0.178	0.278	0.302	0.402	0.216	9.26419639587402	0.308	4.44930267333984	-52.3358013318933	12.3129996776581	-0.232956469058991	4.60007036025165
sub-57953	E217	DIN6	60	0.178	0.278	0.302	0.402	0.26	9.97494316101074	0.364	10.7319231033325	7.27865329155555	12.3129996776581	-0.232956469058991	4.60007036025165
sub-57953	E217	DIN7	70	0.178	0.278	0.302	0.402	0.264	-3.27574229240417	0.312	-5.14557027816772	-38.9547497034073	12.3129996776581	-0.232956469058991	4.60007036025165
sub-57953	E217	DIN8	80	0.178	0.278	0.302	0.402	0.224	6.77905941009521	0.336	-4.88906049728394	-104.179642030171	12.3129996776581	-0.232956469058991	4.60007036025165
sub-57953	E217	DIN9	90	0.178	0.278	0.302	0.402	0.252	8.34337902069092	0.4	-5.67834854125977	-94.7414024456127	12.3129996776581	-0.232956469058991	4.60007036025165
sub-57953	E218	DI10	100	0.178	0.278	0.302	0.402	0.216	8.15053272247314	0.308	4.79398775100708	-36.4841844724572	12.3471762657166	-0.225521664619446	4.9962700344826
sub-57953	E218	DIN6	60	0.178	0.278	0.302	0.402	0.26	6.9215989112854	0.364	9.01820755004883	20.1596984496483	12.3471762657166	-0.225521664619446	4.9962700344826
sub-57953	E218	DIN7	70	0.178	0.278	0.302	0.402	0.192	-2.83888864517212	0.34	-4.96947574615479	-14.3958587904234	12.3471762657166	-0.225521664619446	4.9962700344826
sub-57953	E218	DIN8	80	0.178	0.278	0.302	0.402	0.224	5.24940013885498	0.336	-6.05641460418701	-100.944774491446	12.3471762657166	-0.225521664619446	4.9962700344826
sub-57953	E218	DIN9	90	0.178	0.278	0.302	0.402	0.252	9.01799583435059	0.4	-4.75845050811768	-93.0840969085693	12.3471762657166	-0.225521664619446	4.9962700344826
sub-57953	E219	DI10	100	0.178	0.278	0.302	0.402	0.216	8.69955253601074	0.352	-5.20340824127197	-102.227652774138	64.9334655284882	-0.851259877681733	5.07932217960454
sub-57953	E219	DIN6	60	0.178	0.278	0.302	0.402	0.212	-6.92902040481567	0.364	9.65195178985596	109.085343385998	64.9334655284882	-0.851259877681733	5.07932217960454
sub-57953	E219	DIN7	70	0.178	0.278	0.302	0.402	0.264	-3.40001940727234	0.396	4.72516775131226	61.5544481710954	64.9334655284882	-0.851259877681733	5.07932217960454
sub-57953	E219	DIN8	80	0.178	0.278	0.302	0.402	0.224	5.98523139953613	0.32	-4.62165594100952	-110.488409797351	64.9334655284882	-0.851259877681733	5.07932217960454
sub-57953	E219	DIN9	90	0.178	0.278	0.302	0.402	0.204	8.64585113525391	0.4	-7.38708353042603	-81.8006870697956	64.9334655284882	-0.851259877681733	5.07932217960454
sub-57953	E220	DI10	100	0.178	0.278	0.302	0.402	0.204	7.37478399276733	0.384	5.90752744674683	-8.15142525566949	30.4400670051575	-0.351312007904053	3.44399566741334
sub-57953	E220	DIN6	60	0.178	0.278	0.302	0.402	0.212	-4.69418144226074	0.364	9.30238819122314	92.0826949571308	30.4400670051575	-0.351312007904053	3.44399566741334
sub-57953	E220	DIN7	70	0.178	0.278	0.302	0.402	0.236	2.97748613357544	0.396	5.4844217300415	15.6683474779129	30.4400670051575	-0.351312007904053	3.44399566741334
sub-57953	E220	DIN8	80	0.178	0.278	0.302	0.402	0.224	6.10231447219849	0.368	4.43821048736572	-11.5562776724497	30.4400670051575	-0.351312007904053	3.44399566741334
sub-57953	E220	DIN9	90	0.178	0.278	0.302	0.402	0.252	6.56676578521729	0.336	4.87015295028687	-20.1977718444098	30.4400670051575	-0.351312007904053	3.44399566741334
sub-57953	E221	DI10	100	0.178	0.278	0.302	0.402	0.204	5.47262001037598	0.308	3.54490947723389	-18.5356782032893	16.6203641414642	-0.200526909828186	4.54230459476506
sub-57953	E221	DIN6	60	0.178	0.278	0.302	0.402	0.26	4.32319021224976	0.364	8.91983509063721	44.1985084460332	16.6203641414642	-0.200526909828186	4.54230459476506
sub-57953	E221	DIN7	70	0.178	0.278	0.302	0.402	0.212	-2.21435165405273	0.396	5.35450220108032	41.1350752996362	16.6203641414642	-0.200526909828186	4.54230459476506
sub-57953	E221	DIN8	80	0.178	0.278	0.302	0.402	0.224	3.57425236701965	0.352	-4.33735275268555	-61.8094149976969	16.6203641414642	-0.200526909828186	4.54230459476506
sub-57953	E221	DIN9	90	0.178	0.278	0.302	0.402	0.204	5.60027980804443	0.336	6.16515350341797	4.27934617707223	16.6203641414642	-0.200526909828186	4.54230459476506
sub-57953	E222	DI10	100	0.178	0.278	0.302	0.402	0.204	6.47304487228394	0.38	5.69293165206909	-4.43246147849343	7.93306369781495	-0.115479664802551	3.92571245029831
sub-57953	E222	DIN6	60	0.178	0.278	0.302	0.402	0.26	7.10563516616821	0.364	11.3013019561768	40.3429499039283	7.93306369781495	-0.115479664802551	3.92571245029831
sub-57953	E222	DIN7	70	0.178	0.278	0.302	0.402	0.2	4.66927194595337	0.308	4.9366021156311	2.47527934886791	7.93306369781495	-0.115479664802551	3.92571245029831
sub-57953	E222	DIN8	80	0.178	0.278	0.302	0.402	0.188	4.04318284988403	0.356	-4.83717203140259	-52.8592552457537	7.93306369781495	-0.115479664802551	3.92571245029831
sub-57953	E222	DIN9	90	0.178	0.278	0.302	0.402	0.252	6.73585224151611	0.336	5.4067759513855	-15.8223367872692	7.93306369781495	-0.115479664802551	3.92571245029831
sub-57953	E223	DI10	100	0.178	0.278	0.302	0.402	0.232	-9.1523609161377	0.308	5.59148454666138	193.997966615777	-11.7570652961731	0.258420672416687	5.4964836816747
sub-57953	E223	DIN6	60	0.178	0.278	0.302	0.402	0.26	5.55523872375488	0.364	10.6447229385376	48.9373482190646	-11.7570652961731	0.258420672416687	5.4964836816747
sub-57953	E223	DIN7	70	0.178	0.278	0.302	0.402	0.212	-4.4532413482666	0.396	5.47226476669312	53.9429680160854	-11.7570652961731	0.258420672416687	5.4964836816747
sub-57953	E223	DIN8	80	0.178	0.278	0.302	0.402	0.188	6.54908084869385	0.328	4.91433668136597	-11.676744052342	-11.7570652961731	0.258420672416687	5.4964836816747
sub-57953	E223	DIN9	90	0.178	0.278	0.302	0.402	0.228	-7.86886119842529	0.336	8.58998966217041	152.396767227738	-11.7570652961731	0.258420672416687	5.4964836816747
sub-57953	E224	DI10	100	0.178	0.278	0.302	0.402	0.232	-10.3345127105713	0.308	5.29908180236816	205.70519095973	-25.8381814479828	0.389270553588867	7.54069099339689
sub-57953	E224	DIN6	60	0.178	0.278	0.302	0.402	0.18	7.25543880462646	0.364	10.249454498291	16.2718244220899	-25.8381814479828	0.389270553588867	7.54069099339689
sub-57953	E224	DIN7	70	0.178	0.278	0.302	0.402	0.276	4.95039796829224	0.376	6.6614351272583	17.1103715896606	-25.8381814479828	0.389270553588867	7.54069099339689
sub-57953	E224	DIN8	80	0.178	0.278	0.302	0.402	0.188	5.84566688537598	0.356	-3.33460116386414	-54.6444526740483	-25.8381814479828	0.389270553588867	7.54069099339689
sub-57953	E224	DIN9	90	0.178	0.278	0.302	0.402	0.228	-8.77010726928711	0.336	6.58882761001587	142.212359993546	-25.8381814479828	0.389270553588867	7.54069099339689
