{
    "EchoTime": 0.05,
    "FlipAngle": 90,
    "RepetitionTime": 2.5,
    "SliceTiming": [
        0.0,
        1.2499999999999998,
        0.08333333333333333,
        1.333333333333333,
        0.16666666666666666,
        1.4166666666666663,
        0.25,
        1.4999999999999996,
        0.3333333333333333,
        1.5833333333333328,
        0.41666666666666663,
        1.666666666666666,
        0.5,
        1.7499999999999993,
        0.5833333333333333,
        1.8333333333333326,
        0.6666666666666666,
        1.9166666666666659,
        0.75,
        1.9999999999999991,
        0.8333333333333333,
        2.083333333333332,
        0.9166666666666666,
        2.1666666666666656,
        1.0,
        2.249999999999999,
        1.0833333333333333,
        2.333333333333332,
        1.1666666666666665,
        2.416666666666665
    ],
    "TaskName": "line_bisection"
}