onset	duration	sample	type	value
26.4128941709421	0	26414	Markers	BASE-START
80.3016782537007	0	80303	Markers	BASE-END
