onset	duration	sample	type	value
12.4089678219201	0	12410	Markers	BASE-START
129.641663822174	0	129643	Markers	BASE-END
