onset	duration	sample	type	value
4.95497751339818	0	4956	Markers	BASE-START
101.726538346207	0	101728	Markers	BASE-END
