onset	duration	sample	type	value
10.5599765558263	0	10561	Markers	BASE-START
32.2419284197871	0	32243	Markers	BASE-END
