{
  "aor": 0.0006819138755980863,
  "aqi": 0.006853612057416266,
  "bids_meta": {
    "EchoTime": 0.03,
    "FlipAngle": 78,
    "MagneticFieldStrength": 3,
    "Manufacturer": "Siemens",
    "ManufacturersModelName": "TIM TRIO",
    "PulseSequenceType": "EPI",
    "RepetitionTime": 2.0,
    "TaskName": "face recognition",
    "modality": "bold",
    "run_id": "07",
    "session_id": "mri",
    "subject_id": "06",
    "task_id": "facerecognition"
  },
  "dummy_trs": 1,
  "dvars_nstd": 29.800602986105783,
  "dvars_std": 1.046457035192308,
  "dvars_vstd": 1.0112067626923078,
  "efc": 0.61310238650729,
  "fber": 364.74822998046875,
  "fd_mean": 0.06989171099624085,
  "fd_num": 5,
  "fd_perc": 2.3923444976076556,
  "fwhm_avg": 2.402474666960516,
  "fwhm_x": 2.3652633333333335,
  "fwhm_y": 2.8434397740237096,
  "fwhm_z": 1.9987208935245047,
  "gcor": 0.00950571,
  "gsr_x": -0.010621788911521435,
  "gsr_y": 0.03896486014127731,
  "provenance": {
    "md5sum": "c558547d87bf1644b0bf2c48ca744df5",
    "settings": {
      "fd_thres": 0.2,
      "hmc_fsl": false
    },
    "software": "mriqc",
    "version": "0.9.6"
  },
  "size_t": 209,
  "size_x": 64,
  "size_y": 64,
  "size_z": 33,
  "snr": 4.183135466087545,
  "spacing_tr": 2.0,
  "spacing_x": 3.0,
  "spacing_y": 3.000000238418579,
  "spacing_z": 4.050000190734863,
  "summary_bg_k": 67.01108457169141,
  "summary_bg_mad": 6.7532877922058105,
  "summary_bg_mean": 65.09508514404297,
  "summary_bg_median": 41.062198638916016,
  "summary_bg_n": 63425.0,
  "summary_bg_p05": 35.688995361328125,
  "summary_bg_p95": 177.66984558105446,
  "summary_bg_stdv": 75.56294250488281,
  "summary_fg_k": 1.9119173440167163,
  "summary_fg_mad": 157.30125427246094,
  "summary_fg_mean": 828.0455932617188,
  "summary_fg_median": 829.9090576171875,
  "summary_fg_n": 39060.0,
  "summary_fg_p05": 506.53082885742185,
  "summary_fg_p95": 1147.6520751953124,
  "summary_fg_stdv": 198.3914794921875,
  "tsnr": 46.43444061279297
}