{
  "aor": 0.0010597142857142856,
  "aqi": 0.007138248857142857,
  "bids_meta": {
    "EchoTime": 0.03,
    "FlipAngle": 78,
    "MagneticFieldStrength": 3,
    "Manufacturer": "Siemens",
    "ManufacturersModelName": "TIM TRIO",
    "PulseSequenceType": "EPI",
    "RepetitionTime": 2.0,
    "TaskName": "face recognition",
    "modality": "bold",
    "run_id": "08",
    "session_id": "mri",
    "subject_id": "06",
    "task_id": "facerecognition"
  },
  "dummy_trs": 0,
  "dvars_nstd": 30.46117207669859,
  "dvars_std": 1.065317986698565,
  "dvars_vstd": 1.0231449857894739,
  "efc": 0.613324126018943,
  "fber": 363.7450256347656,
  "fd_mean": 0.07911825479398706,
  "fd_num": 11,
  "fd_perc": 5.238095238095238,
  "fwhm_avg": 2.394534667339863,
  "fwhm_x": 2.358886666666667,
  "fwhm_y": 2.8336631081340227,
  "fwhm_z": 1.9910542272188998,
  "gcor": 0.00934722,
  "gsr_x": -0.010303639806807041,
  "gsr_y": 0.03874490410089493,
  "provenance": {
    "md5sum": "a603e8e6c5d329a4777f15e9850a60b9",
    "settings": {
      "fd_thres": 0.2,
      "hmc_fsl": false
    },
    "software": "mriqc",
    "version": "0.9.6"
  },
  "size_t": 210,
  "size_x": 64,
  "size_y": 64,
  "size_z": 33,
  "snr": 4.198168983405065,
  "spacing_tr": 2.0,
  "spacing_x": 3.0,
  "spacing_y": 3.000000238418579,
  "spacing_z": 4.050000190734863,
  "summary_bg_k": 62.86222758889302,
  "summary_bg_mad": 7.067070484161377,
  "summary_bg_mean": 65.73265838623047,
  "summary_bg_median": 41.233333587646484,
  "summary_bg_n": 63620.0,
  "summary_bg_p05": 35.57619094848633,
  "summary_bg_p95": 181.04000625610337,
  "summary_bg_stdv": 76.69320678710938,
  "summary_fg_k": 1.9256116011605817,
  "summary_fg_mad": 157.42062377929688,
  "summary_fg_mean": 830.7139282226562,
  "summary_fg_median": 831.8833618164062,
  "summary_fg_n": 38894.0,
  "summary_fg_p05": 511.29168701171875,
  "summary_fg_p95": 1150.2479187011718,
  "summary_fg_stdv": 198.15130615234375,
  "tsnr": 45.60049057006836
}