{
  "aor": 0.007211285714285714,
  "aqi": 0.011163558238095237,
  "bids_meta": {
    "EchoTime": 0.03,
    "FlipAngle": 78,
    "MagneticFieldStrength": 3,
    "Manufacturer": "Siemens",
    "ManufacturersModelName": "TIM TRIO",
    "PulseSequenceType": "EPI",
    "RepetitionTime": 2.0,
    "TaskName": "face recognition",
    "modality": "bold",
    "run_id": "09",
    "session_id": "mri",
    "subject_id": "03",
    "task_id": "facerecognition"
  },
  "dummy_trs": 0,
  "dvars_nstd": 35.46596672191389,
  "dvars_std": 1.1459909723444974,
  "dvars_vstd": 1.059798543205742,
  "efc": 0.5892372008258641,
  "fber": 609.0435791015625,
  "fd_mean": 0.30299615242274097,
  "fd_num": 98,
  "fd_perc": 46.666666666666664,
  "fwhm_avg": 2.434401948956635,
  "fwhm_x": 2.414216666666667,
  "fwhm_y": 2.82112,
  "fwhm_z": 2.067869180203238,
  "gcor": 0.0402075,
  "gsr_x": 0.0017230284865945578,
  "gsr_y": 0.04468957707285881,
  "provenance": {
    "md5sum": "4e0354eacc1dc02f8a75e94b988ec1aa",
    "settings": {
      "fd_thres": 0.2,
      "hmc_fsl": false
    },
    "software": "mriqc",
    "version": "0.9.6"
  },
  "size_t": 210,
  "size_x": 64,
  "size_y": 64,
  "size_z": 33,
  "snr": 4.258002144768936,
  "spacing_tr": 2.0,
  "spacing_x": 3.0,
  "spacing_y": 3.0,
  "spacing_z": 3.9000000953674316,
  "summary_bg_k": 11.81604945376134,
  "summary_bg_mad": 12.948057174682617,
  "summary_bg_mean": 60.66511154174805,
  "summary_bg_median": 32.47142791748047,
  "summary_bg_n": 67498.0,
  "summary_bg_p05": 21.361906051635742,
  "summary_bg_p95": 211.9538208007812,
  "summary_bg_stdv": 70.41897583007812,
  "summary_fg_k": 2.1504920601905617,
  "summary_fg_mad": 158.00302124023438,
  "summary_fg_mean": 841.014892578125,
  "summary_fg_median": 840.6381225585938,
  "summary_fg_n": 36073.0,
  "summary_fg_p05": 522.925732421875,
  "summary_fg_p95": 1156.2610107421879,
  "summary_fg_stdv": 197.42274475097656,
  "tsnr": 39.38504409790039
}