{
  "aor": 0.004837990430622009,
  "aqi": 0.008303633397129187,
  "bids_meta": {
    "EchoTime": 0.03,
    "FlipAngle": 78,
    "MagneticFieldStrength": 3,
    "Manufacturer": "Siemens",
    "ManufacturersModelName": "TIM TRIO",
    "PulseSequenceType": "EPI",
    "RepetitionTime": 2.0,
    "TaskName": "face recognition",
    "modality": "bold",
    "run_id": "01",
    "session_id": "mri",
    "subject_id": "16",
    "task_id": "facerecognition"
  },
  "dummy_trs": 1,
  "dvars_nstd": 32.95420654879808,
  "dvars_std": 1.178459749951923,
  "dvars_vstd": 1.0265490374519237,
  "efc": 0.6508762884466506,
  "fber": 494.5215148925781,
  "fd_mean": 0.1449901807126982,
  "fd_num": 26,
  "fd_perc": 12.440191387559809,
  "fwhm_avg": 2.2869026867853477,
  "fwhm_x": 2.22023,
  "fwhm_y": 2.7763299999999997,
  "fwhm_z": 1.8641480603560432,
  "gcor": 0.0260821,
  "gsr_x": -0.009041913785040379,
  "gsr_y": 0.05346222594380379,
  "provenance": {
    "md5sum": "6b08f9525278c23d7b406048286d7c61",
    "settings": {
      "fd_thres": 0.2,
      "hmc_fsl": false
    },
    "software": "mriqc",
    "version": "0.9.6"
  },
  "size_t": 209,
  "size_x": 64,
  "size_y": 64,
  "size_z": 33,
  "snr": 3.967974379112175,
  "spacing_tr": 2.0,
  "spacing_x": 3.0,
  "spacing_y": 3.0,
  "spacing_z": 4.050000190734863,
  "summary_bg_k": 62.35811832996424,
  "summary_bg_mad": 12.513446807861328,
  "summary_bg_mean": 63.5133171081543,
  "summary_bg_median": 34.47368240356445,
  "summary_bg_n": 53283.0,
  "summary_bg_p05": 24.799520301818852,
  "summary_bg_p95": 197.84352722167893,
  "summary_bg_stdv": 85.30158996582031,
  "summary_fg_k": 2.3618881512415255,
  "summary_fg_mad": 163.36288452148438,
  "summary_fg_mean": 839.3037719726562,
  "summary_fg_median": 819.5167236328125,
  "summary_fg_n": 48221.0,
  "summary_fg_p05": 562.6315307617188,
  "summary_fg_p95": 1200.35400390625,
  "summary_fg_stdv": 206.53062438964844,
  "tsnr": 47.70975112915039
}