{
  "aor": 0.001886619047619048,
  "aqi": 0.00608347380952381,
  "bids_meta": {
    "EchoTime": 0.03,
    "FlipAngle": 78,
    "MagneticFieldStrength": 3,
    "Manufacturer": "Siemens",
    "ManufacturersModelName": "TIM TRIO",
    "PulseSequenceType": "EPI",
    "RepetitionTime": 2.0,
    "TaskName": "face recognition",
    "modality": "bold",
    "run_id": "09",
    "session_id": "mri",
    "subject_id": "13",
    "task_id": "facerecognition"
  },
  "dummy_trs": 0,
  "dvars_nstd": 26.273277766220083,
  "dvars_std": 1.1772052156937791,
  "dvars_vstd": 1.0192932771770336,
  "efc": 0.5710535491311034,
  "fber": 929.7665405273438,
  "fd_mean": 0.1415557183857774,
  "fd_num": 40,
  "fd_perc": 19.047619047619047,
  "fwhm_avg": 2.430938359330943,
  "fwhm_x": 2.3568000000000002,
  "fwhm_y": 2.88261,
  "fwhm_z": 2.0534050779928283,
  "gcor": 0.0424591,
  "gsr_x": -0.01572541706264019,
  "gsr_y": 0.03821348026394844,
  "provenance": {
    "md5sum": "451395523b3bcbb5a63a1173e069b099",
    "settings": {
      "fd_thres": 0.2,
      "hmc_fsl": false
    },
    "software": "mriqc",
    "version": "0.9.6"
  },
  "size_t": 210,
  "size_x": 64,
  "size_y": 64,
  "size_z": 33,
  "snr": 4.570591103019677,
  "spacing_tr": 2.0,
  "spacing_x": 3.0,
  "spacing_y": 3.0,
  "spacing_z": 3.9000000953674316,
  "summary_bg_k": 39.815883045227395,
  "summary_bg_mad": 6.558749198913574,
  "summary_bg_mean": 46.059669494628906,
  "summary_bg_median": 26.33333396911621,
  "summary_bg_n": 67387.0,
  "summary_bg_p05": 21.309524536132812,
  "summary_bg_p95": 141.99667816162096,
  "summary_bg_stdv": 56.53358459472656,
  "summary_fg_k": 2.086287118135014,
  "summary_fg_mad": 154.62127685546875,
  "summary_fg_mean": 850.6127319335938,
  "summary_fg_median": 855.0809936523438,
  "summary_fg_n": 36011.0,
  "summary_fg_p05": 551.6119079589844,
  "summary_fg_p95": 1145.761962890625,
  "summary_fg_stdv": 187.0806427001953,
  "tsnr": 58.76797866821289
}