{
  "bids_meta": {
    "EchoTime": 0.095,
    "FlipAngle": 90,
    "MagneticFieldStrength": 3,
    "Manufacturer": "Siemens",
    "ManufacturersModelName": "TIM TRIO",
    "PulseSequenceType": "EPI",
    "RepetitionTime": 2,
    "acq_id": "epi",
    "modality": "T1w",
    "session_id": "mri",
    "subject_id": "14"
  },
  "cjv": 4.7007194588921175,
  "cnr": 0.2908807669316086,
  "efc": 0.6675684117051063,
  "fber": 73.33853149414062,
  "fwhm_avg": 1.8146506666666669,
  "fwhm_x": 1.86536,
  "fwhm_y": 1.7512800000000002,
  "fwhm_z": 1.827312,
  "icvs_csf": 0.2317056825842425,
  "icvs_gm": 0.1684888746340386,
  "icvs_wm": 0.5998054427817189,
  "inu_med": 1.1070705652236938,
  "inu_range": 0.5139520645141602,
  "provenance": {
    "md5sum": "0bb01c41087e9d2e211e566efa8dd598",
    "mriqc_pred": 1,
    "settings": {
      "testing": false
    },
    "software": "mriqc",
    "version": "0.9.6",
    "warnings": {
      "large_rot_frame": false,
      "small_air_mask": true
    }
  },
  "qi_1": 0.0,
  "qi_2": 0.0015806955431571074,
  "rpve_csf": 9.573563629653632,
  "rpve_gm": 13.773674584537572,
  "rpve_wm": 4.7828907820126325,
  "size_x": 64,
  "size_y": 64,
  "size_z": 33,
  "snr_csf": 1.8943263167932436,
  "snr_gm": 6.6962397815727215,
  "snr_total": 6.407765473327821,
  "snr_wm": 10.632730321617496,
  "snrd_csf": 25.130921670218058,
  "snrd_gm": 19.690312143737042,
  "snrd_total": 21.88203008770648,
  "snrd_wm": 20.824856449164336,
  "spacing_x": 3.0,
  "spacing_y": 3.0,
  "spacing_z": 3.75,
  "summary_bg_k": 89.831501287654,
  "summary_bg_mad": 31.665451049804688,
  "summary_bg_mean": 92.49866485595703,
  "summary_bg_median": 77.55648803710938,
  "summary_bg_n": 32196.0,
  "summary_bg_p05": 30.216341972351074,
  "summary_bg_p95": 200.83629989624023,
  "summary_bg_stdv": 79.89754486083984,
  "summary_csf_k": -0.6426099420458091,
  "summary_csf_mad": 872.3265380859375,
  "summary_csf_mean": 1157.005859375,
  "summary_csf_median": 1214.681396484375,
  "summary_csf_n": 6724.0,
  "summary_csf_p05": 373.81457824707036,
  "summary_csf_p95": 2242.925122070312,
  "summary_csf_stdv": 641.173095703125,
  "summary_gm_k": -0.8829437686765749,
  "summary_gm_mad": 162.50479125976562,
  "summary_gm_mean": 981.7607421875,
  "summary_gm_median": 951.7142333984375,
  "summary_gm_n": 4552.0,
  "summary_gm_p05": 787.722933959961,
  "summary_gm_p95": 1227.4075622558594,
  "summary_gm_stdv": 142.11105346679688,
  "summary_wm_k": -0.0861800129243182,
  "summary_wm_mad": 95.26959228515625,
  "summary_wm_mean": 1010.07666015625,
  "summary_wm_median": 1006.5514526367188,
  "summary_wm_n": 21128.0,
  "summary_wm_p05": 859.9747924804688,
  "summary_wm_p95": 1172.4501220703123,
  "summary_wm_stdv": 94.66313934326172,
  "tpm_overlap_csf": 0.11190082877874374,
  "tpm_overlap_gm": 0.1636277139186859,
  "tpm_overlap_wm": 0.39163878560066223,
  "wm2max": 0.36268819444545936
}