{
  "aor": 0.0028099043062200955,
  "aqi": 0.006703355980861244,
  "bids_meta": {
    "EchoTime": 0.03,
    "FlipAngle": 78,
    "MagneticFieldStrength": 3,
    "Manufacturer": "Siemens",
    "ManufacturersModelName": "TIM TRIO",
    "PulseSequenceType": "EPI",
    "RepetitionTime": 2.0,
    "TaskName": "face recognition",
    "modality": "bold",
    "run_id": "02",
    "session_id": "mri",
    "subject_id": "13",
    "task_id": "facerecognition"
  },
  "dummy_trs": 1,
  "dvars_nstd": 24.616725774711533,
  "dvars_std": 1.1629523013942307,
  "dvars_vstd": 1.0070242556250006,
  "efc": 0.571546153714152,
  "fber": 917.2306518554688,
  "fd_mean": 0.09463587289850897,
  "fd_num": 6,
  "fd_perc": 2.8708133971291865,
  "fwhm_avg": 2.443716820720386,
  "fwhm_x": 2.3642333333333334,
  "fwhm_y": 2.8952299999999997,
  "fwhm_z": 2.0716871288278256,
  "gcor": 0.0253599,
  "gsr_x": -0.014315864071249962,
  "gsr_y": 0.03482194244861603,
  "provenance": {
    "md5sum": "ada6da883b05d2e40e181ebe7158b176",
    "settings": {
      "fd_thres": 0.2,
      "hmc_fsl": false
    },
    "software": "mriqc",
    "version": "0.9.6"
  },
  "size_t": 209,
  "size_x": 64,
  "size_y": 64,
  "size_z": 33,
  "snr": 4.547894465035971,
  "spacing_tr": 2.0,
  "spacing_x": 3.0,
  "spacing_y": 3.0,
  "spacing_z": 3.9000000953674316,
  "summary_bg_k": 37.55017127748933,
  "summary_bg_mad": 6.043910026550293,
  "summary_bg_mean": 44.20122528076172,
  "summary_bg_median": 25.86602783203125,
  "summary_bg_n": 66757.0,
  "summary_bg_p05": 21.11004638671875,
  "summary_bg_p95": 130.73779602050772,
  "summary_bg_stdv": 54.57527160644531,
  "summary_fg_k": 2.246893231703087,
  "summary_fg_mad": 149.04763793945312,
  "summary_fg_mean": 828.1543579101562,
  "summary_fg_median": 832.4784545898438,
  "summary_fg_n": 36258.0,
  "summary_fg_p05": 534.1593231201172,
  "summary_fg_p95": 1113.3769653320314,
  "summary_fg_stdv": 183.0444793701172,
  "tsnr": 58.36082077026367
}