{
  "aor": 0.0014047142857142856,
  "aqi": 0.00654254661904762,
  "bids_meta": {
    "EchoTime": 0.03,
    "FlipAngle": 78,
    "MagneticFieldStrength": 3,
    "Manufacturer": "Siemens",
    "ManufacturersModelName": "TIM TRIO",
    "PulseSequenceType": "EPI",
    "RepetitionTime": 2.0,
    "TaskName": "face recognition",
    "modality": "bold",
    "run_id": "08",
    "session_id": "mri",
    "subject_id": "12",
    "task_id": "facerecognition"
  },
  "dummy_trs": 0,
  "dvars_nstd": 32.032341085693794,
  "dvars_std": 1.218756501483254,
  "dvars_vstd": 1.0218443622488043,
  "efc": 0.5864503651535533,
  "fber": 784.5460205078125,
  "fd_mean": 0.1818213495182089,
  "fd_num": 70,
  "fd_perc": 33.333333333333336,
  "fwhm_avg": 2.308227495134023,
  "fwhm_x": 2.2808364854020686,
  "fwhm_y": 2.63463,
  "fwhm_z": 2.009216,
  "gcor": 0.026668,
  "gsr_x": 0.003028381150215864,
  "gsr_y": 0.02552970126271248,
  "provenance": {
    "md5sum": "0a8834dc9a9ea9e4d83e317531006328",
    "settings": {
      "fd_thres": 0.2,
      "hmc_fsl": false
    },
    "software": "mriqc",
    "version": "0.9.6"
  },
  "size_t": 210,
  "size_x": 64,
  "size_y": 64,
  "size_z": 33,
  "snr": 4.378906782014641,
  "spacing_tr": 2.0,
  "spacing_x": 3.000000238418579,
  "spacing_y": 3.0,
  "spacing_z": 3.75,
  "summary_bg_k": 78.9236103325816,
  "summary_bg_mad": 7.130611896514893,
  "summary_bg_mean": 44.149532318115234,
  "summary_bg_median": 27.195240020751953,
  "summary_bg_n": 64328.0,
  "summary_bg_p05": 21.738096237182617,
  "summary_bg_p95": 113.52833900451651,
  "summary_bg_stdv": 58.672733306884766,
  "summary_fg_k": 2.12369177507244,
  "summary_fg_mad": 146.22698974609375,
  "summary_fg_mean": 810.3475341796875,
  "summary_fg_median": 808.338134765625,
  "summary_fg_n": 38525.0,
  "summary_fg_p05": 519.60380859375,
  "summary_fg_p95": 1110.6419921875,
  "summary_fg_stdv": 184.59576416015625,
  "tsnr": 58.08123016357422
}