{
  "bids_meta": {
    "EchoTime": 0.095,
    "FlipAngle": 90,
    "MagneticFieldStrength": 3,
    "Manufacturer": "Siemens",
    "ManufacturersModelName": "TIM TRIO",
    "PulseSequenceType": "EPI",
    "RepetitionTime": 2,
    "acq_id": "epi",
    "modality": "T1w",
    "session_id": "mri",
    "subject_id": "09"
  },
  "cjv": 0.9149743208057316,
  "cnr": 1.2079682895327515,
  "efc": 0.7088585008765265,
  "fber": 59.45287322998047,
  "fwhm_avg": 1.917251728576576,
  "fwhm_x": 1.9534266666666669,
  "fwhm_y": 1.8572831857297274,
  "fwhm_z": 1.9410453333333335,
  "icvs_csf": 0.22649544652241813,
  "icvs_gm": 0.5635549556014229,
  "icvs_wm": 0.20994959787615902,
  "inu_med": 1.2250192165374756,
  "inu_range": 0.6508632004261017,
  "provenance": {
    "md5sum": "8b86744f400da0b6b6d3aa26e30fa16e",
    "mriqc_pred": 0,
    "settings": {
      "testing": false
    },
    "software": "mriqc",
    "version": "0.9.6",
    "warnings": {
      "large_rot_frame": false,
      "small_air_mask": true
    }
  },
  "qi_1": 0.0,
  "qi_2": 0.004296961703215912,
  "rpve_csf": 9.520830360328219,
  "rpve_gm": 3.9081923951547535,
  "rpve_wm": 7.2192434934521845,
  "size_x": 64,
  "size_y": 64,
  "size_z": 33,
  "snr_csf": 1.3716187283955175,
  "snr_gm": 9.768015020518742,
  "snr_total": 6.733747532326167,
  "snr_wm": 9.061608848064244,
  "snrd_csf": 12.387245961166347,
  "snrd_gm": 14.64039686800368,
  "snrd_total": 14.961072487716152,
  "snrd_wm": 17.85557463397843,
  "spacing_x": 3.0,
  "spacing_y": 3.000000238418579,
  "spacing_z": 3.75,
  "summary_bg_k": 10.842623398709053,
  "summary_bg_mad": 37.30414581298828,
  "summary_bg_mean": 94.314697265625,
  "summary_bg_median": 86.27779388427734,
  "summary_bg_n": 25153.0,
  "summary_bg_p05": 21.55250511169439,
  "summary_bg_p95": 186.57435302734368,
  "summary_bg_stdv": 55.676429748535156,
  "summary_csf_k": 2.465843359382249,
  "summary_csf_mad": 542.6885986328125,
  "summary_csf_mean": 908.2289428710938,
  "summary_csf_median": 705.3426513671875,
  "summary_csf_n": 8471.0,
  "summary_csf_p05": 303.82371520996094,
  "summary_csf_p95": 1785.6566162109375,
  "summary_csf_stdv": 514.210693359375,
  "summary_gm_k": 0.2957135327407774,
  "summary_gm_mad": 82.97233581542969,
  "summary_gm_mean": 840.8032836914062,
  "summary_gm_median": 833.639404296875,
  "summary_gm_n": 17927.0,
  "summary_gm_p05": 713.3810791015625,
  "summary_gm_p95": 995.0948974609375,
  "summary_gm_stdv": 85.3414077758789,
  "summary_wm_k": 1.646544236752078,
  "summary_wm_mad": 84.53710174560547,
  "summary_wm_mean": 1009.6735229492188,
  "summary_wm_median": 1016.7149658203125,
  "summary_wm_n": 4996.0,
  "summary_wm_p05": 761.4412841796875,
  "summary_wm_p95": 1172.57568359375,
  "summary_wm_stdv": 112.18904113769531,
  "tpm_overlap_csf": 0.10264649242162704,
  "tpm_overlap_gm": 0.3907181918621063,
  "tpm_overlap_wm": 0.21763643622398376,
  "wm2max": 0.3895472516864767
}