{
  "bids_meta": {
    "EchoTime": 0.00298,
    "FlipAngle": 9,
    "InversionTime": 0.9,
    "MagneticFieldStrength": 3,
    "Manufacturer": "Siemens",
    "ManufacturersModelName": "TIM TRIO",
    "PulseSequenceType": "MPRAGE",
    "RepetitionTime": 2.25,
    "acq_id": "mprage",
    "modality": "T1w",
    "session_id": "mri",
    "subject_id": "01"
  },
  "cjv": 0.35288556338935373,
  "cnr": 3.6255493337997144,
  "efc": 0.5865772031378944,
  "fber": 2444.874755859375,
  "fwhm_avg": 5.123816480871064,
  "fwhm_x": 5.10141,
  "fwhm_y": 5.59434,
  "fwhm_z": 4.675699442613191,
  "icvs_csf": 0.23787441944742607,
  "icvs_gm": 0.37878070407805625,
  "icvs_wm": 0.3833448764745177,
  "inu_med": 0.7889703512191772,
  "inu_range": 0.3564139932394026,
  "provenance": {
    "md5sum": "192cc49589bfff2d1fcbcd33ac0a998f",
    "mriqc_pred": 0,
    "settings": {
      "testing": false
    },
    "software": "mriqc",
    "version": "0.9.6",
    "warnings": {
      "large_rot_frame": true,
      "small_air_mask": false
    }
  },
  "qi_1": 0.00045136552254542415,
  "qi_2": 0.006955106339208038,
  "rpve_csf": 25.36125131461938,
  "rpve_gm": 15.290895534344324,
  "rpve_wm": 18.72852465403433,
  "size_x": 256,
  "size_y": 256,
  "size_z": 192,
  "snr_csf": 3.7192362832190273,
  "snr_gm": 13.006634688597329,
  "snr_total": 14.832260833243366,
  "snr_wm": 27.770911527913736,
  "snrd_csf": 35.25634040001702,
  "snrd_gm": 68.61604938400664,
  "snrd_total": 65.06896785441273,
  "snrd_wm": 91.33451377921455,
  "spacing_x": 1.0,
  "spacing_y": 1.0,
  "spacing_z": 1.0000001192092896,
  "summary_bg_k": 421.69349314042097,
  "summary_bg_mad": 7.172967910766602,
  "summary_bg_mean": 15.07789421081543,
  "summary_bg_median": 13.3809175491333,
  "summary_bg_n": 2938202.0,
  "summary_bg_p05": 4.938420701026916,
  "summary_bg_p95": 30.943168354034412,
  "summary_bg_stdv": 8.62403392791748,
  "summary_csf_k": 0.22794826710012162,
  "summary_csf_mad": 101.11344909667969,
  "summary_csf_mean": 399.3724365234375,
  "summary_csf_median": 386.01519775390625,
  "summary_csf_n": 37985.0,
  "summary_csf_p05": 252.13193359374998,
  "summary_csf_p95": 592.9602172851556,
  "summary_csf_stdv": 103.78746795654297,
  "summary_gm_k": 0.5166191665353574,
  "summary_gm_mad": 53.86151885986328,
  "summary_gm_mean": 750.8314819335938,
  "summary_gm_median": 751.2645263671875,
  "summary_gm_n": 13549.0,
  "summary_gm_p05": 655.9014526367188,
  "summary_gm_p95": 845.1465820312499,
  "summary_gm_stdv": 57.75796890258789,
  "summary_wm_k": 0.6006698671124417,
  "summary_wm_mad": 33.915340423583984,
  "summary_wm_mean": 999.8674926757812,
  "summary_wm_median": 1000.0048217773438,
  "summary_wm_n": 238105.0,
  "summary_wm_p05": 940.5104125976563,
  "summary_wm_p95": 1058.3605712890626,
  "summary_wm_stdv": 36.00899887084961,
  "tpm_overlap_csf": 0.2144079953432083,
  "tpm_overlap_gm": 0.4757065176963806,
  "tpm_overlap_wm": 0.5469085574150085,
  "wm2max": 0.6030374771393
}