{
  "aor": 0.0006141428571428572,
  "aqi": 0.0059965548095238085,
  "bids_meta": {
    "EchoTime": 0.03,
    "FlipAngle": 78,
    "MagneticFieldStrength": 3,
    "Manufacturer": "Siemens",
    "ManufacturersModelName": "TIM TRIO",
    "PulseSequenceType": "EPI",
    "RepetitionTime": 2.0,
    "TaskName": "face recognition",
    "modality": "bold",
    "run_id": "02",
    "session_id": "mri",
    "subject_id": "08",
    "task_id": "facerecognition"
  },
  "dummy_trs": 0,
  "dvars_nstd": 25.846547733732063,
  "dvars_std": 1.1602255085167463,
  "dvars_vstd": 1.002752632344498,
  "efc": 0.5926869505160292,
  "fber": 717.0175170898438,
  "fd_mean": 0.09555054723863518,
  "fd_num": 0,
  "fd_perc": 0.0,
  "fwhm_avg": 2.269182222222222,
  "fwhm_x": 2.19145,
  "fwhm_y": 2.5645633333333335,
  "fwhm_z": 2.0515333333333334,
  "gcor": 0.0291175,
  "gsr_x": 0.003972663078457117,
  "gsr_y": 0.02146098017692566,
  "provenance": {
    "md5sum": "afcb9aed4c2e5bab678489e4d6c44d89",
    "settings": {
      "fd_thres": 0.2,
      "hmc_fsl": false
    },
    "software": "mriqc",
    "version": "0.9.6"
  },
  "size_t": 210,
  "size_x": 64,
  "size_y": 64,
  "size_z": 33,
  "snr": 4.790265345727462,
  "spacing_tr": 2.0,
  "spacing_x": 3.0,
  "spacing_y": 3.0,
  "spacing_z": 3.75,
  "summary_bg_k": 27.937773061698543,
  "summary_bg_mad": 6.975289821624756,
  "summary_bg_mean": 50.136634826660156,
  "summary_bg_median": 26.361906051635742,
  "summary_bg_n": 66464.0,
  "summary_bg_p05": 20.847620010375977,
  "summary_bg_p95": 166.2345275878906,
  "summary_bg_stdv": 67.80537414550781,
  "summary_fg_k": 2.504297568034562,
  "summary_fg_mad": 126.10946655273438,
  "summary_fg_mean": 745.5510864257812,
  "summary_fg_median": 746.7691040039062,
  "summary_fg_n": 36666.0,
  "summary_fg_p05": 510.90240478515625,
  "summary_fg_p95": 992.8750305175781,
  "summary_fg_stdv": 155.89093017578125,
  "tsnr": 61.876461029052734
}