{
  "aor": 0.006603857142857142,
  "aqi": 0.02071687114285714,
  "bids_meta": {
    "EchoTime": 0.03,
    "FlipAngle": 78,
    "MagneticFieldStrength": 3,
    "Manufacturer": "Siemens",
    "ManufacturersModelName": "TIM TRIO",
    "PulseSequenceType": "EPI",
    "RepetitionTime": 2.0,
    "TaskName": "face recognition",
    "modality": "bold",
    "run_id": "06",
    "session_id": "mri",
    "subject_id": "04",
    "task_id": "facerecognition"
  },
  "dummy_trs": 0,
  "dvars_nstd": 30.537268853253607,
  "dvars_std": 1.0193798972727273,
  "dvars_vstd": 0.929228754928229,
  "efc": 0.5893129688516456,
  "fber": 657.60107421875,
  "fd_mean": 0.20050147756131328,
  "fd_num": 79,
  "fd_perc": 37.61904761904762,
  "fwhm_avg": 2.5004137434332496,
  "fwhm_x": 2.4839033333333336,
  "fwhm_y": 2.9009866666666664,
  "fwhm_z": 2.116351230299748,
  "gcor": 0.0198311,
  "gsr_x": -0.004725937731564045,
  "gsr_y": 0.01780037023127079,
  "provenance": {
    "md5sum": "d7e15b1f5a4e82edaa35f18d7600774a",
    "settings": {
      "fd_thres": 0.2,
      "hmc_fsl": false
    },
    "software": "mriqc",
    "version": "0.9.6"
  },
  "size_t": 210,
  "size_x": 64,
  "size_y": 64,
  "size_z": 33,
  "snr": 4.248127052673299,
  "spacing_tr": 2.0,
  "spacing_x": 3.0,
  "spacing_y": 3.0,
  "spacing_z": 3.9000000953674316,
  "summary_bg_k": 70.11688172841497,
  "summary_bg_mad": 10.893597602844238,
  "summary_bg_mean": 50.141014099121094,
  "summary_bg_median": 31.08095359802246,
  "summary_bg_n": 63307.0,
  "summary_bg_p05": 22.038095474243164,
  "summary_bg_p95": 130.2257202148437,
  "summary_bg_stdv": 63.34550857543945,
  "summary_fg_k": 2.0101320217839556,
  "summary_fg_mad": 157.0252685546875,
  "summary_fg_mean": 840.2006225585938,
  "summary_fg_median": 847.6214599609375,
  "summary_fg_n": 38238.0,
  "summary_fg_p05": 497.36598510742186,
  "summary_fg_p95": 1145.25625,
  "summary_fg_stdv": 199.52566528320312,
  "tsnr": 32.0061149597168
}