{
  "aor": 0.0011389523809523811,
  "aqi": 0.0056819432857142865,
  "bids_meta": {
    "EchoTime": 0.03,
    "FlipAngle": 78,
    "MagneticFieldStrength": 3,
    "Manufacturer": "Siemens",
    "ManufacturersModelName": "TIM TRIO",
    "PulseSequenceType": "EPI",
    "RepetitionTime": 2.0,
    "TaskName": "face recognition",
    "modality": "bold",
    "run_id": "04",
    "session_id": "mri",
    "subject_id": "09",
    "task_id": "facerecognition"
  },
  "dummy_trs": 0,
  "dvars_nstd": 25.642785588038258,
  "dvars_std": 1.097409149569378,
  "dvars_vstd": 1.012374487655502,
  "efc": 0.6018568489062958,
  "fber": 684.5291748046875,
  "fd_mean": 0.16241646346402613,
  "fd_num": 54,
  "fd_perc": 25.714285714285715,
  "fwhm_avg": 2.346834595013236,
  "fwhm_x": 2.2391866666666664,
  "fwhm_y": 2.704826451706374,
  "fwhm_z": 2.0964906666666665,
  "gcor": 0.028709,
  "gsr_x": -0.01280200108885765,
  "gsr_y": 0.04225380718708038,
  "provenance": {
    "md5sum": "ec1ebbd355adfcef6dd61c1852e08131",
    "settings": {
      "fd_thres": 0.2,
      "hmc_fsl": false
    },
    "software": "mriqc",
    "version": "0.9.6"
  },
  "size_t": 210,
  "size_x": 64,
  "size_y": 64,
  "size_z": 33,
  "snr": 4.131135324247596,
  "spacing_tr": 2.0,
  "spacing_x": 3.0,
  "spacing_y": 3.000000238418579,
  "spacing_z": 3.75,
  "summary_bg_k": 62.37232349577678,
  "summary_bg_mad": 7.674230098724365,
  "summary_bg_mean": 49.03594207763672,
  "summary_bg_median": 27.928571701049805,
  "summary_bg_n": 62346.0,
  "summary_bg_p05": 21.947620391845703,
  "summary_bg_p95": 146.93809509277344,
  "summary_bg_stdv": 63.10942459106445,
  "summary_fg_k": 1.67426527339666,
  "summary_fg_mad": 153.01516723632812,
  "summary_fg_mean": 780.8803100585938,
  "summary_fg_median": 776.8524169921875,
  "summary_fg_n": 40396.0,
  "summary_fg_p05": 479.3333435058594,
  "summary_fg_p95": 1092.21435546875,
  "summary_fg_stdv": 188.04583740234375,
  "tsnr": 56.64360809326172
}