{
  "aor": 0.000820952380952381,
  "aqi": 0.00483650138095238,
  "bids_meta": {
    "EchoTime": 0.03,
    "FlipAngle": 78,
    "MagneticFieldStrength": 3,
    "Manufacturer": "Siemens",
    "ManufacturersModelName": "TIM TRIO",
    "PulseSequenceType": "EPI",
    "RepetitionTime": 2.0,
    "TaskName": "face recognition",
    "modality": "bold",
    "run_id": "01",
    "session_id": "mri",
    "subject_id": "15",
    "task_id": "facerecognition"
  },
  "dummy_trs": 0,
  "dvars_nstd": 22.970011944019152,
  "dvars_std": 1.0404329915789465,
  "dvars_vstd": 0.9948101150239242,
  "efc": 0.5870961358124585,
  "fber": 612.9276123046875,
  "fd_mean": 0.08231051744603936,
  "fd_num": 0,
  "fd_perc": 0.0,
  "fwhm_avg": 2.348142314727355,
  "fwhm_x": 2.335453147728193,
  "fwhm_y": 2.67652,
  "fwhm_z": 2.032453796453872,
  "gcor": 0.0135623,
  "gsr_x": -0.0016627599252387881,
  "gsr_y": 0.0326106920838356,
  "provenance": {
    "md5sum": "92bc491899d9dff965a5b98e8f514c69",
    "settings": {
      "fd_thres": 0.2,
      "hmc_fsl": false
    },
    "software": "mriqc",
    "version": "0.9.6"
  },
  "size_t": 210,
  "size_x": 64,
  "size_y": 64,
  "size_z": 33,
  "snr": 3.8170774449222704,
  "spacing_tr": 2.0,
  "spacing_x": 3.000000238418579,
  "spacing_y": 3.0,
  "spacing_z": 3.9000000953674316,
  "summary_bg_k": 31.35641635951859,
  "summary_bg_mad": 9.559253692626953,
  "summary_bg_mean": 53.1119384765625,
  "summary_bg_median": 30.152381896972656,
  "summary_bg_n": 65383.0,
  "summary_bg_p05": 22.80476188659668,
  "summary_bg_p95": 176.4471557617187,
  "summary_bg_stdv": 63.0569953918457,
  "summary_fg_k": 1.464997717332782,
  "summary_fg_mad": 166.74334716796875,
  "summary_fg_mean": 817.8880615234375,
  "summary_fg_median": 804.395263671875,
  "summary_fg_n": 36895.0,
  "summary_fg_p05": 501.55620727539065,
  "summary_fg_p95": 1201.1634155273432,
  "summary_fg_stdv": 210.73304748535156,
  "tsnr": 56.68498229980469
}