{
  "aor": 0.001988714285714286,
  "aqi": 0.009191723,
  "bids_meta": {
    "EchoTime": 0.03,
    "FlipAngle": 78,
    "MagneticFieldStrength": 3,
    "Manufacturer": "Siemens",
    "ManufacturersModelName": "TIM TRIO",
    "PulseSequenceType": "EPI",
    "RepetitionTime": 2.0,
    "TaskName": "face recognition",
    "modality": "bold",
    "run_id": "04",
    "session_id": "mri",
    "subject_id": "12",
    "task_id": "facerecognition"
  },
  "dummy_trs": 0,
  "dvars_nstd": 32.59716705574164,
  "dvars_std": 1.1965117298086123,
  "dvars_vstd": 1.0097117118660288,
  "efc": 0.5872799913112207,
  "fber": 784.1529541015625,
  "fd_mean": 0.1852366883402425,
  "fd_num": 68,
  "fd_perc": 32.38095238095238,
  "fwhm_avg": 2.318243272591525,
  "fwhm_x": 2.292926484441242,
  "fwhm_y": 2.646603333333333,
  "fwhm_z": 2.0152,
  "gcor": 0.033347,
  "gsr_x": 0.0008674529381096363,
  "gsr_y": 0.025638915598392487,
  "provenance": {
    "md5sum": "f16a428aea3904391101bfcab7cb3e52",
    "settings": {
      "fd_thres": 0.2,
      "hmc_fsl": false
    },
    "software": "mriqc",
    "version": "0.9.6"
  },
  "size_t": 210,
  "size_x": 64,
  "size_y": 64,
  "size_z": 33,
  "snr": 4.318370270952774,
  "spacing_tr": 2.0,
  "spacing_x": 3.000000238418579,
  "spacing_y": 3.0,
  "spacing_z": 3.75,
  "summary_bg_k": 81.56613291158466,
  "summary_bg_mad": 7.977812767028809,
  "summary_bg_mean": 45.522804260253906,
  "summary_bg_median": 27.642858505249023,
  "summary_bg_n": 64124.0,
  "summary_bg_p05": 21.233333587646484,
  "summary_bg_p95": 116.71881599426264,
  "summary_bg_stdv": 63.39207458496094,
  "summary_fg_k": 2.088915128416991,
  "summary_fg_mad": 149.3827667236328,
  "summary_fg_mean": 820.654541015625,
  "summary_fg_median": 817.9285888671875,
  "summary_fg_n": 38683.0,
  "summary_fg_p05": 521.1343139648437,
  "summary_fg_p95": 1129.1600708007813,
  "summary_fg_stdv": 189.40432739257812,
  "tsnr": 48.535648345947266
}