{
  "aor": 0.003430380952380952,
  "aqi": 0.008054065428571427,
  "bids_meta": {
    "EchoTime": 0.03,
    "FlipAngle": 78,
    "MagneticFieldStrength": 3,
    "Manufacturer": "Siemens",
    "ManufacturersModelName": "TIM TRIO",
    "PulseSequenceType": "EPI",
    "RepetitionTime": 2.0,
    "TaskName": "face recognition",
    "modality": "bold",
    "run_id": "04",
    "session_id": "mri",
    "subject_id": "11",
    "task_id": "facerecognition"
  },
  "dummy_trs": 0,
  "dvars_nstd": 26.146907012392347,
  "dvars_std": 1.163903945215311,
  "dvars_vstd": 1.0260516268899522,
  "efc": 0.5706120935862308,
  "fber": 905.2444458007812,
  "fd_mean": 0.16060331236146083,
  "fd_num": 35,
  "fd_perc": 16.666666666666668,
  "fwhm_avg": 2.3868626666666666,
  "fwhm_x": 2.31223,
  "fwhm_y": 2.7887500000000003,
  "fwhm_z": 2.059608,
  "gcor": 0.0422623,
  "gsr_x": -0.011614615097641945,
  "gsr_y": 0.027262955904006958,
  "provenance": {
    "md5sum": "bc13f5ec8552065605209ed821ae362d",
    "settings": {
      "fd_thres": 0.2,
      "hmc_fsl": false
    },
    "software": "mriqc",
    "version": "0.9.6"
  },
  "size_t": 210,
  "size_x": 64,
  "size_y": 64,
  "size_z": 33,
  "snr": 4.990247618614272,
  "spacing_tr": 2.0,
  "spacing_x": 3.0,
  "spacing_y": 3.0,
  "spacing_z": 3.75,
  "summary_bg_k": 40.240604234899834,
  "summary_bg_mad": 6.029247760772705,
  "summary_bg_mean": 44.547462463378906,
  "summary_bg_median": 25.77142906188965,
  "summary_bg_n": 68069.0,
  "summary_bg_p05": 21.152381896972656,
  "summary_bg_p95": 125.27905273437496,
  "summary_bg_stdv": 59.092716217041016,
  "summary_fg_k": 2.8426912569659724,
  "summary_fg_mad": 129.162841796875,
  "summary_fg_mean": 816.4264526367188,
  "summary_fg_median": 819.9476318359375,
  "summary_fg_n": 35246.0,
  "summary_fg_p05": 558.1988220214844,
  "summary_fg_p95": 1073.0869750976562,
  "summary_fg_stdv": 164.30767822265625,
  "tsnr": 56.82506561279297
}