{
  "aor": 0.0004668571428571428,
  "aqi": 0.004288179619047619,
  "bids_meta": {
    "EchoTime": 0.03,
    "FlipAngle": 78,
    "MagneticFieldStrength": 3,
    "Manufacturer": "Siemens",
    "ManufacturersModelName": "TIM TRIO",
    "PulseSequenceType": "EPI",
    "RepetitionTime": 2.0,
    "TaskName": "face recognition",
    "modality": "bold",
    "run_id": "02",
    "session_id": "mri",
    "subject_id": "05",
    "task_id": "facerecognition"
  },
  "dummy_trs": 0,
  "dvars_nstd": 23.42938235157894,
  "dvars_std": 1.0973389607655506,
  "dvars_vstd": 1.0077209962200961,
  "efc": 0.5794314243379219,
  "fber": 812.7149658203125,
  "fd_mean": 0.06634338052199815,
  "fd_num": 0,
  "fd_perc": 0.0,
  "fwhm_avg": 2.374239926143758,
  "fwhm_x": 2.3011,
  "fwhm_y": 2.787979778431274,
  "fwhm_z": 2.03364,
  "gcor": 0.039505,
  "gsr_x": -0.014238281175494194,
  "gsr_y": 0.03402002900838852,
  "provenance": {
    "md5sum": "bd6c9ef3f823dc380662889e99996dcf",
    "settings": {
      "fd_thres": 0.2,
      "hmc_fsl": false
    },
    "software": "mriqc",
    "version": "0.9.6"
  },
  "size_t": 210,
  "size_x": 64,
  "size_y": 64,
  "size_z": 33,
  "snr": 4.463149099109224,
  "spacing_tr": 2.0,
  "spacing_x": 3.0,
  "spacing_y": 3.000000238418579,
  "spacing_z": 3.75,
  "summary_bg_k": 76.2596404188442,
  "summary_bg_mad": 5.732728958129883,
  "summary_bg_mean": 43.540103912353516,
  "summary_bg_median": 26.514286041259766,
  "summary_bg_n": 65342.0,
  "summary_bg_p05": 22.090476989746094,
  "summary_bg_p95": 112.39000396728512,
  "summary_bg_stdv": 59.21881103515625,
  "summary_fg_k": 2.0503163626495295,
  "summary_fg_mad": 147.25767517089844,
  "summary_fg_mean": 803.5738525390625,
  "summary_fg_median": 802.7047729492188,
  "summary_fg_n": 37213.0,
  "summary_fg_p05": 525.6438354492187,
  "summary_fg_p95": 1092.3505126953125,
  "summary_fg_stdv": 179.8492431640625,
  "tsnr": 65.96295166015625
}