{
  "aor": 0.0004697619047619048,
  "aqi": 0.005535020809523809,
  "bids_meta": {
    "EchoTime": 0.03,
    "FlipAngle": 78,
    "MagneticFieldStrength": 3,
    "Manufacturer": "Siemens",
    "ManufacturersModelName": "TIM TRIO",
    "PulseSequenceType": "EPI",
    "RepetitionTime": 2.0,
    "TaskName": "face recognition",
    "modality": "bold",
    "run_id": "09",
    "session_id": "mri",
    "subject_id": "05",
    "task_id": "facerecognition"
  },
  "dummy_trs": 0,
  "dvars_nstd": 26.191969483827783,
  "dvars_std": 1.1590336224880378,
  "dvars_vstd": 1.0021495747846894,
  "efc": 0.581668154915037,
  "fber": 783.321533203125,
  "fd_mean": 0.06443783362121694,
  "fd_num": 0,
  "fd_perc": 0.0,
  "fwhm_avg": 2.3623803712752895,
  "fwhm_x": 2.2960233333333333,
  "fwhm_y": 2.7620431138258685,
  "fwhm_z": 2.029074666666667,
  "gcor": 0.0172068,
  "gsr_x": -0.015536596067249775,
  "gsr_y": 0.03556957468390465,
  "provenance": {
    "md5sum": "ff5ac0ce753bc8ceea8aea0e3d971cc5",
    "settings": {
      "fd_thres": 0.2,
      "hmc_fsl": false
    },
    "software": "mriqc",
    "version": "0.9.6"
  },
  "size_t": 210,
  "size_x": 64,
  "size_y": 64,
  "size_z": 33,
  "snr": 4.387952287059474,
  "spacing_tr": 2.0,
  "spacing_x": 3.0,
  "spacing_y": 3.000000238418579,
  "spacing_z": 3.75,
  "summary_bg_k": 68.924160354937,
  "summary_bg_mad": 6.848212718963623,
  "summary_bg_mean": 46.815799713134766,
  "summary_bg_median": 27.619049072265625,
  "summary_bg_n": 65682.0,
  "summary_bg_p05": 22.319047927856445,
  "summary_bg_p95": 125.62905311584447,
  "summary_bg_stdv": 65.03909301757812,
  "summary_fg_k": 2.206832556032417,
  "summary_fg_mad": 151.84674072265625,
  "summary_fg_mean": 827.6377563476562,
  "summary_fg_median": 825.4000244140625,
  "summary_fg_n": 37155.0,
  "summary_fg_p05": 543.2424255371094,
  "summary_fg_p95": 1132.4052612304686,
  "summary_fg_stdv": 188.1034393310547,
  "tsnr": 64.0244369506836
}