{
  "bids_meta": {
    "EchoTime": 0.00298,
    "FlipAngle": 9,
    "InversionTime": 0.9,
    "MagneticFieldStrength": 3,
    "Manufacturer": "Siemens",
    "ManufacturersModelName": "TIM TRIO",
    "PulseSequenceType": "MPRAGE",
    "RepetitionTime": 2.25,
    "acq_id": "mprage",
    "modality": "T1w",
    "session_id": "mri",
    "subject_id": "15"
  },
  "cjv": 0.3182997638838197,
  "cnr": 4.189785958132665,
  "efc": 0.63822304827878,
  "fber": 1990.3975830078125,
  "fwhm_avg": 4.859640242187897,
  "fwhm_x": 4.8750188377049355,
  "fwhm_y": 5.2816318888587555,
  "fwhm_z": 4.42227,
  "icvs_csf": 0.2246997685967832,
  "icvs_gm": 0.3997843603040296,
  "icvs_wm": 0.3755158710991872,
  "inu_med": 0.8150176405906677,
  "inu_range": 0.33517956733703613,
  "provenance": {
    "md5sum": "424dc5e01914a28b5672bdb8f601f83c",
    "mriqc_pred": 0,
    "settings": {
      "testing": false
    },
    "software": "mriqc",
    "version": "0.9.6",
    "warnings": {
      "large_rot_frame": true,
      "small_air_mask": false
    }
  },
  "qi_1": 0.0005019058703550841,
  "qi_2": 0.007015901555238924,
  "rpve_csf": 27.224424138794802,
  "rpve_gm": 15.327805254965952,
  "rpve_wm": 19.41817602783884,
  "size_x": 256,
  "size_y": 256,
  "size_z": 192,
  "snr_csf": 3.90780577049351,
  "snr_gm": 13.677055215694075,
  "snr_total": 15.448204633353683,
  "snr_wm": 28.759752913873466,
  "snrd_csf": 31.114905018118602,
  "snrd_gm": 71.66688992790151,
  "snrd_total": 66.94342086655871,
  "snrd_wm": 98.04846765365603,
  "spacing_x": 1.000000238418579,
  "spacing_y": 0.9999996423721313,
  "spacing_z": 1.0,
  "summary_bg_k": 3.0119962484159135,
  "summary_bg_mad": 6.681812286376953,
  "summary_bg_mean": 15.38783073425293,
  "summary_bg_median": 14.001856803894043,
  "summary_bg_n": 1562172.0,
  "summary_bg_p05": 5.65468966960907,
  "summary_bg_p95": 29.849816322326657,
  "summary_bg_stdv": 7.696153163909912,
  "summary_csf_k": 1.6293520917460107,
  "summary_csf_mad": 59.75432586669922,
  "summary_csf_mean": 340.1348571777344,
  "summary_csf_median": 317.34454345703125,
  "summary_csf_n": 44495.0,
  "summary_csf_p05": 244.59435119628904,
  "summary_csf_p95": 506.89170227050766,
  "summary_csf_stdv": 81.20694732666016,
  "summary_gm_k": 0.3257639677741473,
  "summary_gm_mad": 52.59636306762695,
  "summary_gm_mean": 731.2968139648438,
  "summary_gm_median": 730.93896484375,
  "summary_gm_n": 19507.0,
  "summary_gm_p05": 645.1346496582031,
  "summary_gm_p95": 818.489794921875,
  "summary_gm_stdv": 53.44134521484375,
  "summary_wm_k": 0.5462579081864258,
  "summary_wm_mad": 33.04816818237305,
  "summary_wm_mean": 999.9376831054688,
  "summary_wm_median": 1000.0077514648438,
  "summary_wm_n": 219703.0,
  "summary_wm_p05": 942.3767761230469,
  "summary_wm_p95": 1056.5638305664063,
  "summary_wm_stdv": 34.77100372314453,
  "tpm_overlap_csf": 0.24751132726669312,
  "tpm_overlap_gm": 0.49840328097343445,
  "tpm_overlap_wm": 0.5629063248634338,
  "wm2max": 0.6113110122051536
}