{
  "aor": 0.006032440191387559,
  "aqi": 0.010277896028708133,
  "bids_meta": {
    "EchoTime": 0.03,
    "FlipAngle": 78,
    "MagneticFieldStrength": 3,
    "Manufacturer": "Siemens",
    "ManufacturersModelName": "TIM TRIO",
    "PulseSequenceType": "EPI",
    "RepetitionTime": 2.0,
    "TaskName": "face recognition",
    "modality": "bold",
    "run_id": "06",
    "session_id": "mri",
    "subject_id": "16",
    "task_id": "facerecognition"
  },
  "dummy_trs": 1,
  "dvars_nstd": 29.10901661115386,
  "dvars_std": 1.1387928235096154,
  "dvars_vstd": 1.0492129542307695,
  "efc": 0.6495538328749976,
  "fber": 490.8988342285156,
  "fd_mean": 0.14537758301027523,
  "fd_num": 27,
  "fd_perc": 12.91866028708134,
  "fwhm_avg": 2.2639678308878852,
  "fwhm_x": 2.2090833333333335,
  "fwhm_y": 2.723106666666667,
  "fwhm_z": 1.8597134926636545,
  "gcor": 0.0141675,
  "gsr_x": -0.006906772498041391,
  "gsr_y": 0.05153309181332588,
  "provenance": {
    "md5sum": "66d7bc82262282e8490f934c9f7c198c",
    "settings": {
      "fd_thres": 0.2,
      "hmc_fsl": false
    },
    "software": "mriqc",
    "version": "0.9.6"
  },
  "size_t": 209,
  "size_x": 64,
  "size_y": 64,
  "size_z": 33,
  "snr": 3.9374245331568294,
  "spacing_tr": 2.0,
  "spacing_x": 3.0,
  "spacing_y": 3.0,
  "spacing_z": 4.050000190734863,
  "summary_bg_k": 58.50267511706604,
  "summary_bg_mad": 13.634265899658203,
  "summary_bg_mean": 65.13434600830078,
  "summary_bg_median": 35.34449768066406,
  "summary_bg_n": 53773.0,
  "summary_bg_p05": 24.913875579833984,
  "summary_bg_p95": 206.5626708984367,
  "summary_bg_stdv": 83.90754699707031,
  "summary_fg_k": 2.5063736770034204,
  "summary_fg_mad": 164.59011840820312,
  "summary_fg_mean": 851.5209350585938,
  "summary_fg_median": 831.3635864257812,
  "summary_fg_n": 47871.0,
  "summary_fg_p05": 565.3133850097656,
  "summary_fg_p95": 1223.7272338867188,
  "summary_fg_stdv": 211.1417999267578,
  "tsnr": 45.4404182434082
}