{
  "aor": 0.0022544285714285717,
  "aqi": 0.01549327619047619,
  "bids_meta": {
    "EchoTime": 0.03,
    "FlipAngle": 78,
    "MagneticFieldStrength": 3,
    "Manufacturer": "Siemens",
    "ManufacturersModelName": "TIM TRIO",
    "PulseSequenceType": "EPI",
    "RepetitionTime": 2.0,
    "TaskName": "face recognition",
    "modality": "bold",
    "run_id": "06",
    "session_id": "mri",
    "subject_id": "01",
    "task_id": "facerecognition"
  },
  "dummy_trs": 0,
  "dvars_nstd": 28.53473812062202,
  "dvars_std": 1.0473324064593295,
  "dvars_vstd": 0.9770374581339711,
  "efc": 0.6239640814910274,
  "fber": 482.5113220214844,
  "fd_mean": 0.15074872296162806,
  "fd_num": 39,
  "fd_perc": 18.571428571428573,
  "fwhm_avg": 2.332744,
  "fwhm_x": 2.2849366666666664,
  "fwhm_y": 2.73621,
  "fwhm_z": 1.9770853333333334,
  "gcor": 0.0118546,
  "gsr_x": 0.002660128753632307,
  "gsr_y": 0.05755908414721489,
  "provenance": {
    "md5sum": "c692c130b282f8a1e78e4a04b884ef31",
    "settings": {
      "fd_thres": 0.2,
      "hmc_fsl": false
    },
    "software": "mriqc",
    "version": "0.9.6"
  },
  "size_t": 210,
  "size_x": 64,
  "size_y": 64,
  "size_z": 33,
  "snr": 4.550686120180442,
  "spacing_tr": 2.0,
  "spacing_x": 3.0,
  "spacing_y": 3.0,
  "spacing_z": 3.75,
  "summary_bg_k": 13.0793630423377,
  "summary_bg_mad": 13.639942169189453,
  "summary_bg_mean": 74.0452651977539,
  "summary_bg_median": 33.652381896972656,
  "summary_bg_n": 64202.0,
  "summary_bg_p05": 23.324048709869384,
  "summary_bg_p95": 295.46548461914057,
  "summary_bg_stdv": 96.1307144165039,
  "summary_fg_k": 2.5968896704347735,
  "summary_fg_mad": 131.94100952148438,
  "summary_fg_mean": 785.6172485351562,
  "summary_fg_median": 784.6286010742188,
  "summary_fg_n": 38164.0,
  "summary_fg_p05": 516.1309814453125,
  "summary_fg_p95": 1061.0972229003905,
  "summary_fg_stdv": 172.41758728027344,
  "tsnr": 38.24458312988281
}