{
  "aor": 0.0022451674641148327,
  "aqi": 0.011109646220095694,
  "bids_meta": {
    "EchoTime": 0.03,
    "FlipAngle": 78,
    "MagneticFieldStrength": 3,
    "Manufacturer": "Siemens",
    "ManufacturersModelName": "TIM TRIO",
    "PulseSequenceType": "EPI",
    "RepetitionTime": 2.0,
    "TaskName": "face recognition",
    "modality": "bold",
    "run_id": "05",
    "session_id": "mri",
    "subject_id": "10",
    "task_id": "facerecognition"
  },
  "dummy_trs": 1,
  "dvars_nstd": 28.085601164807695,
  "dvars_std": 1.0469587988461533,
  "dvars_vstd": 0.9456104580288459,
  "efc": 0.5873879663687328,
  "fber": 691.0645751953125,
  "fd_mean": 0.1241151165829948,
  "fd_num": 25,
  "fd_perc": 11.961722488038278,
  "fwhm_avg": 2.3987549748367614,
  "fwhm_x": 2.3796798108800403,
  "fwhm_y": 2.784536445371592,
  "fwhm_z": 2.0320486682586507,
  "gcor": 0.0162446,
  "gsr_x": -0.006968288216739893,
  "gsr_y": 0.046857159584760666,
  "provenance": {
    "md5sum": "da5ed01b890f73b296416712884dab26",
    "settings": {
      "fd_thres": 0.2,
      "hmc_fsl": false
    },
    "software": "mriqc",
    "version": "0.9.6"
  },
  "size_t": 209,
  "size_x": 64,
  "size_y": 64,
  "size_z": 33,
  "snr": 3.926367177641882,
  "spacing_tr": 2.0,
  "spacing_x": 3.000000238418579,
  "spacing_y": 3.000000238418579,
  "spacing_z": 3.9000000953674316,
  "summary_bg_k": 66.9823237935943,
  "summary_bg_mad": 10.264715194702148,
  "summary_bg_mean": 56.956966400146484,
  "summary_bg_median": 30.229663848876953,
  "summary_bg_n": 65045.0,
  "summary_bg_p05": 22.143539428710938,
  "summary_bg_p95": 178.21434936523426,
  "summary_bg_stdv": 84.7325210571289,
  "summary_fg_k": 1.813824898951033,
  "summary_fg_mad": 174.40444946289062,
  "summary_fg_mean": 853.3291015625,
  "summary_fg_median": 845.0645751953125,
  "summary_fg_n": 37872.0,
  "summary_fg_p05": 518.0483001708985,
  "summary_fg_p95": 1207.8102355957028,
  "summary_fg_stdv": 215.2252655029297,
  "tsnr": 41.75187683105469
}