{
  "aor": 0.0008413397129186603,
  "aqi": 0.004786838325358852,
  "bids_meta": {
    "EchoTime": 0.03,
    "FlipAngle": 78,
    "MagneticFieldStrength": 3,
    "Manufacturer": "Siemens",
    "ManufacturersModelName": "TIM TRIO",
    "PulseSequenceType": "EPI",
    "RepetitionTime": 2.0,
    "TaskName": "face recognition",
    "modality": "bold",
    "run_id": "04",
    "session_id": "mri",
    "subject_id": "13",
    "task_id": "facerecognition"
  },
  "dummy_trs": 1,
  "dvars_nstd": 24.340437641586536,
  "dvars_std": 1.1661718036538453,
  "dvars_vstd": 1.0050747965384617,
  "efc": 0.5709742400180635,
  "fber": 923.4308471679688,
  "fd_mean": 0.10161736317443076,
  "fd_num": 11,
  "fd_perc": 5.2631578947368425,
  "fwhm_avg": 2.4165877611050512,
  "fwhm_x": 2.3436233333333334,
  "fwhm_y": 2.860673333333333,
  "fwhm_z": 2.0454666166484876,
  "gcor": 0.0169307,
  "gsr_x": -0.01389010064303875,
  "gsr_y": 0.03557497635483742,
  "provenance": {
    "md5sum": "85b7d0b0a8f837774d8237cb684bc3d5",
    "settings": {
      "fd_thres": 0.2,
      "hmc_fsl": false
    },
    "software": "mriqc",
    "version": "0.9.6"
  },
  "size_t": 209,
  "size_x": 64,
  "size_y": 64,
  "size_z": 33,
  "snr": 4.600022029424847,
  "spacing_tr": 2.0,
  "spacing_x": 3.0,
  "spacing_y": 3.0,
  "spacing_z": 3.9000000953674316,
  "summary_bg_k": 37.108679559160116,
  "summary_bg_mad": 6.242537498474121,
  "summary_bg_mean": 45.30454635620117,
  "summary_bg_median": 26.105262756347656,
  "summary_bg_n": 67093.0,
  "summary_bg_p05": 21.205739974975586,
  "summary_bg_p95": 136.71865844726554,
  "summary_bg_stdv": 56.472442626953125,
  "summary_fg_k": 2.148564401753587,
  "summary_fg_mad": 152.23983764648438,
  "summary_fg_mean": 840.9111328125,
  "summary_fg_median": 844.2511596679688,
  "summary_fg_n": 36020.0,
  "summary_fg_p05": 548.4145843505859,
  "summary_fg_p95": 1129.246887207031,
  "summary_fg_stdv": 183.52943420410156,
  "tsnr": 65.76600646972656
}