{
  "aor": 0.005529761904761905,
  "aqi": 0.013781788904761906,
  "bids_meta": {
    "EchoTime": 0.03,
    "FlipAngle": 78,
    "MagneticFieldStrength": 3,
    "Manufacturer": "Siemens",
    "ManufacturersModelName": "TIM TRIO",
    "PulseSequenceType": "EPI",
    "RepetitionTime": 2.0,
    "TaskName": "face recognition",
    "modality": "bold",
    "run_id": "05",
    "session_id": "mri",
    "subject_id": "12",
    "task_id": "facerecognition"
  },
  "dummy_trs": 0,
  "dvars_nstd": 34.261367815837346,
  "dvars_std": 1.1595993026315787,
  "dvars_vstd": 1.0099477360287075,
  "efc": 0.5870527996493445,
  "fber": 778.3929443359375,
  "fd_mean": 0.233267459200904,
  "fd_num": 70,
  "fd_perc": 33.333333333333336,
  "fwhm_avg": 2.3406163832726876,
  "fwhm_x": 2.3091564831513973,
  "fwhm_y": 2.670223333333333,
  "fwhm_z": 2.0424693333333335,
  "gcor": 0.0253636,
  "gsr_x": 0.0012979416642338037,
  "gsr_y": 0.02565332129597664,
  "provenance": {
    "md5sum": "cf5df317e547de9dd3f5ff20ffe15661",
    "settings": {
      "fd_thres": 0.2,
      "hmc_fsl": false
    },
    "software": "mriqc",
    "version": "0.9.6"
  },
  "size_t": 210,
  "size_x": 64,
  "size_y": 64,
  "size_z": 33,
  "snr": 4.355988803430888,
  "spacing_tr": 2.0,
  "spacing_x": 3.000000238418579,
  "spacing_y": 3.0,
  "spacing_z": 3.75,
  "summary_bg_k": 83.40446882131326,
  "summary_bg_mad": 8.323750495910645,
  "summary_bg_mean": 45.66924285888672,
  "summary_bg_median": 27.871429443359375,
  "summary_bg_n": 64229.0,
  "summary_bg_p05": 21.0,
  "summary_bg_p95": 116.87142944335938,
  "summary_bg_stdv": 63.39482498168945,
  "summary_fg_k": 2.0031022373636453,
  "summary_fg_mad": 150.9642333984375,
  "summary_fg_mean": 823.8905029296875,
  "summary_fg_median": 820.7572021484375,
  "summary_fg_n": 38570.0,
  "summary_fg_p05": 525.0271636962891,
  "summary_fg_p95": 1132.3893127441406,
  "summary_fg_stdv": 188.41796875,
  "tsnr": 38.50804138183594
}