{
  "aor": 0.0005809999999999999,
  "aqi": 0.004677457047619048,
  "bids_meta": {
    "EchoTime": 0.03,
    "FlipAngle": 78,
    "MagneticFieldStrength": 3,
    "Manufacturer": "Siemens",
    "ManufacturersModelName": "TIM TRIO",
    "PulseSequenceType": "EPI",
    "RepetitionTime": 2.0,
    "TaskName": "face recognition",
    "modality": "bold",
    "run_id": "08",
    "session_id": "mri",
    "subject_id": "05",
    "task_id": "facerecognition"
  },
  "dummy_trs": 0,
  "dvars_nstd": 26.65740119913876,
  "dvars_std": 1.1724015558851677,
  "dvars_vstd": 1.012692420239235,
  "efc": 0.5813906011232645,
  "fber": 787.5206298828125,
  "fd_mean": 0.07657864522477388,
  "fd_num": 4,
  "fd_perc": 1.9047619047619047,
  "fwhm_avg": 2.3606263714030646,
  "fwhm_x": 2.2958966666666667,
  "fwhm_y": 2.7572197808758596,
  "fwhm_z": 2.0287626666666667,
  "gcor": 0.0145234,
  "gsr_x": -0.01478600688278675,
  "gsr_y": 0.03666163235902786,
  "provenance": {
    "md5sum": "b5592c33da60e48ae40da3596b180cd8",
    "settings": {
      "fd_thres": 0.2,
      "hmc_fsl": false
    },
    "software": "mriqc",
    "version": "0.9.6"
  },
  "size_t": 210,
  "size_x": 64,
  "size_y": 64,
  "size_z": 33,
  "snr": 4.38236553854599,
  "spacing_tr": 2.0,
  "spacing_x": 3.0,
  "spacing_y": 3.000000238418579,
  "spacing_z": 3.75,
  "summary_bg_k": 67.09596679782314,
  "summary_bg_mad": 6.777609825134277,
  "summary_bg_mean": 46.63683319091797,
  "summary_bg_median": 27.557144165039062,
  "summary_bg_n": 65652.0,
  "summary_bg_p05": 22.27619171142578,
  "summary_bg_p95": 125.95405120849605,
  "summary_bg_stdv": 64.1755599975586,
  "summary_fg_k": 2.175146027058248,
  "summary_fg_mad": 152.58099365234375,
  "summary_fg_mean": 825.1611328125,
  "summary_fg_median": 823.0928955078125,
  "summary_fg_n": 37152.0,
  "summary_fg_p05": 540.5543060302734,
  "summary_fg_p95": 1126.6881713867185,
  "summary_fg_stdv": 187.81678771972656,
  "tsnr": 68.0628662109375
}