{
  "aor": 0.0008702380952380953,
  "aqi": 0.009404994809523809,
  "bids_meta": {
    "EchoTime": 0.03,
    "FlipAngle": 78,
    "MagneticFieldStrength": 3,
    "Manufacturer": "Siemens",
    "ManufacturersModelName": "TIM TRIO",
    "PulseSequenceType": "EPI",
    "RepetitionTime": 2.0,
    "TaskName": "face recognition",
    "modality": "bold",
    "run_id": "01",
    "session_id": "mri",
    "subject_id": "12",
    "task_id": "facerecognition"
  },
  "dummy_trs": 0,
  "dvars_nstd": 32.06308018052632,
  "dvars_std": 1.1895497046411476,
  "dvars_vstd": 0.9787298365550241,
  "efc": 0.5876366855928302,
  "fber": 778.7615356445312,
  "fd_mean": 0.1395844011592249,
  "fd_num": 38,
  "fd_perc": 18.095238095238095,
  "fwhm_avg": 2.326471050389083,
  "fwhm_x": 2.2921798178339152,
  "fwhm_y": 2.67726,
  "fwhm_z": 2.0099733333333334,
  "gcor": 0.0274421,
  "gsr_x": -0.002739452291280031,
  "gsr_y": 0.02742568589746952,
  "provenance": {
    "md5sum": "8be58b27d9d56fadd78e10407719ef01",
    "settings": {
      "fd_thres": 0.2,
      "hmc_fsl": false
    },
    "software": "mriqc",
    "version": "0.9.6"
  },
  "size_t": 210,
  "size_x": 64,
  "size_y": 64,
  "size_z": 33,
  "snr": 4.357532053625711,
  "spacing_tr": 2.0,
  "spacing_x": 3.000000238418579,
  "spacing_y": 3.0,
  "spacing_z": 3.75,
  "summary_bg_k": 75.79658765116913,
  "summary_bg_mad": 7.617752552032471,
  "summary_bg_mean": 45.14862823486328,
  "summary_bg_median": 27.26666831970215,
  "summary_bg_n": 63937.0,
  "summary_bg_p05": 21.33333396911621,
  "summary_bg_p95": 113.12285919189448,
  "summary_bg_stdv": 64.38307189941406,
  "summary_fg_k": 2.0332556860741358,
  "summary_fg_mad": 147.63900756835938,
  "summary_fg_mean": 809.0869750976562,
  "summary_fg_median": 806.0286254882812,
  "summary_fg_n": 38761.0,
  "summary_fg_p05": 518.32861328125,
  "summary_fg_p95": 1113.952392578125,
  "summary_fg_stdv": 184.9712677001953,
  "tsnr": 49.843048095703125
}