{
  "bids_meta": {
    "EchoTime": 0.00298,
    "FlipAngle": 9,
    "InversionTime": 0.9,
    "MagneticFieldStrength": 3,
    "Manufacturer": "Siemens",
    "ManufacturersModelName": "TIM TRIO",
    "PulseSequenceType": "MPRAGE",
    "RepetitionTime": 2.25,
    "acq_id": "mprage",
    "modality": "T1w",
    "session_id": "mri",
    "subject_id": "16"
  },
  "cjv": 0.308738537353399,
  "cnr": 4.216819437834261,
  "efc": 0.6720953861244305,
  "fber": 1722.4752197265625,
  "fwhm_avg": 5.368787280660839,
  "fwhm_x": 5.279189370671586,
  "fwhm_y": 5.923102471310931,
  "fwhm_z": 4.90407,
  "icvs_csf": 0.22618555242321164,
  "icvs_gm": 0.38551091425383754,
  "icvs_wm": 0.38830353332295076,
  "inu_med": 0.8311705589294434,
  "inu_range": 0.38492369651794434,
  "provenance": {
    "md5sum": "e4a7adceda328fc3615820c6d2642382",
    "mriqc_pred": 0,
    "settings": {
      "testing": false
    },
    "software": "mriqc",
    "version": "0.9.6",
    "warnings": {
      "large_rot_frame": true,
      "small_air_mask": false
    }
  },
  "qi_1": 0.00041361167154423844,
  "qi_2": 0.0053757596964299475,
  "rpve_csf": 20.464368046342393,
  "rpve_gm": 11.657792630774024,
  "rpve_wm": 14.28446840761164,
  "size_x": 256,
  "size_y": 256,
  "size_z": 192,
  "snr_csf": 3.643725134662288,
  "snr_gm": 13.356077446775558,
  "snr_total": 14.621229211781625,
  "snr_wm": 26.863885053907026,
  "snrd_csf": 36.239008968953776,
  "snrd_gm": 70.49573290997941,
  "snrd_total": 68.18185218183412,
  "snrd_wm": 97.81081466656914,
  "spacing_x": 1.0000001192092896,
  "spacing_y": 0.9999995827674866,
  "spacing_z": 1.0,
  "summary_bg_k": 2418.9721153164173,
  "summary_bg_mad": 6.698061943054199,
  "summary_bg_mean": 15.340473175048828,
  "summary_bg_median": 13.844425201416016,
  "summary_bg_n": 1461796.0,
  "summary_bg_p05": 5.460250020027161,
  "summary_bg_p95": 30.037843227386475,
  "summary_bg_stdv": 9.402215957641602,
  "summary_csf_k": -0.284686976357059,
  "summary_csf_mad": 106.58404541015625,
  "summary_csf_mean": 387.3351745605469,
  "summary_csf_median": 370.5047302246094,
  "summary_csf_n": 48654.0,
  "summary_csf_p05": 253.03858795166016,
  "summary_csf_p95": 574.527099609375,
  "summary_csf_stdv": 101.6819076538086,
  "summary_gm_k": 0.8825418584578264,
  "summary_gm_mad": 50.63587951660156,
  "summary_gm_mean": 722.15625,
  "summary_gm_median": 720.7427368164062,
  "summary_gm_n": 17551.0,
  "summary_gm_p05": 637.3936157226562,
  "summary_gm_p95": 811.2547302246094,
  "summary_gm_stdv": 53.96211624145508,
  "summary_wm_k": 0.4785529646964246,
  "summary_wm_mad": 35.58467102050781,
  "summary_wm_mean": 999.9390258789062,
  "summary_wm_median": 1000.0099487304688,
  "summary_wm_n": 300550.0,
  "summary_wm_p05": 938.6596252441406,
  "summary_wm_p95": 1060.566961669922,
  "summary_wm_stdv": 37.225006103515625,
  "tpm_overlap_csf": 0.22414182126522064,
  "tpm_overlap_gm": 0.4796289801597595,
  "tpm_overlap_wm": 0.5534856915473938,
  "wm2max": 0.622560381923612
}