{
  "bids_meta": {
    "EchoTime": 0.095,
    "FlipAngle": 90,
    "MagneticFieldStrength": 3,
    "Manufacturer": "Siemens",
    "ManufacturersModelName": "TIM TRIO",
    "PulseSequenceType": "EPI",
    "RepetitionTime": 2,
    "acq_id": "epi",
    "modality": "T1w",
    "session_id": "mri",
    "subject_id": "04"
  },
  "cjv": 1.0146949282037874,
  "cnr": 1.224022227562222,
  "efc": 0.6606041610149093,
  "fber": 117.95010375976562,
  "fwhm_avg": 1.8751926348090275,
  "fwhm_x": 1.9913533333333333,
  "fwhm_y": 1.8229733333333333,
  "fwhm_z": 1.8112512377604157,
  "icvs_csf": 0.17033407904449843,
  "icvs_gm": 0.45825198640823184,
  "icvs_wm": 0.37141393454726973,
  "inu_med": 0.8604457974433899,
  "inu_range": 0.4908560395240782,
  "provenance": {
    "md5sum": "824cbfe3d6c8a78b9b63ccdc8fcae9f8",
    "mriqc_pred": 0,
    "settings": {
      "testing": false
    },
    "software": "mriqc",
    "version": "0.9.6",
    "warnings": {
      "large_rot_frame": false,
      "small_air_mask": true
    }
  },
  "qi_1": 0.0,
  "qi_2": 0.003572500821657075,
  "rpve_csf": 13.467651797402075,
  "rpve_gm": 4.514216890335416,
  "rpve_wm": 5.234781599682016,
  "size_x": 64,
  "size_y": 64,
  "size_z": 33,
  "snr_csf": 1.1859393954019057,
  "snr_gm": 10.00830163929608,
  "snr_total": 7.803284303431423,
  "snr_wm": 12.21561187559628,
  "snrd_csf": 17.857054399478056,
  "snrd_gm": 23.62552707166076,
  "snrd_total": 23.086831618721103,
  "snrd_wm": 27.777913385024494,
  "spacing_x": 3.0,
  "spacing_y": 3.0,
  "spacing_z": 3.9000000953674316,
  "summary_bg_k": 12.536037133107124,
  "summary_bg_mad": 23.64504623413086,
  "summary_bg_mean": 64.01952362060547,
  "summary_bg_median": 60.66435241699219,
  "summary_bg_n": 33767.0,
  "summary_bg_p05": 24.00520000457764,
  "summary_bg_p95": 114.1963340759277,
  "summary_bg_stdv": 31.59127426147461,
  "summary_csf_k": 14.852226775122073,
  "summary_csf_mad": 325.4238586425781,
  "summary_csf_mean": 844.1817626953125,
  "summary_csf_median": 644.4931030273438,
  "summary_csf_n": 5596.0,
  "summary_csf_p05": 332.6224594116211,
  "summary_csf_p95": 1716.2205505371094,
  "summary_csf_stdv": 543.3966674804688,
  "summary_gm_k": 1.2647596823361411,
  "summary_gm_mad": 75.41517639160156,
  "summary_gm_mean": 861.3518676757812,
  "summary_gm_median": 852.6876220703125,
  "summary_gm_n": 11640.0,
  "summary_gm_p05": 738.9151092529297,
  "summary_gm_p95": 1016.5505157470702,
  "summary_gm_stdv": 85.19437408447266,
  "summary_wm_k": 0.6422530491712344,
  "summary_wm_mad": 76.6541748046875,
  "summary_wm_mean": 1008.2913818359375,
  "summary_wm_median": 1002.5546875,
  "summary_wm_n": 9283.0,
  "summary_wm_p05": 885.350146484375,
  "summary_wm_p95": 1155.1603393554688,
  "summary_wm_stdv": 82.06716918945312,
  "tpm_overlap_csf": 0.11798305809497833,
  "tpm_overlap_gm": 0.3837135136127472,
  "tpm_overlap_wm": 0.3498872220516205,
  "wm2max": 0.38625625445195094
}