{
  "aor": 0.0006336666666666668,
  "aqi": 0.004595854761904761,
  "bids_meta": {
    "EchoTime": 0.03,
    "FlipAngle": 78,
    "MagneticFieldStrength": 3,
    "Manufacturer": "Siemens",
    "ManufacturersModelName": "TIM TRIO",
    "PulseSequenceType": "EPI",
    "RepetitionTime": 2.0,
    "TaskName": "face recognition",
    "modality": "bold",
    "run_id": "05",
    "session_id": "mri",
    "subject_id": "05",
    "task_id": "facerecognition"
  },
  "dummy_trs": 0,
  "dvars_nstd": 25.59637325282297,
  "dvars_std": 1.159272964593301,
  "dvars_vstd": 1.0127635233014347,
  "efc": 0.5806622050949981,
  "fber": 801.4393310546875,
  "fd_mean": 0.06667478186088653,
  "fd_num": 3,
  "fd_perc": 1.4285714285714286,
  "fwhm_avg": 2.3663374821611396,
  "fwhm_x": 2.29825,
  "fwhm_y": 2.7705464464834177,
  "fwhm_z": 2.0302160000000002,
  "gcor": 0.0246021,
  "gsr_x": -0.014842861331999302,
  "gsr_y": 0.03469061106443405,
  "provenance": {
    "md5sum": "6c3d63188bc260e5a8ba1215df91e900",
    "settings": {
      "fd_thres": 0.2,
      "hmc_fsl": false
    },
    "software": "mriqc",
    "version": "0.9.6"
  },
  "size_t": 210,
  "size_x": 64,
  "size_y": 64,
  "size_z": 33,
  "snr": 4.381541200309395,
  "spacing_tr": 2.0,
  "spacing_x": 3.0,
  "spacing_y": 3.000000238418579,
  "spacing_z": 3.75,
  "summary_bg_k": 71.18984184780521,
  "summary_bg_mad": 6.269289016723633,
  "summary_bg_mean": 45.20795440673828,
  "summary_bg_median": 27.057144165039062,
  "summary_bg_n": 65413.0,
  "summary_bg_p05": 22.19523811340332,
  "summary_bg_p95": 120.3419082641601,
  "summary_bg_stdv": 62.25066375732422,
  "summary_fg_k": 2.1726426310457665,
  "summary_fg_mad": 150.59715270996094,
  "summary_fg_mean": 816.89208984375,
  "summary_fg_median": 815.7786254882812,
  "summary_fg_n": 37256.0,
  "summary_fg_p05": 532.5130920410156,
  "summary_fg_p95": 1115.8202819824219,
  "summary_fg_stdv": 186.1828155517578,
  "tsnr": 66.57996368408203
}