{
  "aor": 0.0011127272727272726,
  "aqi": 0.008560664114832537,
  "bids_meta": {
    "EchoTime": 0.03,
    "FlipAngle": 78,
    "MagneticFieldStrength": 3,
    "Manufacturer": "Siemens",
    "ManufacturersModelName": "TIM TRIO",
    "PulseSequenceType": "EPI",
    "RepetitionTime": 2.0,
    "TaskName": "face recognition",
    "modality": "bold",
    "run_id": "04",
    "session_id": "mri",
    "subject_id": "16",
    "task_id": "facerecognition"
  },
  "dummy_trs": 1,
  "dvars_nstd": 28.651330269663465,
  "dvars_std": 1.09586844,
  "dvars_vstd": 0.9839076085576923,
  "efc": 0.6494066248189725,
  "fber": 494.3330383300781,
  "fd_mean": 0.1239480461284843,
  "fd_num": 14,
  "fd_perc": 6.698564593301436,
  "fwhm_avg": 2.26255799557605,
  "fwhm_x": 2.19882,
  "fwhm_y": 2.7341800000000003,
  "fwhm_z": 1.8546739867281508,
  "gcor": 0.0162098,
  "gsr_x": -0.007342487573623657,
  "gsr_y": 0.05219192057847977,
  "provenance": {
    "md5sum": "60bf49b7299885d202dd31e1a0258882",
    "settings": {
      "fd_thres": 0.2,
      "hmc_fsl": false
    },
    "software": "mriqc",
    "version": "0.9.6"
  },
  "size_t": 209,
  "size_x": 64,
  "size_y": 64,
  "size_z": 33,
  "snr": 3.954918389662816,
  "spacing_tr": 2.0,
  "spacing_x": 3.0,
  "spacing_y": 3.0,
  "spacing_z": 4.050000190734863,
  "summary_bg_k": 60.59010328392069,
  "summary_bg_mad": 12.931981086730957,
  "summary_bg_mean": 63.71656036376953,
  "summary_bg_median": 34.727272033691406,
  "summary_bg_n": 53718.0,
  "summary_bg_p05": 24.741626739501953,
  "summary_bg_p95": 198.52774124145503,
  "summary_bg_stdv": 82.82261657714844,
  "summary_fg_k": 2.441054416935459,
  "summary_fg_mad": 162.1640625,
  "summary_fg_mean": 840.4058227539062,
  "summary_fg_median": 820.940185546875,
  "summary_fg_n": 47876.0,
  "summary_fg_p05": 559.5825347900391,
  "summary_fg_p95": 1204.1901550292969,
  "summary_fg_stdv": 207.57232666015625,
  "tsnr": 50.18548583984375
}