{
  "aor": 0.0017388038277511963,
  "aqi": 0.008948647942583734,
  "bids_meta": {
    "EchoTime": 0.03,
    "FlipAngle": 78,
    "MagneticFieldStrength": 3,
    "Manufacturer": "Siemens",
    "ManufacturersModelName": "TIM TRIO",
    "PulseSequenceType": "EPI",
    "RepetitionTime": 2.0,
    "TaskName": "face recognition",
    "modality": "bold",
    "run_id": "05",
    "session_id": "mri",
    "subject_id": "11",
    "task_id": "facerecognition"
  },
  "dummy_trs": 1,
  "dvars_nstd": 25.52054676649038,
  "dvars_std": 1.1214637249999995,
  "dvars_vstd": 0.9997275678365387,
  "efc": 0.5700701386125026,
  "fber": 906.8622436523438,
  "fd_mean": 0.1411732659964911,
  "fd_num": 32,
  "fd_perc": 15.311004784688995,
  "fwhm_avg": 2.3972955555555555,
  "fwhm_x": 2.3242266666666667,
  "fwhm_y": 2.805593333333333,
  "fwhm_z": 2.062066666666667,
  "gcor": 0.0347234,
  "gsr_x": -0.010097254998981953,
  "gsr_y": 0.02832917496562004,
  "provenance": {
    "md5sum": "2c5ec69bebbed0c46a311c50112c1585",
    "settings": {
      "fd_thres": 0.2,
      "hmc_fsl": false
    },
    "software": "mriqc",
    "version": "0.9.6"
  },
  "size_t": 209,
  "size_x": 64,
  "size_y": 64,
  "size_z": 33,
  "snr": 4.960580288163285,
  "spacing_tr": 2.0,
  "spacing_x": 3.0,
  "spacing_y": 3.0,
  "spacing_z": 3.75,
  "summary_bg_k": 41.902713959679694,
  "summary_bg_mad": 6.292191505432129,
  "summary_bg_mean": 44.469757080078125,
  "summary_bg_median": 25.822965621948242,
  "summary_bg_n": 68161.0,
  "summary_bg_p05": 20.82775115966797,
  "summary_bg_p95": 123.42583465576172,
  "summary_bg_stdv": 59.06846237182617,
  "summary_fg_k": 2.808947664668114,
  "summary_fg_mad": 129.08566284179688,
  "summary_fg_mean": 816.6118774414062,
  "summary_fg_median": 820.8612060546875,
  "summary_fg_n": 35229.0,
  "summary_fg_p05": 556.5846557617188,
  "summary_fg_p95": 1074.7023681640624,
  "summary_fg_stdv": 165.47450256347656,
  "tsnr": 55.05226135253906
}