{
  "aor": 0.0008828095238095238,
  "aqi": 0.009299118476190475,
  "bids_meta": {
    "EchoTime": 0.03,
    "FlipAngle": 78,
    "MagneticFieldStrength": 3,
    "Manufacturer": "Siemens",
    "ManufacturersModelName": "TIM TRIO",
    "PulseSequenceType": "EPI",
    "RepetitionTime": 2.0,
    "TaskName": "face recognition",
    "modality": "bold",
    "run_id": "02",
    "session_id": "mri",
    "subject_id": "03",
    "task_id": "facerecognition"
  },
  "dummy_trs": 0,
  "dvars_nstd": 29.579211805598085,
  "dvars_std": 1.13749943923445,
  "dvars_vstd": 0.987493485885168,
  "efc": 0.5886991241857997,
  "fber": 601.9349365234375,
  "fd_mean": 0.15574739574571117,
  "fd_num": 50,
  "fd_perc": 23.80952380952381,
  "fwhm_avg": 2.387546906308307,
  "fwhm_x": 2.34633,
  "fwhm_y": 2.7590800000000004,
  "fwhm_z": 2.05723071892492,
  "gcor": 0.0325717,
  "gsr_x": -0.0027587185613811016,
  "gsr_y": 0.03892531991004944,
  "provenance": {
    "md5sum": "723f94d943dbc887075695e12af1ab46",
    "settings": {
      "fd_thres": 0.2,
      "hmc_fsl": false
    },
    "software": "mriqc",
    "version": "0.9.6"
  },
  "size_t": 210,
  "size_x": 64,
  "size_y": 64,
  "size_z": 33,
  "snr": 4.312577178500887,
  "spacing_tr": 2.0,
  "spacing_x": 3.0,
  "spacing_y": 3.0,
  "spacing_z": 3.9000000953674316,
  "summary_bg_k": 13.360909025038012,
  "summary_bg_mad": 11.147758483886719,
  "summary_bg_mean": 58.55295944213867,
  "summary_bg_median": 32.16666793823242,
  "summary_bg_n": 66832.0,
  "summary_bg_p05": 23.66190528869629,
  "summary_bg_p95": 200.0778686523437,
  "summary_bg_stdv": 65.63384246826172,
  "summary_fg_k": 2.112058004737885,
  "summary_fg_mad": 157.2193603515625,
  "summary_fg_mean": 844.4124755859375,
  "summary_fg_median": 842.3238525390625,
  "summary_fg_n": 35961.0,
  "summary_fg_p05": 537.9095458984375,
  "summary_fg_p95": 1160.4381103515625,
  "summary_fg_stdv": 195.3152618408203,
  "tsnr": 48.45372772216797
}