{
  "aor": 0.0030167619047619053,
  "aqi": 0.009372062952380952,
  "bids_meta": {
    "EchoTime": 0.03,
    "FlipAngle": 78,
    "MagneticFieldStrength": 3,
    "Manufacturer": "Siemens",
    "ManufacturersModelName": "TIM TRIO",
    "PulseSequenceType": "EPI",
    "RepetitionTime": 2.0,
    "TaskName": "face recognition",
    "modality": "bold",
    "run_id": "03",
    "session_id": "mri",
    "subject_id": "01",
    "task_id": "facerecognition"
  },
  "dummy_trs": 0,
  "dvars_nstd": 28.697115401004773,
  "dvars_std": 1.1389405055023925,
  "dvars_vstd": 1.0391927450717702,
  "efc": 0.6246226113056096,
  "fber": 467.7075500488281,
  "fd_mean": 0.11808221034405277,
  "fd_num": 20,
  "fd_perc": 9.523809523809524,
  "fwhm_avg": 2.322163333333333,
  "fwhm_x": 2.2757166666666664,
  "fwhm_y": 2.7422,
  "fwhm_z": 1.9485733333333333,
  "gcor": 0.0300269,
  "gsr_x": -0.004117082338780165,
  "gsr_y": 0.05033641308546066,
  "provenance": {
    "md5sum": "3dc6f448bab2fed3ea343b8fc8becbeb",
    "settings": {
      "fd_thres": 0.2,
      "hmc_fsl": false
    },
    "software": "mriqc",
    "version": "0.9.6"
  },
  "size_t": 210,
  "size_x": 64,
  "size_y": 64,
  "size_z": 33,
  "snr": 4.487361841393668,
  "spacing_tr": 2.0,
  "spacing_x": 3.0,
  "spacing_y": 3.0,
  "spacing_z": 3.75,
  "summary_bg_k": 12.631983383999183,
  "summary_bg_mad": 13.329303741455078,
  "summary_bg_mean": 75.60404205322266,
  "summary_bg_median": 33.77143096923828,
  "summary_bg_n": 63698.0,
  "summary_bg_p05": 23.76666831970215,
  "summary_bg_p95": 305.5654907226561,
  "summary_bg_stdv": 98.9596176147461,
  "summary_fg_k": 2.614982530801787,
  "summary_fg_mad": 132.1845245361328,
  "summary_fg_mean": 781.3816528320312,
  "summary_fg_median": 781.5286254882812,
  "summary_fg_n": 38241.0,
  "summary_fg_p05": 503.914306640625,
  "summary_fg_p95": 1057.109619140625,
  "summary_fg_stdv": 174.15988159179688,
  "tsnr": 48.56293487548828
}