{
  "aor": 0.0016077619047619046,
  "aqi": 0.005532624000000001,
  "bids_meta": {
    "EchoTime": 0.03,
    "FlipAngle": 78,
    "MagneticFieldStrength": 3,
    "Manufacturer": "Siemens",
    "ManufacturersModelName": "TIM TRIO",
    "PulseSequenceType": "EPI",
    "RepetitionTime": 2.0,
    "TaskName": "face recognition",
    "modality": "bold",
    "run_id": "01",
    "session_id": "mri",
    "subject_id": "09",
    "task_id": "facerecognition"
  },
  "dummy_trs": 0,
  "dvars_nstd": 27.93726681999998,
  "dvars_std": 1.1364936806698567,
  "dvars_vstd": 1.0193303045454545,
  "efc": 0.6008073380922059,
  "fber": 683.7598876953125,
  "fd_mean": 0.15509198981253122,
  "fd_num": 51,
  "fd_perc": 24.285714285714285,
  "fwhm_avg": 2.3333741510567543,
  "fwhm_x": 2.2259266666666666,
  "fwhm_y": 2.6864064531702634,
  "fwhm_z": 2.0877893333333333,
  "gcor": 0.0198854,
  "gsr_x": -0.012239014729857445,
  "gsr_y": 0.04044125974178314,
  "provenance": {
    "md5sum": "45d4935514e4039af08dd0a278d85678",
    "settings": {
      "fd_thres": 0.2,
      "hmc_fsl": false
    },
    "software": "mriqc",
    "version": "0.9.6"
  },
  "size_t": 210,
  "size_x": 64,
  "size_y": 64,
  "size_z": 33,
  "snr": 4.16317488928053,
  "spacing_tr": 2.0,
  "spacing_x": 3.0,
  "spacing_y": 3.000000238418579,
  "spacing_z": 3.75,
  "summary_bg_k": 71.07709828687156,
  "summary_bg_mad": 7.236511707305908,
  "summary_bg_mean": 47.50710678100586,
  "summary_bg_median": 27.4714298248291,
  "summary_bg_n": 62305.0,
  "summary_bg_p05": 21.91428565979004,
  "summary_bg_p95": 139.1542907714842,
  "summary_bg_stdv": 61.917179107666016,
  "summary_fg_k": 1.6511447030347517,
  "summary_fg_mad": 149.79928588867188,
  "summary_fg_mean": 768.8456420898438,
  "summary_fg_median": 767.1238403320312,
  "summary_fg_n": 40341.0,
  "summary_fg_p05": 469.5143127441406,
  "summary_fg_p95": 1071.71435546875,
  "summary_fg_stdv": 184.26185607910156,
  "tsnr": 55.850624084472656
}