{
  "aor": 0.0014472727272727272,
  "aqi": 0.007986041770334929,
  "bids_meta": {
    "EchoTime": 0.03,
    "FlipAngle": 78,
    "MagneticFieldStrength": 3,
    "Manufacturer": "Siemens",
    "ManufacturersModelName": "TIM TRIO",
    "PulseSequenceType": "EPI",
    "RepetitionTime": 2.0,
    "TaskName": "face recognition",
    "modality": "bold",
    "run_id": "03",
    "session_id": "mri",
    "subject_id": "06",
    "task_id": "facerecognition"
  },
  "dummy_trs": 1,
  "dvars_nstd": 32.49116079600961,
  "dvars_std": 1.0894758134134617,
  "dvars_vstd": 1.0192893533653846,
  "efc": 0.6123366685434755,
  "fber": 366.9529724121094,
  "fd_mean": 0.08405394676439491,
  "fd_num": 5,
  "fd_perc": 2.3923444976076556,
  "fwhm_avg": 2.418733760678541,
  "fwhm_x": 2.37564,
  "fwhm_y": 2.8739564382651297,
  "fwhm_z": 2.0066048437704938,
  "gcor": 0.0135624,
  "gsr_x": -0.009448672644793987,
  "gsr_y": 0.03609214350581169,
  "provenance": {
    "md5sum": "2a7c83e6b73e34da6d53f6e09335f0bb",
    "settings": {
      "fd_thres": 0.2,
      "hmc_fsl": false
    },
    "software": "mriqc",
    "version": "0.9.6"
  },
  "size_t": 209,
  "size_x": 64,
  "size_y": 64,
  "size_z": 33,
  "snr": 4.201395543103521,
  "spacing_tr": 2.0,
  "spacing_x": 3.0,
  "spacing_y": 3.000000238418579,
  "spacing_z": 4.050000190734863,
  "summary_bg_k": 66.37846270492619,
  "summary_bg_mad": 6.469536781311035,
  "summary_bg_mean": 63.92634963989258,
  "summary_bg_median": 40.440189361572266,
  "summary_bg_n": 63360.0,
  "summary_bg_p05": 35.20095443725586,
  "summary_bg_p95": 173.39090042114188,
  "summary_bg_stdv": 75.38470458984375,
  "summary_fg_k": 1.86840355179893,
  "summary_fg_mad": 155.0914764404297,
  "summary_fg_mean": 819.0986328125,
  "summary_fg_median": 820.416259765625,
  "summary_fg_n": 39055.0,
  "summary_fg_p05": 503.3157623291016,
  "summary_fg_p95": 1133.6209838867185,
  "summary_fg_stdv": 195.2698211669922,
  "tsnr": 43.96134948730469
}