{
  "aor": 0.00091,
  "aqi": 0.0056955451428571426,
  "bids_meta": {
    "EchoTime": 0.03,
    "FlipAngle": 78,
    "MagneticFieldStrength": 3,
    "Manufacturer": "Siemens",
    "ManufacturersModelName": "TIM TRIO",
    "PulseSequenceType": "EPI",
    "RepetitionTime": 2.0,
    "TaskName": "face recognition",
    "modality": "bold",
    "run_id": "08",
    "session_id": "mri",
    "subject_id": "08",
    "task_id": "facerecognition"
  },
  "dummy_trs": 0,
  "dvars_nstd": 24.620020168277524,
  "dvars_std": 1.1659587900478474,
  "dvars_vstd": 1.011885968995215,
  "efc": 0.5944121907113844,
  "fber": 697.9664306640625,
  "fd_mean": 0.08670228262179697,
  "fd_num": 5,
  "fd_perc": 2.380952380952381,
  "fwhm_avg": 2.256051555555556,
  "fwhm_x": 2.18004,
  "fwhm_y": 2.5524133333333334,
  "fwhm_z": 2.0357013333333334,
  "gcor": 0.0195588,
  "gsr_x": 0.0026744932401925325,
  "gsr_y": 0.025064116343855858,
  "provenance": {
    "md5sum": "37fda63f2b22a76a90ddec2da14949a7",
    "settings": {
      "fd_thres": 0.2,
      "hmc_fsl": false
    },
    "software": "mriqc",
    "version": "0.9.6"
  },
  "size_t": 210,
  "size_x": 64,
  "size_y": 64,
  "size_z": 33,
  "snr": 4.733015230516359,
  "spacing_tr": 2.0,
  "spacing_x": 3.0,
  "spacing_y": 3.0,
  "spacing_z": 3.75,
  "summary_bg_k": 26.372171626414747,
  "summary_bg_mad": 7.822490692138672,
  "summary_bg_mean": 52.912471771240234,
  "summary_bg_median": 27.21428680419922,
  "summary_bg_n": 66672.0,
  "summary_bg_p05": 21.361906051635742,
  "summary_bg_p95": 180.17024917602518,
  "summary_bg_stdv": 71.02692413330078,
  "summary_fg_k": 2.4991403000181345,
  "summary_fg_mad": 130.01364135742188,
  "summary_fg_mean": 764.5731201171875,
  "summary_fg_median": 765.9404907226562,
  "summary_fg_n": 36496.0,
  "summary_fg_p05": 518.4738159179688,
  "summary_fg_p95": 1019.6512145996094,
  "summary_fg_stdv": 161.8270721435547,
  "tsnr": 65.04524230957031
}