{
  "aor": 0.014359761904761906,
  "aqi": 0.026246944380952385,
  "bids_meta": {
    "EchoTime": 0.03,
    "FlipAngle": 78,
    "MagneticFieldStrength": 3,
    "Manufacturer": "Siemens",
    "ManufacturersModelName": "TIM TRIO",
    "PulseSequenceType": "EPI",
    "RepetitionTime": 2.0,
    "TaskName": "face recognition",
    "modality": "bold",
    "run_id": "05",
    "session_id": "mri",
    "subject_id": "07",
    "task_id": "facerecognition"
  },
  "dummy_trs": 0,
  "dvars_nstd": 30.131127772679413,
  "dvars_std": 1.0204649133971295,
  "dvars_vstd": 1.0570832106220094,
  "efc": 0.5719796277607598,
  "fber": 684.809814453125,
  "fd_mean": 0.22593475443014008,
  "fd_num": 54,
  "fd_perc": 25.714285714285715,
  "fwhm_avg": 2.4593839230293053,
  "fwhm_x": 2.37508,
  "fwhm_y": 2.9055464357545824,
  "fwhm_z": 2.097525333333333,
  "gcor": 0.00895016,
  "gsr_x": -0.0074334535747766495,
  "gsr_y": 0.032529979944229126,
  "provenance": {
    "md5sum": "87c5a97a66f821b3dcfab744357faeac",
    "settings": {
      "fd_thres": 0.2,
      "hmc_fsl": false
    },
    "software": "mriqc",
    "version": "0.9.6"
  },
  "size_t": 210,
  "size_x": 64,
  "size_y": 64,
  "size_z": 33,
  "snr": 4.736116593628654,
  "spacing_tr": 2.0,
  "spacing_x": 3.0,
  "spacing_y": 3.000000238418579,
  "spacing_z": 3.75,
  "summary_bg_k": 58.071627300279374,
  "summary_bg_mad": 8.493191719055176,
  "summary_bg_mean": 48.42097473144531,
  "summary_bg_median": 29.090476989746094,
  "summary_bg_n": 68369.0,
  "summary_bg_p05": 20.576190948486328,
  "summary_bg_p95": 134.4523864746093,
  "summary_bg_stdv": 61.77488708496094,
  "summary_fg_k": 2.3834047702743524,
  "summary_fg_mad": 135.69338989257812,
  "summary_fg_mean": 794.4895629882812,
  "summary_fg_median": 791.0381469726562,
  "summary_fg_n": 34832.0,
  "summary_fg_p05": 545.2809783935547,
  "summary_fg_p95": 1066.4164489746092,
  "summary_fg_stdv": 167.02012634277344,
  "tsnr": 29.09381103515625
}