{
  "aor": 0.01391895238095238,
  "aqi": 0.010934464047619047,
  "bids_meta": {
    "EchoTime": 0.03,
    "FlipAngle": 78,
    "MagneticFieldStrength": 3,
    "Manufacturer": "Siemens",
    "ManufacturersModelName": "TIM TRIO",
    "PulseSequenceType": "EPI",
    "RepetitionTime": 2.0,
    "TaskName": "face recognition",
    "modality": "bold",
    "run_id": "06",
    "session_id": "mri",
    "subject_id": "11",
    "task_id": "facerecognition"
  },
  "dummy_trs": 0,
  "dvars_nstd": 25.886749796985637,
  "dvars_std": 1.2381946037320575,
  "dvars_vstd": 1.1518358971291867,
  "efc": 0.5698890935004532,
  "fber": 899.489013671875,
  "fd_mean": 0.1442794891999371,
  "fd_num": 31,
  "fd_perc": 14.761904761904763,
  "fwhm_avg": 2.4085948888888886,
  "fwhm_x": 2.3370933333333332,
  "fwhm_y": 2.823323333333333,
  "fwhm_z": 2.065368,
  "gcor": 0.0274182,
  "gsr_x": -0.009496082551777363,
  "gsr_y": 0.028628112748265266,
  "provenance": {
    "md5sum": "6273c534a39e3b7eb71ac416be6c2d36",
    "settings": {
      "fd_thres": 0.2,
      "hmc_fsl": false
    },
    "software": "mriqc",
    "version": "0.9.6"
  },
  "size_t": 210,
  "size_x": 64,
  "size_y": 64,
  "size_z": 33,
  "snr": 4.872991530417533,
  "spacing_tr": 2.0,
  "spacing_x": 3.0,
  "spacing_y": 3.0,
  "spacing_z": 3.75,
  "summary_bg_k": 41.858180209221956,
  "summary_bg_mad": 6.156330585479736,
  "summary_bg_mean": 44.062339782714844,
  "summary_bg_median": 25.900001525878906,
  "summary_bg_n": 68277.0,
  "summary_bg_p05": 21.200000762939453,
  "summary_bg_p95": 120.15333557128898,
  "summary_bg_stdv": 57.08460998535156,
  "summary_fg_k": 2.9197499755907,
  "summary_fg_mad": 130.47605895996094,
  "summary_fg_mean": 816.4559326171875,
  "summary_fg_median": 822.0857543945312,
  "summary_fg_n": 35277.0,
  "summary_fg_p05": 550.8705078125,
  "summary_fg_p95": 1075.418115234375,
  "summary_fg_stdv": 168.70008850097656,
  "tsnr": 49.73807907104492
}