{
  "aor": 0.008357333333333333,
  "aqi": 0.011139406047619047,
  "bids_meta": {
    "EchoTime": 0.03,
    "FlipAngle": 78,
    "MagneticFieldStrength": 3,
    "Manufacturer": "Siemens",
    "ManufacturersModelName": "TIM TRIO",
    "PulseSequenceType": "EPI",
    "RepetitionTime": 2.0,
    "TaskName": "face recognition",
    "modality": "bold",
    "run_id": "04",
    "session_id": "mri",
    "subject_id": "04",
    "task_id": "facerecognition"
  },
  "dummy_trs": 0,
  "dvars_nstd": 29.773534053875608,
  "dvars_std": 1.2252647037320572,
  "dvars_vstd": 1.076625713014354,
  "efc": 0.5889834229056833,
  "fber": 663.7599487304688,
  "fd_mean": 0.16385327250292864,
  "fd_num": 51,
  "fd_perc": 24.285714285714285,
  "fwhm_avg": 2.420656564615502,
  "fwhm_x": 2.4170766666666665,
  "fwhm_y": 2.81067,
  "fwhm_z": 2.0342230271798396,
  "gcor": 0.019611,
  "gsr_x": -0.005428631789982319,
  "gsr_y": 0.015659868717193604,
  "provenance": {
    "md5sum": "abc19eefb424f45739bea96093889589",
    "settings": {
      "fd_thres": 0.2,
      "hmc_fsl": false
    },
    "software": "mriqc",
    "version": "0.9.6"
  },
  "size_t": 210,
  "size_x": 64,
  "size_y": 64,
  "size_z": 33,
  "snr": 4.3868703913336775,
  "spacing_tr": 2.0,
  "spacing_x": 3.0,
  "spacing_y": 3.0,
  "spacing_z": 3.9000000953674316,
  "summary_bg_k": 55.17899161559179,
  "summary_bg_mad": 10.011096954345703,
  "summary_bg_mean": 49.85469436645508,
  "summary_bg_median": 30.642858505249023,
  "summary_bg_n": 63609.0,
  "summary_bg_p05": 22.69523811340332,
  "summary_bg_p95": 128.73143310546868,
  "summary_bg_stdv": 63.63737487792969,
  "summary_fg_k": 1.951195871495833,
  "summary_fg_mad": 155.23199462890625,
  "summary_fg_mean": 839.89208984375,
  "summary_fg_median": 845.395263671875,
  "summary_fg_n": 37920.0,
  "summary_fg_p05": 517.298617553711,
  "summary_fg_p95": 1137.1317565917966,
  "summary_fg_stdv": 192.70779418945312,
  "tsnr": 45.08660888671875
}