{
  "aor": 0.0008264114832535884,
  "aqi": 0.004618206555023924,
  "bids_meta": {
    "EchoTime": 0.03,
    "FlipAngle": 78,
    "MagneticFieldStrength": 3,
    "Manufacturer": "Siemens",
    "ManufacturersModelName": "TIM TRIO",
    "PulseSequenceType": "EPI",
    "RepetitionTime": 2.0,
    "TaskName": "face recognition",
    "modality": "bold",
    "run_id": "01",
    "session_id": "mri",
    "subject_id": "13",
    "task_id": "facerecognition"
  },
  "dummy_trs": 1,
  "dvars_nstd": 25.28792328120192,
  "dvars_std": 1.1795596303365383,
  "dvars_vstd": 1.0048359797596151,
  "efc": 0.5713796664052759,
  "fber": 920.38916015625,
  "fd_mean": 0.09855338265425878,
  "fd_num": 2,
  "fd_perc": 0.9569377990430622,
  "fwhm_avg": 2.431702290870333,
  "fwhm_x": 2.35429,
  "fwhm_y": 2.8770399999999996,
  "fwhm_z": 2.063776872611,
  "gcor": 0.0433394,
  "gsr_x": -0.01427106000483036,
  "gsr_y": 0.034948963671922684,
  "provenance": {
    "md5sum": "475207d83530c7108a134e50cecbefd3",
    "settings": {
      "fd_thres": 0.2,
      "hmc_fsl": false
    },
    "software": "mriqc",
    "version": "0.9.6"
  },
  "size_t": 209,
  "size_x": 64,
  "size_y": 64,
  "size_z": 33,
  "snr": 4.554321325868138,
  "spacing_tr": 2.0,
  "spacing_x": 3.0,
  "spacing_y": 3.0,
  "spacing_z": 3.9000000953674316,
  "summary_bg_k": 37.862950644091164,
  "summary_bg_mad": 6.065189361572266,
  "summary_bg_mean": 44.086483001708984,
  "summary_bg_median": 25.799041748046875,
  "summary_bg_n": 66769.0,
  "summary_bg_p05": 21.105262756347656,
  "summary_bg_p95": 130.45836791992184,
  "summary_bg_stdv": 54.33753967285156,
  "summary_fg_k": 2.2720925799503124,
  "summary_fg_mad": 148.4091796875,
  "summary_fg_mean": 826.9472045898438,
  "summary_fg_median": 831.2463989257812,
  "summary_fg_n": 36278.0,
  "summary_fg_p05": 533.609066772461,
  "summary_fg_p95": 1111.2843872070312,
  "summary_fg_stdv": 182.51565551757812,
  "tsnr": 66.13313293457031
}