{
  "aor": 0.0009086602870813396,
  "aqi": 0.0041578537799043065,
  "bids_meta": {
    "EchoTime": 0.03,
    "FlipAngle": 78,
    "MagneticFieldStrength": 3,
    "Manufacturer": "Siemens",
    "ManufacturersModelName": "TIM TRIO",
    "PulseSequenceType": "EPI",
    "RepetitionTime": 2.0,
    "TaskName": "face recognition",
    "modality": "bold",
    "run_id": "03",
    "session_id": "mri",
    "subject_id": "15",
    "task_id": "facerecognition"
  },
  "dummy_trs": 1,
  "dvars_nstd": 23.85162259014423,
  "dvars_std": 1.0749314614423073,
  "dvars_vstd": 1.0076435637499996,
  "efc": 0.5873656518982319,
  "fber": 608.9502563476562,
  "fd_mean": 0.11383929145174669,
  "fd_num": 9,
  "fd_perc": 4.30622009569378,
  "fwhm_avg": 2.3340725714503274,
  "fwhm_x": 2.3236698153313147,
  "fwhm_y": 2.6461633333333334,
  "fwhm_z": 2.0323845656863346,
  "gcor": 0.0207796,
  "gsr_x": -0.003347165882587433,
  "gsr_y": 0.031444888561964035,
  "provenance": {
    "md5sum": "e0037770466d39c246a6d66cde37d9fb",
    "settings": {
      "fd_thres": 0.2,
      "hmc_fsl": false
    },
    "software": "mriqc",
    "version": "0.9.6"
  },
  "size_t": 209,
  "size_x": 64,
  "size_y": 64,
  "size_z": 33,
  "snr": 3.7763400528853936,
  "spacing_tr": 2.0,
  "spacing_x": 3.000000238418579,
  "spacing_y": 3.0,
  "spacing_z": 3.9000000953674316,
  "summary_bg_k": 40.165177982337255,
  "summary_bg_mad": 9.959681510925293,
  "summary_bg_mean": 55.78035354614258,
  "summary_bg_median": 30.698562622070312,
  "summary_bg_n": 65717.0,
  "summary_bg_p05": 23.156937026977538,
  "summary_bg_p95": 190.36841735839823,
  "summary_bg_stdv": 69.47843933105469,
  "summary_fg_k": 1.5117821090574317,
  "summary_fg_mad": 169.85379028320312,
  "summary_fg_mean": 832.3428955078125,
  "summary_fg_median": 818.1961669921875,
  "summary_fg_n": 36697.0,
  "summary_fg_p05": 509.3100219726563,
  "summary_fg_p95": 1224.6688720703123,
  "summary_fg_stdv": 216.6608428955078,
  "tsnr": 62.99896240234375
}