{
  "aor": 0.0032590909090909094,
  "aqi": 0.006723428660287082,
  "bids_meta": {
    "EchoTime": 0.03,
    "FlipAngle": 78,
    "MagneticFieldStrength": 3,
    "Manufacturer": "Siemens",
    "ManufacturersModelName": "TIM TRIO",
    "PulseSequenceType": "EPI",
    "RepetitionTime": 2.0,
    "TaskName": "face recognition",
    "modality": "bold",
    "run_id": "05",
    "session_id": "mri",
    "subject_id": "02",
    "task_id": "facerecognition"
  },
  "dummy_trs": 1,
  "dvars_nstd": 25.64293884317309,
  "dvars_std": 1.1184879131730765,
  "dvars_vstd": 1.0157081419711536,
  "efc": 0.6106658374348832,
  "fber": 686.4124145507812,
  "fd_mean": 0.09942828202348843,
  "fd_num": 16,
  "fd_perc": 7.655502392344498,
  "fwhm_avg": 2.335264538643463,
  "fwhm_x": 2.283059818558707,
  "fwhm_y": 2.727813333333333,
  "fwhm_z": 1.9949204640383484,
  "gcor": 0.0202476,
  "gsr_x": -0.012933390215039253,
  "gsr_y": 0.061635274440050125,
  "provenance": {
    "md5sum": "faeda082fac4a41c67f49c8eae2d9430",
    "settings": {
      "fd_thres": 0.2,
      "hmc_fsl": false
    },
    "software": "mriqc",
    "version": "0.9.6"
  },
  "size_t": 209,
  "size_x": 64,
  "size_y": 64,
  "size_z": 33,
  "snr": 4.100192194615792,
  "spacing_tr": 2.0,
  "spacing_x": 3.000000238418579,
  "spacing_y": 3.0,
  "spacing_z": 3.9000000953674316,
  "summary_bg_k": 63.503577638356674,
  "summary_bg_mad": 7.824450492858887,
  "summary_bg_mean": 52.12709045410156,
  "summary_bg_median": 28.56937599182129,
  "summary_bg_n": 61984.0,
  "summary_bg_p05": 22.511960983276367,
  "summary_bg_p95": 170.53133544921866,
  "summary_bg_stdv": 65.54953002929688,
  "summary_fg_k": 1.789497846588568,
  "summary_fg_mad": 153.7436981201172,
  "summary_fg_mean": 804.888427734375,
  "summary_fg_median": 794.7152709960938,
  "summary_fg_n": 41356.0,
  "summary_fg_p05": 521.0298767089844,
  "summary_fg_p95": 1143.2774353027344,
  "summary_fg_stdv": 193.82156372070312,
  "tsnr": 53.34886932373047
}