{
  "aor": 0.002046285714285714,
  "aqi": 0.007544711047619047,
  "bids_meta": {
    "EchoTime": 0.03,
    "FlipAngle": 78,
    "MagneticFieldStrength": 3,
    "Manufacturer": "Siemens",
    "ManufacturersModelName": "TIM TRIO",
    "PulseSequenceType": "EPI",
    "RepetitionTime": 2.0,
    "TaskName": "face recognition",
    "modality": "bold",
    "run_id": "07",
    "session_id": "mri",
    "subject_id": "14",
    "task_id": "facerecognition"
  },
  "dummy_trs": 0,
  "dvars_nstd": 26.088463012392324,
  "dvars_std": 1.193311118516746,
  "dvars_vstd": 1.031825600813398,
  "efc": 0.5687515051667791,
  "fber": 826.3513793945312,
  "fd_mean": 0.132460230648299,
  "fd_num": 30,
  "fd_perc": 14.285714285714286,
  "fwhm_avg": 2.427172888888889,
  "fwhm_x": 2.38587,
  "fwhm_y": 2.8014166666666664,
  "fwhm_z": 2.094232,
  "gcor": 0.0158352,
  "gsr_x": -0.005571006331592798,
  "gsr_y": 0.036705076694488525,
  "provenance": {
    "md5sum": "e28fca8b9764e81eaaaad0465300447e",
    "settings": {
      "fd_thres": 0.2,
      "hmc_fsl": false
    },
    "software": "mriqc",
    "version": "0.9.6"
  },
  "size_t": 210,
  "size_x": 64,
  "size_y": 64,
  "size_z": 33,
  "snr": 4.413212394650052,
  "spacing_tr": 2.0,
  "spacing_x": 3.0,
  "spacing_y": 3.0,
  "spacing_z": 3.75,
  "summary_bg_k": 77.02054489279575,
  "summary_bg_mad": 7.540091514587402,
  "summary_bg_mean": 44.923187255859375,
  "summary_bg_median": 26.738096237182617,
  "summary_bg_n": 68001.0,
  "summary_bg_p05": 20.65714454650879,
  "summary_bg_p95": 127.53334045410156,
  "summary_bg_stdv": 54.436973571777344,
  "summary_fg_k": 2.008354789010994,
  "summary_fg_mad": 149.63694763183594,
  "summary_fg_mean": 811.7214965820312,
  "summary_fg_median": 813.9190673828125,
  "summary_fg_n": 35235.0,
  "summary_fg_p05": 520.6290771484375,
  "summary_fg_p95": 1104.6033447265622,
  "summary_fg_stdv": 184.42518615722656,
  "tsnr": 52.475921630859375
}