{
  "aor": 0.0012204285714285715,
  "aqi": 0.007636603666666666,
  "bids_meta": {
    "EchoTime": 0.03,
    "FlipAngle": 78,
    "MagneticFieldStrength": 3,
    "Manufacturer": "Siemens",
    "ManufacturersModelName": "TIM TRIO",
    "PulseSequenceType": "EPI",
    "RepetitionTime": 2.0,
    "TaskName": "face recognition",
    "modality": "bold",
    "run_id": "09",
    "session_id": "mri",
    "subject_id": "12",
    "task_id": "facerecognition"
  },
  "dummy_trs": 0,
  "dvars_nstd": 32.48224838818181,
  "dvars_std": 1.2291891468899518,
  "dvars_vstd": 1.0109815414354073,
  "efc": 0.5886284710638358,
  "fber": 754.5059814453125,
  "fd_mean": 0.16914724131463804,
  "fd_num": 54,
  "fd_perc": 25.714285714285715,
  "fwhm_avg": 2.3035983839062633,
  "fwhm_x": 2.2852398183854565,
  "fwhm_y": 2.6312166666666665,
  "fwhm_z": 1.9943386666666667,
  "gcor": 0.0262183,
  "gsr_x": 0.0008128876215778291,
  "gsr_y": 0.023624112829566002,
  "provenance": {
    "md5sum": "2e27e86fd2bae63b44963e6ff4d4ef3b",
    "settings": {
      "fd_thres": 0.2,
      "hmc_fsl": false
    },
    "software": "mriqc",
    "version": "0.9.6"
  },
  "size_t": 210,
  "size_x": 64,
  "size_y": 64,
  "size_z": 33,
  "snr": 4.390198991907537,
  "spacing_tr": 2.0,
  "spacing_x": 3.000000238418579,
  "spacing_y": 3.0,
  "spacing_z": 3.75,
  "summary_bg_k": 72.40837990567847,
  "summary_bg_mad": 7.7589521408081055,
  "summary_bg_mean": 46.23756790161133,
  "summary_bg_median": 27.71428680419922,
  "summary_bg_n": 64122.0,
  "summary_bg_p05": 21.64785737991333,
  "summary_bg_p95": 121.71881675720213,
  "summary_bg_stdv": 64.5919418334961,
  "summary_fg_k": 2.076124821804881,
  "summary_fg_mad": 146.56936645507812,
  "summary_fg_mean": 809.8070678710938,
  "summary_fg_median": 807.2333374023438,
  "summary_fg_n": 38496.0,
  "summary_fg_p05": 521.7464294433594,
  "summary_fg_p95": 1109.9976196289062,
  "summary_fg_stdv": 183.8693084716797,
  "tsnr": 54.47229766845703
}