{
  "aor": 0.006723857142857142,
  "aqi": 0.007876642238095238,
  "bids_meta": {
    "EchoTime": 0.03,
    "FlipAngle": 78,
    "MagneticFieldStrength": 3,
    "Manufacturer": "Siemens",
    "ManufacturersModelName": "TIM TRIO",
    "PulseSequenceType": "EPI",
    "RepetitionTime": 2.0,
    "TaskName": "face recognition",
    "modality": "bold",
    "run_id": "07",
    "session_id": "mri",
    "subject_id": "02",
    "task_id": "facerecognition"
  },
  "dummy_trs": 0,
  "dvars_nstd": 26.892592315837305,
  "dvars_std": 1.1044330925837322,
  "dvars_vstd": 1.0213354449760765,
  "efc": 0.610832043705088,
  "fber": 676.32421875,
  "fd_mean": 0.14141114011612643,
  "fd_num": 24,
  "fd_perc": 11.428571428571429,
  "fwhm_avg": 2.3503657347545044,
  "fwhm_x": 2.2963531508355817,
  "fwhm_y": 2.7453466666666664,
  "fwhm_z": 2.0093973867612647,
  "gcor": 0.0223729,
  "gsr_x": -0.013417761772871017,
  "gsr_y": 0.06481312960386276,
  "provenance": {
    "md5sum": "b3a0d36a34ef688fb2ce7440a9203b08",
    "settings": {
      "fd_thres": 0.2,
      "hmc_fsl": false
    },
    "software": "mriqc",
    "version": "0.9.6"
  },
  "size_t": 210,
  "size_x": 64,
  "size_y": 64,
  "size_z": 33,
  "snr": 4.103199184102661,
  "spacing_tr": 2.0,
  "spacing_x": 3.000000238418579,
  "spacing_y": 3.0,
  "spacing_z": 3.9000000953674316,
  "summary_bg_k": 49.91771681997814,
  "summary_bg_mad": 8.133134841918945,
  "summary_bg_mean": 52.824222564697266,
  "summary_bg_median": 28.914287567138672,
  "summary_bg_n": 62143.0,
  "summary_bg_p05": 22.685714721679688,
  "summary_bg_p95": 172.4885726928707,
  "summary_bg_stdv": 65.29939270019531,
  "summary_fg_k": 1.7574948553293837,
  "summary_fg_mad": 155.15078735351562,
  "summary_fg_mean": 810.7622680664062,
  "summary_fg_median": 799.423828125,
  "summary_fg_n": 41336.0,
  "summary_fg_p05": 525.0023803710938,
  "summary_fg_p95": 1149.1036682128906,
  "summary_fg_stdv": 194.82704162597656,
  "tsnr": 49.074073791503906
}