{
  "aor": 0.0029326794258373204,
  "aqi": 0.004938926985645933,
  "bids_meta": {
    "EchoTime": 0.03,
    "FlipAngle": 78,
    "MagneticFieldStrength": 3,
    "Manufacturer": "Siemens",
    "ManufacturersModelName": "TIM TRIO",
    "PulseSequenceType": "EPI",
    "RepetitionTime": 2.0,
    "TaskName": "face recognition",
    "modality": "bold",
    "run_id": "06",
    "session_id": "mri",
    "subject_id": "02",
    "task_id": "facerecognition"
  },
  "dummy_trs": 1,
  "dvars_nstd": 25.512686857884603,
  "dvars_std": 1.146237791009616,
  "dvars_vstd": 1.0301497763461536,
  "efc": 0.6101038725077587,
  "fber": 688.3065795898438,
  "fd_mean": 0.08520817606497419,
  "fd_num": 14,
  "fd_perc": 6.698564593301436,
  "fwhm_avg": 2.335201974552767,
  "fwhm_x": 2.283639818512613,
  "fwhm_y": 2.7303866666666665,
  "fwhm_z": 1.9915794384790215,
  "gcor": 0.0191141,
  "gsr_x": -0.013916509225964546,
  "gsr_y": 0.06330506503582001,
  "provenance": {
    "md5sum": "48414ed099c5981c4bc9ebdfa91617c0",
    "settings": {
      "fd_thres": 0.2,
      "hmc_fsl": false
    },
    "software": "mriqc",
    "version": "0.9.6"
  },
  "size_t": 209,
  "size_x": 64,
  "size_y": 64,
  "size_z": 33,
  "snr": 4.092468464443047,
  "spacing_tr": 2.0,
  "spacing_x": 3.000000238418579,
  "spacing_y": 3.0,
  "spacing_z": 3.9000000953674316,
  "summary_bg_k": 55.690303373873796,
  "summary_bg_mad": 7.796075820922852,
  "summary_bg_mean": 52.12683868408203,
  "summary_bg_median": 28.598085403442383,
  "summary_bg_n": 62082.0,
  "summary_bg_p05": 22.66985511779785,
  "summary_bg_p95": 169.5830070495605,
  "summary_bg_stdv": 64.75946807861328,
  "summary_fg_k": 1.7516565379682776,
  "summary_fg_mad": 155.26187133789062,
  "summary_fg_mean": 808.44970703125,
  "summary_fg_median": 797.8660278320312,
  "summary_fg_n": 41335.0,
  "summary_fg_p05": 522.4435180664062,
  "summary_fg_p95": 1146.1784790039055,
  "summary_fg_stdv": 194.95724487304688,
  "tsnr": 59.97633361816406
}