{
  "aor": 0.00342,
  "aqi": 0.012213347272727274,
  "bids_meta": {
    "EchoTime": 0.03,
    "FlipAngle": 78,
    "MagneticFieldStrength": 3,
    "Manufacturer": "Siemens",
    "ManufacturersModelName": "TIM TRIO",
    "PulseSequenceType": "EPI",
    "RepetitionTime": 2.0,
    "TaskName": "face recognition",
    "modality": "bold",
    "run_id": "07",
    "session_id": "mri",
    "subject_id": "10",
    "task_id": "facerecognition"
  },
  "dummy_trs": 1,
  "dvars_nstd": 27.903311014278852,
  "dvars_std": 1.0646606552403852,
  "dvars_vstd": 0.9534337963942311,
  "efc": 0.5874218034247569,
  "fber": 673.0084228515625,
  "fd_mean": 0.14860434169649941,
  "fd_num": 35,
  "fd_perc": 16.74641148325359,
  "fwhm_avg": 2.4068783075128946,
  "fwhm_x": 2.388849810151274,
  "fwhm_y": 2.800369777446605,
  "fwhm_z": 2.0314153349408044,
  "gcor": 0.0141741,
  "gsr_x": -0.0073200310580432415,
  "gsr_y": 0.04608631134033203,
  "provenance": {
    "md5sum": "97e6ce7b8c3a0d78228985928d299ed7",
    "settings": {
      "fd_thres": 0.2,
      "hmc_fsl": false
    },
    "software": "mriqc",
    "version": "0.9.6"
  },
  "size_t": 209,
  "size_x": 64,
  "size_y": 64,
  "size_z": 33,
  "snr": 3.9534530450462633,
  "spacing_tr": 2.0,
  "spacing_x": 3.000000238418579,
  "spacing_y": 3.000000238418579,
  "spacing_z": 3.9000000953674316,
  "summary_bg_k": 69.17584968839901,
  "summary_bg_mad": 10.99537467956543,
  "summary_bg_mean": 57.26601028442383,
  "summary_bg_median": 30.727272033691406,
  "summary_bg_n": 65302.0,
  "summary_bg_p05": 21.84688949584961,
  "summary_bg_p95": 175.8370719909668,
  "summary_bg_stdv": 83.47450256347656,
  "summary_fg_k": 1.8258187592361095,
  "summary_fg_mad": 174.329833984375,
  "summary_fg_mean": 858.3097534179688,
  "summary_fg_median": 850.0238647460938,
  "summary_fg_n": 37775.0,
  "summary_fg_p05": 527.1282165527343,
  "summary_fg_p95": 1212.7726806640624,
  "summary_fg_stdv": 215.00511169433594,
  "tsnr": 38.65806198120117
}