{
  "aor": 0.004271190476190477,
  "aqi": 0.012739704428571428,
  "bids_meta": {
    "EchoTime": 0.03,
    "FlipAngle": 78,
    "MagneticFieldStrength": 3,
    "Manufacturer": "Siemens",
    "ManufacturersModelName": "TIM TRIO",
    "PulseSequenceType": "EPI",
    "RepetitionTime": 2.0,
    "TaskName": "face recognition",
    "modality": "bold",
    "run_id": "07",
    "session_id": "mri",
    "subject_id": "01",
    "task_id": "facerecognition"
  },
  "dummy_trs": 0,
  "dvars_nstd": 26.60314382894739,
  "dvars_std": 1.0839846923444973,
  "dvars_vstd": 1.0284719456937794,
  "efc": 0.6238213138460088,
  "fber": 481.78912353515625,
  "fd_mean": 0.12211434037075544,
  "fd_num": 27,
  "fd_perc": 12.857142857142858,
  "fwhm_avg": 2.3057297777777777,
  "fwhm_x": 2.25927,
  "fwhm_y": 2.701916666666667,
  "fwhm_z": 1.9560026666666666,
  "gcor": 0.0120786,
  "gsr_x": 0.003974616061896086,
  "gsr_y": 0.05832725390791893,
  "provenance": {
    "md5sum": "124789b9a4effe08527a620dede2355d",
    "settings": {
      "fd_thres": 0.2,
      "hmc_fsl": false
    },
    "software": "mriqc",
    "version": "0.9.6"
  },
  "size_t": 210,
  "size_x": 64,
  "size_y": 64,
  "size_z": 33,
  "snr": 4.639647022566692,
  "spacing_tr": 2.0,
  "spacing_x": 3.0,
  "spacing_y": 3.0,
  "spacing_z": 3.75,
  "summary_bg_k": 11.74062543951568,
  "summary_bg_mad": 13.442258834838867,
  "summary_bg_mean": 73.97386932373047,
  "summary_bg_median": 33.595237731933594,
  "summary_bg_n": 64335.0,
  "summary_bg_p05": 23.623809814453125,
  "summary_bg_p95": 295.1938232421873,
  "summary_bg_stdv": 95.15145874023438,
  "summary_fg_k": 2.3889636966435512,
  "summary_fg_mad": 132.99649047851562,
  "summary_fg_mean": 788.2578735351562,
  "summary_fg_median": 786.3143310546875,
  "summary_fg_n": 38038.0,
  "summary_fg_p05": 523.5947906494141,
  "summary_fg_p95": 1059.8507507324218,
  "summary_fg_stdv": 169.47496032714844,
  "tsnr": 40.65748977661133
}