{
  "bids_meta": {
    "EchoTime": 0.00298,
    "FlipAngle": 9,
    "InversionTime": 0.9,
    "MagneticFieldStrength": 3,
    "Manufacturer": "Siemens",
    "ManufacturersModelName": "TIM TRIO",
    "PulseSequenceType": "MPRAGE",
    "RepetitionTime": 2.25,
    "acq_id": "mprage",
    "modality": "T1w",
    "session_id": "mri",
    "subject_id": "05"
  },
  "cjv": 0.3190078656411166,
  "cnr": 4.156239805010716,
  "efc": 0.5797703700494777,
  "fber": 2570.418212890625,
  "fwhm_avg": 4.953073392165755,
  "fwhm_x": 4.799030286044496,
  "fwhm_y": 5.489569345592338,
  "fwhm_z": 4.570620544860428,
  "icvs_csf": 0.2198695950977829,
  "icvs_gm": 0.40288671107275476,
  "icvs_wm": 0.3772436938294623,
  "inu_med": 0.8280616402626038,
  "inu_range": 0.30883952379226676,
  "provenance": {
    "md5sum": "351ed24de026faf6934bf3c952453d60",
    "mriqc_pred": 0,
    "settings": {
      "testing": false
    },
    "software": "mriqc",
    "version": "0.9.6",
    "warnings": {
      "large_rot_frame": true,
      "small_air_mask": false
    }
  },
  "qi_1": 0.0007702676680146351,
  "qi_2": 0.005282988292189993,
  "rpve_csf": 27.13501482712549,
  "rpve_gm": 15.058627347939906,
  "rpve_wm": 19.486650682198,
  "size_x": 256,
  "size_y": 256,
  "size_z": 192,
  "snr_csf": 3.7620693487124908,
  "snr_gm": 13.386490586768348,
  "snr_total": 15.108961696297891,
  "snr_wm": 28.178325153412835,
  "snrd_csf": 40.205118146189406,
  "snrd_gm": 77.23313018266222,
  "snrd_total": 74.53493603106925,
  "snrd_wm": 106.16655976435612,
  "spacing_x": 0.9999999403953552,
  "spacing_y": 1.0000001192092896,
  "spacing_z": 0.9999998807907104,
  "summary_bg_k": 90.133231580449,
  "summary_bg_mad": 6.170844554901123,
  "summary_bg_mean": 14.457122802734375,
  "summary_bg_median": 12.54801082611084,
  "summary_bg_n": 2285993.0,
  "summary_bg_p05": 5.251803398132325,
  "summary_bg_p95": 29.410825347900378,
  "summary_bg_stdv": 9.328666687011719,
  "summary_csf_k": -0.03170956887092968,
  "summary_csf_mad": 107.32527923583984,
  "summary_csf_mean": 395.9546203613281,
  "summary_csf_median": 378.6990661621094,
  "summary_csf_n": 28827.0,
  "summary_csf_p05": 261.13440856933596,
  "summary_csf_p95": 574.2323852539062,
  "summary_csf_stdv": 100.66069030761719,
  "summary_gm_k": 0.05109107865137963,
  "summary_gm_mad": 54.30609893798828,
  "summary_gm_mean": 727.746826171875,
  "summary_gm_median": 727.472412109375,
  "summary_gm_n": 24381.0,
  "summary_gm_p05": 638.8626708984375,
  "summary_gm_p95": 816.654052734375,
  "summary_gm_stdv": 54.34265899658203,
  "summary_wm_k": 0.7809402296003349,
  "summary_wm_mad": 32.6328125,
  "summary_wm_mean": 999.0563354492188,
  "summary_wm_median": 1000.00146484375,
  "summary_wm_n": 226085.0,
  "summary_wm_p05": 939.2784545898437,
  "summary_wm_p95": 1055.4036132812498,
  "summary_wm_stdv": 35.488243103027344,
  "tpm_overlap_csf": 0.2352783977985382,
  "tpm_overlap_gm": 0.5166271328926086,
  "tpm_overlap_wm": 0.5845263600349426,
  "wm2max": 0.6750726406073254
}