{
  "aor": 0.0005806666666666667,
  "aqi": 0.004269559476190477,
  "bids_meta": {
    "EchoTime": 0.03,
    "FlipAngle": 78,
    "MagneticFieldStrength": 3,
    "Manufacturer": "Siemens",
    "ManufacturersModelName": "TIM TRIO",
    "PulseSequenceType": "EPI",
    "RepetitionTime": 2.0,
    "TaskName": "face recognition",
    "modality": "bold",
    "run_id": "04",
    "session_id": "mri",
    "subject_id": "05",
    "task_id": "facerecognition"
  },
  "dummy_trs": 0,
  "dvars_nstd": 24.177595047320576,
  "dvars_std": 1.1248139161244026,
  "dvars_vstd": 1.0116522449282295,
  "efc": 0.5802194567722375,
  "fber": 806.964599609375,
  "fd_mean": 0.06490206803306305,
  "fd_num": 1,
  "fd_perc": 0.47619047619047616,
  "fwhm_avg": 2.3615728155564617,
  "fwhm_x": 2.29244,
  "fwhm_y": 2.768206446669384,
  "fwhm_z": 2.024072,
  "gcor": 0.0194243,
  "gsr_x": -0.014267624355852604,
  "gsr_y": 0.03546176478266716,
  "provenance": {
    "md5sum": "e5371e25557acb2e76b7cba66f2a6a42",
    "settings": {
      "fd_thres": 0.2,
      "hmc_fsl": false
    },
    "software": "mriqc",
    "version": "0.9.6"
  },
  "size_t": 210,
  "size_x": 64,
  "size_y": 64,
  "size_z": 33,
  "snr": 4.440704184033523,
  "spacing_tr": 2.0,
  "spacing_x": 3.0,
  "spacing_y": 3.000000238418579,
  "spacing_z": 3.75,
  "summary_bg_k": 71.0746703244407,
  "summary_bg_mad": 6.205749988555908,
  "summary_bg_mean": 44.80525588989258,
  "summary_bg_median": 26.880952835083008,
  "summary_bg_n": 65376.0,
  "summary_bg_p05": 21.9714298248291,
  "summary_bg_p95": 118.83571815490723,
  "summary_bg_stdv": 61.679168701171875,
  "summary_fg_k": 2.1220416209824755,
  "summary_fg_mad": 149.09327697753906,
  "summary_fg_mean": 814.56982421875,
  "summary_fg_median": 812.4285888671875,
  "summary_fg_n": 37201.0,
  "summary_fg_p05": 537.4381103515625,
  "summary_fg_p95": 1110.5428466796875,
  "summary_fg_stdv": 182.94793701171875,
  "tsnr": 67.96660614013672
}