{
  "aor": 0.0009970952380952383,
  "aqi": 0.006802502142857143,
  "bids_meta": {
    "EchoTime": 0.03,
    "FlipAngle": 78,
    "MagneticFieldStrength": 3,
    "Manufacturer": "Siemens",
    "ManufacturersModelName": "TIM TRIO",
    "PulseSequenceType": "EPI",
    "RepetitionTime": 2.0,
    "TaskName": "face recognition",
    "modality": "bold",
    "run_id": "06",
    "session_id": "mri",
    "subject_id": "06",
    "task_id": "facerecognition"
  },
  "dummy_trs": 0,
  "dvars_nstd": 30.561507430239228,
  "dvars_std": 1.0651941403349279,
  "dvars_vstd": 1.0227177454545453,
  "efc": 0.6131454978394669,
  "fber": 363.85174560546875,
  "fd_mean": 0.07901259266791015,
  "fd_num": 8,
  "fd_perc": 3.8095238095238093,
  "fwhm_avg": 2.399881498267144,
  "fwhm_x": 2.3623333333333334,
  "fwhm_y": 2.8476297736907186,
  "fwhm_z": 1.9896813877773811,
  "gcor": 0.0141637,
  "gsr_x": -0.010049109347164631,
  "gsr_y": 0.03853889927268028,
  "provenance": {
    "md5sum": "d7eac3984d26768de5c2c1b6d7804a23",
    "settings": {
      "fd_thres": 0.2,
      "hmc_fsl": false
    },
    "software": "mriqc",
    "version": "0.9.6"
  },
  "size_t": 210,
  "size_x": 64,
  "size_y": 64,
  "size_z": 33,
  "snr": 4.196373952313674,
  "spacing_tr": 2.0,
  "spacing_x": 3.0,
  "spacing_y": 3.000000238418579,
  "spacing_z": 4.050000190734863,
  "summary_bg_k": 62.55670121372694,
  "summary_bg_mad": 6.664646148681641,
  "summary_bg_mean": 65.14022827148438,
  "summary_bg_median": 41.0,
  "summary_bg_n": 63499.0,
  "summary_bg_p05": 35.71904754638672,
  "summary_bg_p95": 177.8838226318359,
  "summary_bg_stdv": 75.68254852294922,
  "summary_fg_k": 1.9336309129473142,
  "summary_fg_mad": 156.82400512695312,
  "summary_fg_mean": 826.60009765625,
  "summary_fg_median": 828.5000610351562,
  "summary_fg_n": 38997.0,
  "summary_fg_p05": 507.07048950195315,
  "summary_fg_p95": 1145.7457763671873,
  "summary_fg_stdv": 197.42984008789062,
  "tsnr": 46.65165710449219
}