{
  "aor": 0.005441047619047619,
  "aqi": 0.009120762095238094,
  "bids_meta": {
    "EchoTime": 0.03,
    "FlipAngle": 78,
    "MagneticFieldStrength": 3,
    "Manufacturer": "Siemens",
    "ManufacturersModelName": "TIM TRIO",
    "PulseSequenceType": "EPI",
    "RepetitionTime": 2.0,
    "TaskName": "face recognition",
    "modality": "bold",
    "run_id": "07",
    "session_id": "mri",
    "subject_id": "03",
    "task_id": "facerecognition"
  },
  "dummy_trs": 0,
  "dvars_nstd": 30.7920353083732,
  "dvars_std": 1.1525378216746411,
  "dvars_vstd": 1.0439091371770328,
  "efc": 0.5889554876617564,
  "fber": 609.0501708984375,
  "fd_mean": 0.20748451052350403,
  "fd_num": 63,
  "fd_perc": 30.0,
  "fwhm_avg": 2.397115111602104,
  "fwhm_x": 2.381673333333333,
  "fwhm_y": 2.7727566666666665,
  "fwhm_z": 2.036915334806312,
  "gcor": 0.0375887,
  "gsr_x": 0.0011584582971408963,
  "gsr_y": 0.04454868286848068,
  "provenance": {
    "md5sum": "a0c8394b99b4dc3cc449f33b88127ddd",
    "settings": {
      "fd_thres": 0.2,
      "hmc_fsl": false
    },
    "software": "mriqc",
    "version": "0.9.6"
  },
  "size_t": 210,
  "size_x": 64,
  "size_y": 64,
  "size_z": 33,
  "snr": 4.301590677471009,
  "spacing_tr": 2.0,
  "spacing_x": 3.0,
  "spacing_y": 3.0,
  "spacing_z": 3.9000000953674316,
  "summary_bg_k": 12.90718659809386,
  "summary_bg_mad": 11.423096656799316,
  "summary_bg_mean": 60.34366989135742,
  "summary_bg_median": 32.10952377319336,
  "summary_bg_n": 67490.0,
  "summary_bg_p05": 23.41428565979004,
  "summary_bg_p95": 210.98858261108373,
  "summary_bg_stdv": 70.13050842285156,
  "summary_fg_k": 2.2048426485421695,
  "summary_fg_mad": 156.7428436279297,
  "summary_fg_mean": 845.9381103515625,
  "summary_fg_median": 845.8071899414062,
  "summary_fg_n": 35900.0,
  "summary_fg_p05": 534.2483337402343,
  "summary_fg_p95": 1157.3552734374998,
  "summary_fg_stdv": 196.62387084960938,
  "tsnr": 45.53499221801758
}