{
  "aor": 0.006190904761904762,
  "aqi": 0.016137088095238093,
  "bids_meta": {
    "EchoTime": 0.03,
    "FlipAngle": 78,
    "MagneticFieldStrength": 3,
    "Manufacturer": "Siemens",
    "ManufacturersModelName": "TIM TRIO",
    "PulseSequenceType": "EPI",
    "RepetitionTime": 2.0,
    "TaskName": "face recognition",
    "modality": "bold",
    "run_id": "02",
    "session_id": "mri",
    "subject_id": "07",
    "task_id": "facerecognition"
  },
  "dummy_trs": 0,
  "dvars_nstd": 29.81090335751196,
  "dvars_std": 1.0684751066507172,
  "dvars_vstd": 0.9762855874162684,
  "efc": 0.5706981476273818,
  "fber": 700.6688232421875,
  "fd_mean": 0.184273863163809,
  "fd_num": 38,
  "fd_perc": 18.095238095238095,
  "fwhm_avg": 2.392247258760158,
  "fwhm_x": 2.3278,
  "fwhm_y": 2.8150431096138075,
  "fwhm_z": 2.0338986666666665,
  "gcor": 0.0205063,
  "gsr_x": -0.007953469641506672,
  "gsr_y": 0.034089166671037674,
  "provenance": {
    "md5sum": "84bf1684dbff826e13ebbd51689bad02",
    "settings": {
      "fd_thres": 0.2,
      "hmc_fsl": false
    },
    "software": "mriqc",
    "version": "0.9.6"
  },
  "size_t": 210,
  "size_x": 64,
  "size_y": 64,
  "size_z": 33,
  "snr": 4.693946480224104,
  "spacing_tr": 2.0,
  "spacing_x": 3.0,
  "spacing_y": 3.000000238418579,
  "spacing_z": 3.75,
  "summary_bg_k": 69.20012839181005,
  "summary_bg_mad": 6.7281904220581055,
  "summary_bg_mean": 46.31368637084961,
  "summary_bg_median": 28.72381019592285,
  "summary_bg_n": 68414.0,
  "summary_bg_p05": 23.100000381469727,
  "summary_bg_p95": 124.53500671386718,
  "summary_bg_stdv": 55.41192626953125,
  "summary_fg_k": 2.347021635780596,
  "summary_fg_mad": 136.91831970214844,
  "summary_fg_mean": 802.2633666992188,
  "summary_fg_median": 798.5357666015625,
  "summary_fg_n": 34724.0,
  "summary_fg_p05": 550.1595458984375,
  "summary_fg_p95": 1081.185791015625,
  "summary_fg_stdv": 170.11788940429688,
  "tsnr": 38.131439208984375
}