{
  "bids_meta": {
    "EchoTime": 0.095,
    "FlipAngle": 90,
    "MagneticFieldStrength": 3,
    "Manufacturer": "Siemens",
    "ManufacturersModelName": "TIM TRIO",
    "PulseSequenceType": "EPI",
    "RepetitionTime": 2,
    "acq_id": "epi",
    "modality": "T1w",
    "session_id": "mri",
    "subject_id": "13"
  },
  "cjv": 1.1137238581198674,
  "cnr": 1.0790035911344742,
  "efc": 0.6739374786972314,
  "fber": 78.07377624511719,
  "fwhm_avg": 1.8533492148906268,
  "fwhm_x": 1.8382699999999998,
  "fwhm_y": 1.7737366666666665,
  "fwhm_z": 1.9480409780052141,
  "icvs_csf": 0.21909930648007606,
  "icvs_gm": 0.5688154552166371,
  "icvs_wm": 0.21208523830328677,
  "inu_med": 1.2741773128509521,
  "inu_range": 0.7417797446250916,
  "provenance": {
    "md5sum": "59573d76c3d5c4726b68fbfdc7342f1a",
    "mriqc_pred": 0,
    "settings": {
      "testing": false
    },
    "software": "mriqc",
    "version": "0.9.6",
    "warnings": {
      "large_rot_frame": false,
      "small_air_mask": true
    }
  },
  "qi_1": 0.0,
  "qi_2": 0.0023556575321797006,
  "rpve_csf": 10.509706980455512,
  "rpve_gm": 4.263963179245592,
  "rpve_wm": 8.055464203675344,
  "size_x": 64,
  "size_y": 64,
  "size_z": 33,
  "snr_csf": 1.4474210856979741,
  "snr_gm": 9.734161171454984,
  "snr_total": 7.151513444597882,
  "snr_wm": 10.272958076640688,
  "snrd_csf": 18.83722043772689,
  "snrd_gm": 19.666138399703808,
  "snrd_total": 20.557006118890452,
  "snrd_wm": 23.167659519240654,
  "spacing_x": 3.0,
  "spacing_y": 3.0,
  "spacing_z": 3.9000000953674316,
  "summary_bg_k": 75.19241684523581,
  "summary_bg_mad": 29.2778263092041,
  "summary_bg_mean": 77.51721954345703,
  "summary_bg_median": 69.54095458984375,
  "summary_bg_n": 31017.0,
  "summary_bg_p05": 26.056181716918953,
  "summary_bg_p95": 146.06215209960936,
  "summary_bg_stdv": 52.206817626953125,
  "summary_csf_k": 1.8592582185025153,
  "summary_csf_mad": 625.5291748046875,
  "summary_csf_mean": 1009.6912841796875,
  "summary_csf_median": 841.8291015625,
  "summary_csf_n": 6994.0,
  "summary_csf_p05": 329.7766632080078,
  "summary_csf_p95": 1990.3773193359375,
  "summary_csf_stdv": 581.5646362304688,
  "summary_gm_k": 0.14072040029847255,
  "summary_gm_mad": 90.0113525390625,
  "summary_gm_mean": 885.384521484375,
  "summary_gm_median": 878.8731689453125,
  "summary_gm_n": 15845.0,
  "summary_gm_p05": 748.2084228515625,
  "summary_gm_p95": 1040.7384521484375,
  "summary_gm_stdv": 90.28466033935547,
  "summary_wm_k": 1.3446199058112498,
  "summary_wm_mad": 84.26617431640625,
  "summary_wm_mean": 1033.6531982421875,
  "summary_wm_median": 1035.35498046875,
  "summary_wm_n": 4376.0,
  "summary_wm_p05": 862.3827209472656,
  "summary_wm_p95": 1197.5874633789062,
  "summary_wm_stdv": 100.77298736572266,
  "tpm_overlap_csf": 0.10894498229026794,
  "tpm_overlap_gm": 0.41861990094184875,
  "tpm_overlap_wm": 0.2553178369998932,
  "wm2max": 0.36789206109834754
}