{
  "aor": 0.0009464593301435406,
  "aqi": 0.006269933397129186,
  "bids_meta": {
    "EchoTime": 0.03,
    "FlipAngle": 78,
    "MagneticFieldStrength": 3,
    "Manufacturer": "Siemens",
    "ManufacturersModelName": "TIM TRIO",
    "PulseSequenceType": "EPI",
    "RepetitionTime": 2.0,
    "TaskName": "face recognition",
    "modality": "bold",
    "run_id": "08",
    "session_id": "mri",
    "subject_id": "14",
    "task_id": "facerecognition"
  },
  "dummy_trs": 1,
  "dvars_nstd": 25.958404330096148,
  "dvars_std": 1.1676838500961533,
  "dvars_vstd": 1.0022005774999996,
  "efc": 0.5688549273978163,
  "fber": 829.7142333984375,
  "fd_mean": 0.13591088193560527,
  "fd_num": 34,
  "fd_perc": 16.267942583732058,
  "fwhm_avg": 2.3871302222222224,
  "fwhm_x": 2.34965,
  "fwhm_y": 2.7590500000000002,
  "fwhm_z": 2.0526906666666664,
  "gcor": 0.017436,
  "gsr_x": -0.005894897505640984,
  "gsr_y": 0.03689734265208244,
  "provenance": {
    "md5sum": "27ffcc33d86f7bf6be835b5cb63cada7",
    "settings": {
      "fd_thres": 0.2,
      "hmc_fsl": false
    },
    "software": "mriqc",
    "version": "0.9.6"
  },
  "size_t": 209,
  "size_x": 64,
  "size_y": 64,
  "size_z": 33,
  "snr": 4.48261716945403,
  "spacing_tr": 2.0,
  "spacing_x": 3.0,
  "spacing_y": 3.0,
  "spacing_z": 3.75,
  "summary_bg_k": 74.94194868112918,
  "summary_bg_mad": 7.342072010040283,
  "summary_bg_mean": 45.351131439208984,
  "summary_bg_median": 26.755979537963867,
  "summary_bg_n": 68354.0,
  "summary_bg_p05": 21.086124420166016,
  "summary_bg_p95": 129.1708137512207,
  "summary_bg_stdv": 55.125083923339844,
  "summary_fg_k": 1.9829940186105723,
  "summary_fg_mad": 149.5335235595703,
  "summary_fg_mean": 816.563720703125,
  "summary_fg_median": 816.904296875,
  "summary_fg_n": 34966.0,
  "summary_fg_p05": 533.4066925048828,
  "summary_fg_p95": 1110.011962890625,
  "summary_fg_stdv": 182.2356414794922,
  "tsnr": 59.515995025634766
}