{
  "aor": 0.0026262380952380955,
  "aqi": 0.00727427757142857,
  "bids_meta": {
    "EchoTime": 0.03,
    "FlipAngle": 78,
    "MagneticFieldStrength": 3,
    "Manufacturer": "Siemens",
    "ManufacturersModelName": "TIM TRIO",
    "PulseSequenceType": "EPI",
    "RepetitionTime": 2.0,
    "TaskName": "face recognition",
    "modality": "bold",
    "run_id": "05",
    "session_id": "mri",
    "subject_id": "14",
    "task_id": "facerecognition"
  },
  "dummy_trs": 0,
  "dvars_nstd": 25.983677248229668,
  "dvars_std": 1.1796946828708128,
  "dvars_vstd": 1.0155741475119626,
  "efc": 0.5685710221320724,
  "fber": 830.9201049804688,
  "fd_mean": 0.1313830701015305,
  "fd_num": 28,
  "fd_perc": 13.333333333333334,
  "fwhm_avg": 2.4111846666666668,
  "fwhm_x": 2.37213,
  "fwhm_y": 2.78476,
  "fwhm_z": 2.076664,
  "gcor": 0.0118412,
  "gsr_x": -0.0066489363089203835,
  "gsr_y": 0.036715395748615265,
  "provenance": {
    "md5sum": "ec325d5822e6e21619fd209e16b64c2d",
    "settings": {
      "fd_thres": 0.2,
      "hmc_fsl": false
    },
    "software": "mriqc",
    "version": "0.9.6"
  },
  "size_t": 210,
  "size_x": 64,
  "size_y": 64,
  "size_z": 33,
  "snr": 4.393899963206146,
  "spacing_tr": 2.0,
  "spacing_x": 3.0,
  "spacing_y": 3.0,
  "spacing_z": 3.75,
  "summary_bg_k": 65.04327484963817,
  "summary_bg_mad": 7.250630855560303,
  "summary_bg_mean": 45.454933166503906,
  "summary_bg_median": 26.557144165039062,
  "summary_bg_n": 68113.0,
  "summary_bg_p05": 20.819047927856445,
  "summary_bg_p95": 131.4266693115233,
  "summary_bg_stdv": 56.92181396484375,
  "summary_fg_k": 2.1374320759339733,
  "summary_fg_mad": 149.206298828125,
  "summary_fg_mean": 808.4226684570312,
  "summary_fg_median": 809.7595825195312,
  "summary_fg_n": 35078.0,
  "summary_fg_p05": 518.6174133300781,
  "summary_fg_p95": 1101.0759521484376,
  "summary_fg_stdv": 184.2891387939453,
  "tsnr": 53.96868133544922
}