{
  "aor": 0.020247142857142863,
  "aqi": 0.022461653714285715,
  "bids_meta": {
    "EchoTime": 0.03,
    "FlipAngle": 78,
    "MagneticFieldStrength": 3,
    "Manufacturer": "Siemens",
    "ManufacturersModelName": "TIM TRIO",
    "PulseSequenceType": "EPI",
    "RepetitionTime": 2.0,
    "TaskName": "face recognition",
    "modality": "bold",
    "run_id": "03",
    "session_id": "mri",
    "subject_id": "04",
    "task_id": "facerecognition"
  },
  "dummy_trs": 0,
  "dvars_nstd": 32.176721098181815,
  "dvars_std": 1.1011049148325358,
  "dvars_vstd": 0.9855933532057413,
  "efc": 0.5886299324649265,
  "fber": 669.223876953125,
  "fd_mean": 0.20113894753378445,
  "fd_num": 64,
  "fd_perc": 30.476190476190474,
  "fwhm_avg": 2.4913573333752024,
  "fwhm_x": 2.48229,
  "fwhm_y": 2.8997666666666664,
  "fwhm_z": 2.0920153334589413,
  "gcor": 0.0262906,
  "gsr_x": -0.005223816726356745,
  "gsr_y": 0.018443293869495392,
  "provenance": {
    "md5sum": "604dc9e9d902ca41398c557448b25adf",
    "settings": {
      "fd_thres": 0.2,
      "hmc_fsl": false
    },
    "software": "mriqc",
    "version": "0.9.6"
  },
  "size_t": 210,
  "size_x": 64,
  "size_y": 64,
  "size_z": 33,
  "snr": 4.307930066381214,
  "spacing_tr": 2.0,
  "spacing_x": 3.0,
  "spacing_y": 3.0,
  "spacing_z": 3.9000000953674316,
  "summary_bg_k": 51.75671346565508,
  "summary_bg_mad": 9.396873474121094,
  "summary_bg_mean": 47.96770477294922,
  "summary_bg_median": 30.185714721679688,
  "summary_bg_n": 63250.0,
  "summary_bg_p05": 22.85238265991211,
  "summary_bg_p95": 122.29309997558592,
  "summary_bg_stdv": 57.19309997558594,
  "summary_fg_k": 2.0697895671619886,
  "summary_fg_mad": 153.0751495361328,
  "summary_fg_mean": 827.7850341796875,
  "summary_fg_median": 836.5857543945312,
  "summary_fg_n": 38289.0,
  "summary_fg_p05": 495.86669921875,
  "summary_fg_p95": 1123.4714355468748,
  "summary_fg_stdv": 194.19415283203125,
  "tsnr": 31.329452514648438
}