{
  "aor": 0.001358047619047619,
  "aqi": 0.0038697996190476193,
  "bids_meta": {
    "EchoTime": 0.03,
    "FlipAngle": 78,
    "MagneticFieldStrength": 3,
    "Manufacturer": "Siemens",
    "ManufacturersModelName": "TIM TRIO",
    "PulseSequenceType": "EPI",
    "RepetitionTime": 2.0,
    "TaskName": "face recognition",
    "modality": "bold",
    "run_id": "08",
    "session_id": "mri",
    "subject_id": "15",
    "task_id": "facerecognition"
  },
  "dummy_trs": 0,
  "dvars_nstd": 24.233677047320587,
  "dvars_std": 1.0882171556937799,
  "dvars_vstd": 1.0216803117703352,
  "efc": 0.5872616675898521,
  "fber": 607.5759887695312,
  "fd_mean": 0.11716345641511043,
  "fd_num": 9,
  "fd_perc": 4.285714285714286,
  "fwhm_avg": 2.3327492376126746,
  "fwhm_x": 2.352809813015476,
  "fwhm_y": 2.6458866666666667,
  "fwhm_z": 1.9995512331558807,
  "gcor": 0.0133889,
  "gsr_x": 0.002506777411326766,
  "gsr_y": 0.033780694007873535,
  "provenance": {
    "md5sum": "f675cd38c1cc93a34802a363963d3834",
    "settings": {
      "fd_thres": 0.2,
      "hmc_fsl": false
    },
    "software": "mriqc",
    "version": "0.9.6"
  },
  "size_t": 210,
  "size_x": 64,
  "size_y": 64,
  "size_z": 33,
  "snr": 3.698582380473758,
  "spacing_tr": 2.0,
  "spacing_x": 3.000000238418579,
  "spacing_y": 3.0,
  "spacing_z": 3.9000000953674316,
  "summary_bg_k": 18.629638402898056,
  "summary_bg_mad": 10.484115600585938,
  "summary_bg_mean": 56.5348014831543,
  "summary_bg_median": 30.985715866088867,
  "summary_bg_n": 66199.0,
  "summary_bg_p05": 22.990476608276367,
  "summary_bg_p95": 196.8481018066406,
  "summary_bg_stdv": 67.22888946533203,
  "summary_fg_k": 1.5789637733551105,
  "summary_fg_mad": 172.94911193847656,
  "summary_fg_mean": 835.3232421875,
  "summary_fg_median": 822.395263671875,
  "summary_fg_n": 36847.0,
  "summary_fg_p05": 500.2833435058594,
  "summary_fg_p95": 1234.9076416015619,
  "summary_fg_stdv": 222.35116577148438,
  "tsnr": 63.97208786010742
}