{
  "aor": 0.0008068899521531101,
  "aqi": 0.007505453014354067,
  "bids_meta": {
    "EchoTime": 0.03,
    "FlipAngle": 78,
    "MagneticFieldStrength": 3,
    "Manufacturer": "Siemens",
    "ManufacturersModelName": "TIM TRIO",
    "PulseSequenceType": "EPI",
    "RepetitionTime": 2.0,
    "TaskName": "face recognition",
    "modality": "bold",
    "run_id": "05",
    "session_id": "mri",
    "subject_id": "06",
    "task_id": "facerecognition"
  },
  "dummy_trs": 1,
  "dvars_nstd": 30.500323029423065,
  "dvars_std": 1.0516161707692304,
  "dvars_vstd": 1.0073456065384616,
  "efc": 0.6126340074577072,
  "fber": 367.827880859375,
  "fd_mean": 0.08341334193626529,
  "fd_num": 9,
  "fd_perc": 4.30622009569378,
  "fwhm_avg": 2.4203683286437503,
  "fwhm_x": 2.3810966666666666,
  "fwhm_y": 2.8688331053389624,
  "fwhm_z": 2.0111752139256223,
  "gcor": 0.00958093,
  "gsr_x": -0.010119160637259483,
  "gsr_y": 0.03771238029003143,
  "provenance": {
    "md5sum": "d8d32e3724923b663786d4bb9881ee42",
    "settings": {
      "fd_thres": 0.2,
      "hmc_fsl": false
    },
    "software": "mriqc",
    "version": "0.9.6"
  },
  "size_t": 209,
  "size_x": 64,
  "size_y": 64,
  "size_z": 33,
  "snr": 4.145266159611647,
  "spacing_tr": 2.0,
  "spacing_x": 3.0,
  "spacing_y": 3.000000238418579,
  "spacing_z": 4.050000190734863,
  "summary_bg_k": 65.85794421606579,
  "summary_bg_mad": 6.646881580352783,
  "summary_bg_mean": 64.6805419921875,
  "summary_bg_median": 40.708133697509766,
  "summary_bg_n": 63413.0,
  "summary_bg_p05": 35.39712905883789,
  "summary_bg_p95": 176.68994750976555,
  "summary_bg_stdv": 75.96245574951172,
  "summary_fg_k": 1.9603648228703685,
  "summary_fg_mad": 156.89691162109375,
  "summary_fg_mean": 823.7593383789062,
  "summary_fg_median": 826.7105102539062,
  "summary_fg_n": 39146.0,
  "summary_fg_p05": 497.92581939697266,
  "summary_fg_p95": 1142.5370483398438,
  "summary_fg_stdv": 199.4322967529297,
  "tsnr": 45.16489791870117
}