{
  "aor": 0.0015719523809523811,
  "aqi": 0.005067374476190476,
  "bids_meta": {
    "EchoTime": 0.03,
    "FlipAngle": 78,
    "MagneticFieldStrength": 3,
    "Manufacturer": "Siemens",
    "ManufacturersModelName": "TIM TRIO",
    "PulseSequenceType": "EPI",
    "RepetitionTime": 2.0,
    "TaskName": "face recognition",
    "modality": "bold",
    "run_id": "01",
    "session_id": "mri",
    "subject_id": "14",
    "task_id": "facerecognition"
  },
  "dummy_trs": 0,
  "dvars_nstd": 24.776671277081338,
  "dvars_std": 1.1763282229186605,
  "dvars_vstd": 1.0241056476555024,
  "efc": 0.569420826866339,
  "fber": 814.8994140625,
  "fd_mean": 0.09604447375629058,
  "fd_num": 8,
  "fd_perc": 3.8095238095238093,
  "fwhm_avg": 2.394596,
  "fwhm_x": 2.3554533333333336,
  "fwhm_y": 2.77294,
  "fwhm_z": 2.0553946666666665,
  "gcor": 0.0182521,
  "gsr_x": -0.006422050762921572,
  "gsr_y": 0.037932850420475006,
  "provenance": {
    "md5sum": "04b86bcb700850a33eaf1094481c9c0f",
    "settings": {
      "fd_thres": 0.2,
      "hmc_fsl": false
    },
    "software": "mriqc",
    "version": "0.9.6"
  },
  "size_t": 210,
  "size_x": 64,
  "size_y": 64,
  "size_z": 33,
  "snr": 4.4234136538189714,
  "spacing_tr": 2.0,
  "spacing_x": 3.0,
  "spacing_y": 3.0,
  "spacing_z": 3.75,
  "summary_bg_k": 63.67255444461877,
  "summary_bg_mad": 6.834090232849121,
  "summary_bg_mean": 45.57343673706055,
  "summary_bg_median": 26.314287185668945,
  "summary_bg_n": 67826.0,
  "summary_bg_p05": 21.10952377319336,
  "summary_bg_p95": 129.14167404174805,
  "summary_bg_stdv": 60.31298828125,
  "summary_fg_k": 2.149736878454,
  "summary_fg_mad": 145.513916015625,
  "summary_fg_mean": 797.5563354492188,
  "summary_fg_median": 798.7095336914062,
  "summary_fg_n": 35153.0,
  "summary_fg_p05": 516.6124145507813,
  "summary_fg_p95": 1085.1724609375,
  "summary_fg_stdv": 180.56149291992188,
  "tsnr": 61.4921875
}