{
  "aor": 0.0011670476190476192,
  "aqi": 0.0038396918095238096,
  "bids_meta": {
    "EchoTime": 0.03,
    "FlipAngle": 78,
    "MagneticFieldStrength": 3,
    "Manufacturer": "Siemens",
    "ManufacturersModelName": "TIM TRIO",
    "PulseSequenceType": "EPI",
    "RepetitionTime": 2.0,
    "TaskName": "face recognition",
    "modality": "bold",
    "run_id": "04",
    "session_id": "mri",
    "subject_id": "15",
    "task_id": "facerecognition"
  },
  "dummy_trs": 0,
  "dvars_nstd": 23.843577170526313,
  "dvars_std": 1.0872692766985648,
  "dvars_vstd": 1.0186741344497605,
  "efc": 0.5880689230692844,
  "fber": 605.1128540039062,
  "fd_mean": 0.10781022276217293,
  "fd_num": 6,
  "fd_perc": 2.857142857142857,
  "fwhm_avg": 2.327588469064888,
  "fwhm_x": 2.3177231491372465,
  "fwhm_y": 2.63525,
  "fwhm_z": 2.029792258057417,
  "gcor": 0.0133875,
  "gsr_x": -0.0034437919966876507,
  "gsr_y": 0.03054036945104599,
  "provenance": {
    "md5sum": "67d9fd10d4edaba7afa3fad3db2a14b9",
    "settings": {
      "fd_thres": 0.2,
      "hmc_fsl": false
    },
    "software": "mriqc",
    "version": "0.9.6"
  },
  "size_t": 210,
  "size_x": 64,
  "size_y": 64,
  "size_z": 33,
  "snr": 3.8007307355017574,
  "spacing_tr": 2.0,
  "spacing_x": 3.000000238418579,
  "spacing_y": 3.0,
  "spacing_z": 3.9000000953674316,
  "summary_bg_k": 42.84684562247084,
  "summary_bg_mad": 10.335854530334473,
  "summary_bg_mean": 56.875877380371094,
  "summary_bg_median": 31.038095474243164,
  "summary_bg_n": 65848.0,
  "summary_bg_p05": 23.26666831970215,
  "summary_bg_p95": 194.5914367675779,
  "summary_bg_stdv": 71.53353118896484,
  "summary_fg_k": 1.4473227658603847,
  "summary_fg_mad": 171.6641845703125,
  "summary_fg_mean": 840.2965087890625,
  "summary_fg_median": 824.221435546875,
  "summary_fg_n": 36592.0,
  "summary_fg_p05": 521.095751953125,
  "summary_fg_p95": 1238.6519897460937,
  "summary_fg_stdv": 216.855712890625,
  "tsnr": 66.43115234375
}