{
  "aor": 0.009488428571428571,
  "aqi": 0.013854863476190474,
  "bids_meta": {
    "EchoTime": 0.03,
    "FlipAngle": 78,
    "MagneticFieldStrength": 3,
    "Manufacturer": "Siemens",
    "ManufacturersModelName": "TIM TRIO",
    "PulseSequenceType": "EPI",
    "RepetitionTime": 2.0,
    "TaskName": "face recognition",
    "modality": "bold",
    "run_id": "08",
    "session_id": "mri",
    "subject_id": "09",
    "task_id": "facerecognition"
  },
  "dummy_trs": 0,
  "dvars_nstd": 30.712143209090907,
  "dvars_std": 1.0547892819138758,
  "dvars_vstd": 1.006300394688995,
  "efc": 0.6033521994685304,
  "fber": 665.531494140625,
  "fd_mean": 0.27464980350930973,
  "fd_num": 90,
  "fd_perc": 42.857142857142854,
  "fwhm_avg": 2.3590057058364784,
  "fwhm_x": 2.2435533333333333,
  "fwhm_y": 2.7156931175094354,
  "fwhm_z": 2.1177706666666665,
  "gcor": 0.0159317,
  "gsr_x": -0.012560182251036167,
  "gsr_y": 0.04287702217698097,
  "provenance": {
    "md5sum": "db8cb165b4577f6708e7a5fe01341791",
    "settings": {
      "fd_thres": 0.2,
      "hmc_fsl": false
    },
    "software": "mriqc",
    "version": "0.9.6"
  },
  "size_t": 210,
  "size_x": 64,
  "size_y": 64,
  "size_z": 33,
  "snr": 4.129726159545784,
  "spacing_tr": 2.0,
  "spacing_x": 3.0,
  "spacing_y": 3.000000238418579,
  "spacing_z": 3.75,
  "summary_bg_k": 68.09607368612316,
  "summary_bg_mad": 8.210792541503906,
  "summary_bg_mean": 50.228824615478516,
  "summary_bg_median": 28.46666717529297,
  "summary_bg_n": 62276.0,
  "summary_bg_p05": 22.171428680419922,
  "summary_bg_p95": 149.24285888671875,
  "summary_bg_stdv": 65.79064178466797,
  "summary_fg_k": 1.7231875350009398,
  "summary_fg_mad": 153.11044311523438,
  "summary_fg_mean": 786.9638671875,
  "summary_fg_median": 782.395263671875,
  "summary_fg_n": 40563.0,
  "summary_fg_p05": 484.06716003417966,
  "summary_fg_p95": 1097.5934204101568,
  "summary_fg_stdv": 189.45217895507812,
  "tsnr": 36.69464874267578
}