{
  "aor": 0.001356047619047619,
  "aqi": 0.006585136904761905,
  "bids_meta": {
    "EchoTime": 0.03,
    "FlipAngle": 78,
    "MagneticFieldStrength": 3,
    "Manufacturer": "Siemens",
    "ManufacturersModelName": "TIM TRIO",
    "PulseSequenceType": "EPI",
    "RepetitionTime": 2.0,
    "TaskName": "face recognition",
    "modality": "bold",
    "run_id": "06",
    "session_id": "mri",
    "subject_id": "08",
    "task_id": "facerecognition"
  },
  "dummy_trs": 0,
  "dvars_nstd": 25.951810334784685,
  "dvars_std": 1.1869057932535885,
  "dvars_vstd": 1.0127717853110043,
  "efc": 0.593746859760957,
  "fber": 703.4682006835938,
  "fd_mean": 0.09063101292355563,
  "fd_num": 5,
  "fd_perc": 2.380952380952381,
  "fwhm_avg": 2.2655066666666666,
  "fwhm_x": 2.18931,
  "fwhm_y": 2.56149,
  "fwhm_z": 2.04572,
  "gcor": 0.0110713,
  "gsr_x": 0.0028551279101520777,
  "gsr_y": 0.02485983818769455,
  "provenance": {
    "md5sum": "9bdd43e4f81e5a165f3829de6a80ec01",
    "settings": {
      "fd_thres": 0.2,
      "hmc_fsl": false
    },
    "software": "mriqc",
    "version": "0.9.6"
  },
  "size_t": 210,
  "size_x": 64,
  "size_y": 64,
  "size_z": 33,
  "snr": 4.727074418336557,
  "spacing_tr": 2.0,
  "spacing_x": 3.0,
  "spacing_y": 3.0,
  "spacing_z": 3.75,
  "summary_bg_k": 26.767047886931216,
  "summary_bg_mad": 7.582452774047852,
  "summary_bg_mean": 51.80817794799805,
  "summary_bg_median": 26.933334350585938,
  "summary_bg_n": 66581.0,
  "summary_bg_p05": 21.08095359802246,
  "summary_bg_p95": 173.53334045410156,
  "summary_bg_stdv": 69.42485809326172,
  "summary_fg_k": 2.546056484399948,
  "summary_fg_mad": 127.814453125,
  "summary_fg_mean": 759.1364135742188,
  "summary_fg_median": 760.9357299804688,
  "summary_fg_n": 36568.0,
  "summary_fg_p05": 515.6400268554687,
  "summary_fg_p95": 1015.1804931640625,
  "summary_fg_stdv": 160.9717254638672,
  "tsnr": 60.602596282958984
}