{
  "aor": 0.000778047619047619,
  "aqi": 0.006519446904761906,
  "bids_meta": {
    "EchoTime": 0.03,
    "FlipAngle": 78,
    "MagneticFieldStrength": 3,
    "Manufacturer": "Siemens",
    "ManufacturersModelName": "TIM TRIO",
    "PulseSequenceType": "EPI",
    "RepetitionTime": 2.0,
    "TaskName": "face recognition",
    "modality": "bold",
    "run_id": "01",
    "session_id": "mri",
    "subject_id": "11",
    "task_id": "facerecognition"
  },
  "dummy_trs": 0,
  "dvars_nstd": 24.132231853540667,
  "dvars_std": 1.133307929952154,
  "dvars_vstd": 1.0048397867942587,
  "efc": 0.5690227074845803,
  "fber": 913.9605712890625,
  "fd_mean": 0.10286915209007597,
  "fd_num": 9,
  "fd_perc": 4.285714285714286,
  "fwhm_avg": 2.415430666666667,
  "fwhm_x": 2.33611,
  "fwhm_y": 2.840403333333333,
  "fwhm_z": 2.0697786666666667,
  "gcor": 0.0442248,
  "gsr_x": -0.010450392961502075,
  "gsr_y": 0.029619697481393814,
  "provenance": {
    "md5sum": "d2ac714b165ac2a393d97c6aa9ff7ba6",
    "settings": {
      "fd_thres": 0.2,
      "hmc_fsl": false
    },
    "software": "mriqc",
    "version": "0.9.6"
  },
  "size_t": 210,
  "size_x": 64,
  "size_y": 64,
  "size_z": 33,
  "snr": 4.8740894052124935,
  "spacing_tr": 2.0,
  "spacing_x": 3.0,
  "spacing_y": 3.0,
  "spacing_z": 3.75,
  "summary_bg_k": 46.86918149928919,
  "summary_bg_mad": 5.443268299102783,
  "summary_bg_mean": 42.34048080444336,
  "summary_bg_median": 25.16190528869629,
  "summary_bg_n": 67767.0,
  "summary_bg_p05": 20.957143783569336,
  "summary_bg_p95": 113.63809967041016,
  "summary_bg_stdv": 55.323970794677734,
  "summary_fg_k": 3.0624411566829544,
  "summary_fg_mad": 125.92943572998047,
  "summary_fg_mean": 797.633056640625,
  "summary_fg_median": 803.4666748046875,
  "summary_fg_n": 35525.0,
  "summary_fg_p05": 533.1723999023437,
  "summary_fg_p95": 1048.7771972656242,
  "summary_fg_stdv": 164.84214782714844,
  "tsnr": 63.43988800048828
}