{
  "aor": 0.0018028571428571427,
  "aqi": 0.006914985285714284,
  "bids_meta": {
    "EchoTime": 0.03,
    "FlipAngle": 78,
    "MagneticFieldStrength": 3,
    "Manufacturer": "Siemens",
    "ManufacturersModelName": "TIM TRIO",
    "PulseSequenceType": "EPI",
    "RepetitionTime": 2.0,
    "TaskName": "face recognition",
    "modality": "bold",
    "run_id": "09",
    "session_id": "mri",
    "subject_id": "06",
    "task_id": "facerecognition"
  },
  "dummy_trs": 0,
  "dvars_nstd": 30.25995975454545,
  "dvars_std": 1.059868683349283,
  "dvars_vstd": 1.0221772422966502,
  "efc": 0.6135370971240515,
  "fber": 361.5286865234375,
  "fd_mean": 0.08081656619941155,
  "fd_num": 8,
  "fd_perc": 3.8095238095238093,
  "fwhm_avg": 2.3931156139318017,
  "fwhm_x": 2.3585766666666665,
  "fwhm_y": 2.831076441672926,
  "fwhm_z": 1.989693733455812,
  "gcor": 0.00766838,
  "gsr_x": -0.01094336248934269,
  "gsr_y": 0.03963420167565346,
  "provenance": {
    "md5sum": "a3a67c5cab5e0719948bbd1a7c4429e8",
    "settings": {
      "fd_thres": 0.2,
      "hmc_fsl": false
    },
    "software": "mriqc",
    "version": "0.9.6"
  },
  "size_t": 210,
  "size_x": 64,
  "size_y": 64,
  "size_z": 33,
  "snr": 4.191050292783052,
  "spacing_tr": 2.0,
  "spacing_x": 3.0,
  "spacing_y": 3.000000238418579,
  "spacing_z": 4.050000190734863,
  "summary_bg_k": 65.46499661329108,
  "summary_bg_mad": 7.20827579498291,
  "summary_bg_mean": 66.02925872802734,
  "summary_bg_median": 41.395240783691406,
  "summary_bg_n": 63635.0,
  "summary_bg_p05": 35.55714416503906,
  "summary_bg_p95": 180.49286804199167,
  "summary_bg_stdv": 77.39922332763672,
  "summary_fg_k": 1.9348099503919283,
  "summary_fg_mad": 157.90771484375,
  "summary_fg_mean": 831.70947265625,
  "summary_fg_median": 833.2643432617188,
  "summary_fg_n": 38964.0,
  "summary_fg_p05": 509.55882568359374,
  "summary_fg_p95": 1152.380981445312,
  "summary_fg_stdv": 198.8173828125,
  "tsnr": 46.09369659423828
}