{
  "aor": 0.0005918571428571429,
  "aqi": 0.006216220904761904,
  "bids_meta": {
    "EchoTime": 0.03,
    "FlipAngle": 78,
    "MagneticFieldStrength": 3,
    "Manufacturer": "Siemens",
    "ManufacturersModelName": "TIM TRIO",
    "PulseSequenceType": "EPI",
    "RepetitionTime": 2.0,
    "TaskName": "face recognition",
    "modality": "bold",
    "run_id": "01",
    "session_id": "mri",
    "subject_id": "01",
    "task_id": "facerecognition"
  },
  "dummy_trs": 0,
  "dvars_nstd": 25.222233238612443,
  "dvars_std": 1.0763718128708128,
  "dvars_vstd": 1.0064385276076555,
  "efc": 0.6227202605396033,
  "fber": 479.85589599609375,
  "fd_mean": 0.06777589537573939,
  "fd_num": 0,
  "fd_perc": 0.0,
  "fwhm_avg": 2.318115777777778,
  "fwhm_x": 2.27383,
  "fwhm_y": 2.7349333333333337,
  "fwhm_z": 1.945584,
  "gcor": 0.0228442,
  "gsr_x": -0.00327743380330503,
  "gsr_y": 0.04816794395446777,
  "provenance": {
    "md5sum": "e14a585569348c464813edb2a90e7acb",
    "settings": {
      "fd_thres": 0.2,
      "hmc_fsl": false
    },
    "software": "mriqc",
    "version": "0.9.6"
  },
  "size_t": 210,
  "size_x": 64,
  "size_y": 64,
  "size_z": 33,
  "snr": 4.45885366330048,
  "spacing_tr": 2.0,
  "spacing_x": 3.0,
  "spacing_y": 3.0,
  "spacing_z": 3.75,
  "summary_bg_k": 13.406911469734943,
  "summary_bg_mad": 12.700957298278809,
  "summary_bg_mean": 72.68685150146484,
  "summary_bg_median": 33.157142639160156,
  "summary_bg_n": 63641.0,
  "summary_bg_p05": 23.752382278442383,
  "summary_bg_p95": 293.423828125,
  "summary_bg_stdv": 94.38347625732422,
  "summary_fg_k": 2.712798920875903,
  "summary_fg_mad": 130.42312622070312,
  "summary_fg_mean": 773.4971923828125,
  "summary_fg_median": 774.376220703125,
  "summary_fg_n": 38310.0,
  "summary_fg_p05": 499.1807281494141,
  "summary_fg_p95": 1049.7174499511718,
  "summary_fg_stdv": 173.66932678222656,
  "tsnr": 57.091190338134766
}