{
  "bids_meta": {
    "EchoTime": 0.00298,
    "FlipAngle": 9,
    "InversionTime": 0.9,
    "MagneticFieldStrength": 3,
    "Manufacturer": "Siemens",
    "ManufacturersModelName": "TIM TRIO",
    "PulseSequenceType": "MPRAGE",
    "RepetitionTime": 2.25,
    "acq_id": "mprage",
    "modality": "T1w",
    "session_id": "mri",
    "subject_id": "11"
  },
  "cjv": 0.3283659593098927,
  "cnr": 4.104903563244869,
  "efc": 0.600343022719597,
  "fber": 2584.123779296875,
  "fwhm_avg": 4.634879648146671,
  "fwhm_x": 4.533629459549252,
  "fwhm_y": 5.04996,
  "fwhm_z": 4.321049484890761,
  "icvs_csf": 0.22264563717031718,
  "icvs_gm": 0.4122407116264825,
  "icvs_wm": 0.3651136512032003,
  "inu_med": 0.8916076421737671,
  "inu_range": 0.2753696084022522,
  "provenance": {
    "md5sum": "f7201f60e2ac0ebe87961450420d0e11",
    "mriqc_pred": 0,
    "settings": {
      "testing": false
    },
    "software": "mriqc",
    "version": "0.9.6",
    "warnings": {
      "large_rot_frame": true,
      "small_air_mask": false
    }
  },
  "qi_1": 0.0007155220347668758,
  "qi_2": 0.0074469756462944145,
  "rpve_csf": 28.326392745820346,
  "rpve_gm": 15.587776964627109,
  "rpve_wm": 21.004295320502806,
  "size_x": 256,
  "size_y": 256,
  "size_z": 192,
  "snr_csf": 3.940711058720737,
  "snr_gm": 13.886787134746617,
  "snr_total": 15.723031188802196,
  "snr_wm": 29.34159537293923,
  "snrd_csf": 45.624168851023285,
  "snrd_gm": 83.87943695847386,
  "snrd_total": 81.00079871881488,
  "snrd_wm": 113.49879034694747,
  "spacing_x": 1.0000001192092896,
  "spacing_y": 1.0,
  "spacing_z": 1.0000001192092896,
  "summary_bg_k": 4.412502688627265,
  "summary_bg_mad": 5.772204399108887,
  "summary_bg_mean": 13.829444885253906,
  "summary_bg_median": 12.536481857299805,
  "summary_bg_n": 2090540.0,
  "summary_bg_p05": 5.2914862632751465,
  "summary_bg_p95": 26.788683319091774,
  "summary_bg_stdv": 6.934662818908691,
  "summary_csf_k": 3.2834901226667155,
  "summary_csf_mad": 111.27047729492188,
  "summary_csf_mean": 415.67864990234375,
  "summary_csf_median": 401.98046875,
  "summary_csf_n": 29150.0,
  "summary_csf_p05": 268.5101943969727,
  "summary_csf_p95": 582.9771484375,
  "summary_csf_stdv": 102.00534057617188,
  "summary_gm_k": -0.10527424349026182,
  "summary_gm_mad": 53.48181915283203,
  "summary_gm_mean": 739.2910766601562,
  "summary_gm_median": 739.0358276367188,
  "summary_gm_n": 20497.0,
  "summary_gm_p05": 652.2516723632813,
  "summary_gm_p95": 826.9983398437499,
  "summary_gm_stdv": 53.21733474731445,
  "summary_wm_k": 0.8479077276267497,
  "summary_wm_mad": 32.210853576660156,
  "summary_wm_mean": 999.9658813476562,
  "summary_wm_median": 1000.0028076171875,
  "summary_wm_n": 194707.0,
  "summary_wm_p05": 944.6175842285156,
  "summary_wm_p95": 1054.8437133789062,
  "summary_wm_stdv": 34.08131790161133,
  "tpm_overlap_csf": 0.23688773810863495,
  "tpm_overlap_gm": 0.5225135684013367,
  "tpm_overlap_wm": 0.5724653601646423,
  "wm2max": 0.6183378932667951
}