{
  "bids_meta": {
    "EchoTime": 0.095,
    "FlipAngle": 90,
    "MagneticFieldStrength": 3,
    "Manufacturer": "Siemens",
    "ManufacturersModelName": "TIM TRIO",
    "PulseSequenceType": "EPI",
    "RepetitionTime": 2,
    "acq_id": "epi",
    "modality": "T1w",
    "session_id": "mri",
    "subject_id": "03"
  },
  "cjv": 0.9699889136737029,
  "cnr": 1.2087455572482673,
  "efc": 0.7012932770916289,
  "fber": 41.004093170166016,
  "fwhm_avg": 1.858886480780875,
  "fwhm_x": 1.9855666666666665,
  "fwhm_y": 1.7575133333333335,
  "fwhm_z": 1.8335794423426253,
  "icvs_csf": 0.21943948186983853,
  "icvs_gm": 0.538844244352157,
  "icvs_wm": 0.24171627377800442,
  "inu_med": 1.1518378257751465,
  "inu_range": 0.6298421084880825,
  "provenance": {
    "md5sum": "5cba6f4c2da505f5201d7bd45ad8f74b",
    "mriqc_pred": 0,
    "settings": {
      "testing": false
    },
    "software": "mriqc",
    "version": "0.9.6",
    "warnings": {
      "large_rot_frame": false,
      "small_air_mask": true
    }
  },
  "qi_1": 0.0,
  "qi_2": 0.002088289445323536,
  "rpve_csf": 10.84190415821501,
  "rpve_gm": 4.326284423998802,
  "rpve_wm": 7.2928135247040515,
  "size_x": 64,
  "size_y": 64,
  "size_z": 33,
  "snr_csf": 1.2934136583745244,
  "snr_gm": 10.196258453614773,
  "snr_total": 7.198077743934228,
  "snr_wm": 10.104561119813384,
  "snrd_csf": 10.901516705189882,
  "snrd_gm": 14.49203098990228,
  "snrd_total": 14.360472541839847,
  "snrd_wm": 17.68786993042738,
  "spacing_x": 3.0,
  "spacing_y": 3.0,
  "spacing_z": 3.9000000953674316,
  "summary_bg_k": 628.7914340566623,
  "summary_bg_mad": 41.18253707885742,
  "summary_bg_mean": 104.28010559082031,
  "summary_bg_median": 92.43896484375,
  "summary_bg_n": 32611.0,
  "summary_bg_p05": 29.18620777130127,
  "summary_bg_p95": 206.70689392089844,
  "summary_bg_stdv": 86.80241394042969,
  "summary_csf_k": 0.9173386402600179,
  "summary_csf_mad": 502.29150390625,
  "summary_csf_mean": 898.8018188476562,
  "summary_csf_median": 685.2803955078125,
  "summary_csf_n": 7342.0,
  "summary_csf_p05": 290.0925659179687,
  "summary_csf_p95": 1764.3612731933595,
  "summary_csf_stdv": 529.7869873046875,
  "summary_gm_k": 0.384747695806555,
  "summary_gm_mad": 86.75466918945312,
  "summary_gm_mean": 917.789794921875,
  "summary_gm_median": 910.9837646484375,
  "summary_gm_n": 14434.0,
  "summary_gm_p05": 783.2748291015625,
  "summary_gm_p95": 1076.048419189453,
  "summary_gm_stdv": 89.34181213378906,
  "summary_wm_k": 0.4380712511333402,
  "summary_wm_mad": 108.10997009277344,
  "summary_wm_mean": 1112.8153076171875,
  "summary_wm_median": 1111.87744140625,
  "summary_wm_n": 5231.0,
  "summary_wm_p05": 941.4517517089844,
  "summary_wm_p95": 1294.7484130859375,
  "summary_wm_stdv": 110.02666473388672,
  "tpm_overlap_csf": 0.11054611206054688,
  "tpm_overlap_gm": 0.41716209053993225,
  "tpm_overlap_wm": 0.2794329822063446,
  "wm2max": 0.4258443816423143
}