{
  "aor": 0.0012242583732057415,
  "aqi": 0.005527136794258374,
  "bids_meta": {
    "EchoTime": 0.03,
    "FlipAngle": 78,
    "MagneticFieldStrength": 3,
    "Manufacturer": "Siemens",
    "ManufacturersModelName": "TIM TRIO",
    "PulseSequenceType": "EPI",
    "RepetitionTime": 2.0,
    "TaskName": "face recognition",
    "modality": "bold",
    "run_id": "07",
    "session_id": "mri",
    "subject_id": "15",
    "task_id": "facerecognition"
  },
  "dummy_trs": 1,
  "dvars_nstd": 25.45790636514422,
  "dvars_std": 1.0771307878365382,
  "dvars_vstd": 1.0022794629807696,
  "efc": 0.5872816213355142,
  "fber": 602.3135375976562,
  "fd_mean": 0.12784497910309678,
  "fd_num": 16,
  "fd_perc": 7.655502392344498,
  "fwhm_avg": 2.3438552202785297,
  "fwhm_x": 2.3599098124512183,
  "fwhm_y": 2.66572,
  "fwhm_z": 2.0059358483843717,
  "gcor": 0.00831457,
  "gsr_x": 0.002061040373519063,
  "gsr_y": 0.033166512846946716,
  "provenance": {
    "md5sum": "6d6b8ddbee811da4f9bfb82493f20c7b",
    "settings": {
      "fd_thres": 0.2,
      "hmc_fsl": false
    },
    "software": "mriqc",
    "version": "0.9.6"
  },
  "size_t": 209,
  "size_x": 64,
  "size_y": 64,
  "size_z": 33,
  "snr": 3.692015968653062,
  "spacing_tr": 2.0,
  "spacing_x": 3.000000238418579,
  "spacing_y": 3.0,
  "spacing_z": 3.9000000953674316,
  "summary_bg_k": 28.12855504797035,
  "summary_bg_mad": 10.406593322753906,
  "summary_bg_mean": 56.069244384765625,
  "summary_bg_median": 30.923444747924805,
  "summary_bg_n": 65985.0,
  "summary_bg_p05": 22.79425811767578,
  "summary_bg_p95": 193.20286254882805,
  "summary_bg_stdv": 67.22161102294922,
  "summary_fg_k": 1.5483522052864123,
  "summary_fg_mad": 171.8541717529297,
  "summary_fg_mean": 832.5496215820312,
  "summary_fg_median": 819.0191040039062,
  "summary_fg_n": 36951.0,
  "summary_fg_p05": 497.4593200683594,
  "summary_fg_p95": 1231.7200317382812,
  "summary_fg_stdv": 221.8321990966797,
  "tsnr": 55.685874938964844
}