{
  "aor": 0.0011445192307692309,
  "aqi": 0.00859487423076923,
  "bids_meta": {
    "EchoTime": 0.03,
    "FlipAngle": 78,
    "MagneticFieldStrength": 3,
    "Manufacturer": "Siemens",
    "ManufacturersModelName": "TIM TRIO",
    "PulseSequenceType": "EPI",
    "RepetitionTime": 2.0,
    "TaskName": "face recognition",
    "modality": "bold",
    "run_id": "07",
    "session_id": "mri",
    "subject_id": "11",
    "task_id": "facerecognition"
  },
  "dummy_trs": 2,
  "dvars_nstd": 23.021694413333332,
  "dvars_std": 1.0798730504830911,
  "dvars_vstd": 0.9815602294685991,
  "efc": 0.5695523529645058,
  "fber": 906.159423828125,
  "fd_mean": 0.11893735069173644,
  "fd_num": 20,
  "fd_perc": 9.615384615384615,
  "fwhm_avg": 2.394768888888889,
  "fwhm_x": 2.31929,
  "fwhm_y": 2.790976666666667,
  "fwhm_z": 2.07404,
  "gcor": 0.0171242,
  "gsr_x": -0.009429510682821274,
  "gsr_y": 0.025911305099725723,
  "provenance": {
    "md5sum": "fbdbb924418619dc6ae7835201d6165f",
    "settings": {
      "fd_thres": 0.2,
      "hmc_fsl": false
    },
    "software": "mriqc",
    "version": "0.9.6"
  },
  "size_t": 208,
  "size_x": 64,
  "size_y": 64,
  "size_z": 33,
  "snr": 4.9329730431939485,
  "spacing_tr": 2.0,
  "spacing_x": 3.0,
  "spacing_y": 3.0,
  "spacing_z": 3.75,
  "summary_bg_k": 34.91987469634338,
  "summary_bg_mad": 6.3295698165893555,
  "summary_bg_mean": 44.262840270996094,
  "summary_bg_median": 25.913461685180664,
  "summary_bg_n": 68427.0,
  "summary_bg_p05": 20.932693481445312,
  "summary_bg_p95": 121.24712142944333,
  "summary_bg_stdv": 56.522186279296875,
  "summary_fg_k": 2.8878444585795835,
  "summary_fg_mad": 130.22666931152344,
  "summary_fg_mean": 821.6370239257812,
  "summary_fg_median": 826.8077392578125,
  "summary_fg_n": 35123.0,
  "summary_fg_p05": 557.117822265625,
  "summary_fg_p95": 1081.9240966796879,
  "summary_fg_stdv": 167.60601806640625,
  "tsnr": 56.72550964355469
}