{
  "bids_meta": {
    "EchoTime": 0.095,
    "FlipAngle": 90,
    "MagneticFieldStrength": 3,
    "Manufacturer": "Siemens",
    "ManufacturersModelName": "TIM TRIO",
    "PulseSequenceType": "EPI",
    "RepetitionTime": 2,
    "acq_id": "epi",
    "modality": "T1w",
    "session_id": "mri",
    "subject_id": "08"
  },
  "cjv": 0.893471262220863,
  "cnr": 1.335508984846575,
  "efc": 0.7009419787525083,
  "fber": 59.53118896484375,
  "fwhm_avg": 1.9787113333333337,
  "fwhm_x": 1.9570766666666666,
  "fwhm_y": 1.9509800000000002,
  "fwhm_z": 2.0280773333333335,
  "icvs_csf": 0.21364994896822107,
  "icvs_gm": 0.5847856916638408,
  "icvs_wm": 0.2015643593679382,
  "inu_med": 0.8883163928985596,
  "inu_range": 0.4930826187133791,
  "provenance": {
    "md5sum": "9e69280aa9769cbee6ab600a135ca3fb",
    "mriqc_pred": 0,
    "settings": {
      "testing": false
    },
    "software": "mriqc",
    "version": "0.9.6",
    "warnings": {
      "large_rot_frame": false,
      "small_air_mask": true
    }
  },
  "qi_1": 0.0009360698932186937,
  "qi_2": 0.0026332841304765827,
  "rpve_csf": 11.17403737673408,
  "rpve_gm": 4.166169375696324,
  "rpve_wm": 9.103844150365065,
  "size_x": 64,
  "size_y": 64,
  "size_z": 33,
  "snr_csf": 1.444080152006412,
  "snr_gm": 10.529321429466965,
  "snr_total": 7.371203731325946,
  "snr_wm": 10.14020961250446,
  "snrd_csf": 12.245364210639218,
  "snrd_gm": 16.23900784314933,
  "snrd_total": 16.145257371303874,
  "snrd_wm": 19.951400060123078,
  "spacing_x": 3.0,
  "spacing_y": 3.0,
  "spacing_z": 3.75,
  "summary_bg_k": 245.87851298733312,
  "summary_bg_mad": 33.388328552246094,
  "summary_bg_mean": 83.20292663574219,
  "summary_bg_median": 73.0673828125,
  "summary_bg_n": 28817.0,
  "summary_bg_p05": 27.335228729248048,
  "summary_bg_p95": 169.91825256347641,
  "summary_bg_stdv": 61.962039947509766,
  "summary_csf_k": -0.6118744437880754,
  "summary_csf_mad": 462.8700866699219,
  "summary_csf_mean": 804.2339477539062,
  "summary_csf_median": 624.0719604492188,
  "summary_csf_n": 7278.0,
  "summary_csf_p05": 282.3155059814453,
  "summary_csf_p95": 1501.4731872558589,
  "summary_csf_stdv": 432.1291198730469,
  "summary_gm_k": 0.07655632245041444,
  "summary_gm_mad": 78.69827270507812,
  "summary_gm_mean": 829.040283203125,
  "summary_gm_median": 827.603759765625,
  "summary_gm_n": 18206.0,
  "summary_gm_p05": 703.1526184082031,
  "summary_gm_p95": 962.1682586669922,
  "summary_gm_stdv": 78.5977554321289,
  "summary_wm_k": 1.4865709476129565,
  "summary_wm_mad": 90.34481048583984,
  "summary_wm_mean": 1018.3621826171875,
  "summary_wm_median": 1016.8018798828125,
  "summary_wm_n": 4641.0,
  "summary_wm_p05": 865.9588012695312,
  "summary_wm_p95": 1179.962890625,
  "summary_wm_stdv": 100.26344299316406,
  "tpm_overlap_csf": 0.11016412824392319,
  "tpm_overlap_gm": 0.3957809805870056,
  "tpm_overlap_wm": 0.1973157674074173,
  "wm2max": 0.49293108457413637
}