{
  "aor": 0.014399809523809525,
  "aqi": 0.013535891999999999,
  "bids_meta": {
    "EchoTime": 0.03,
    "FlipAngle": 78,
    "MagneticFieldStrength": 3,
    "Manufacturer": "Siemens",
    "ManufacturersModelName": "TIM TRIO",
    "PulseSequenceType": "EPI",
    "RepetitionTime": 2.0,
    "TaskName": "face recognition",
    "modality": "bold",
    "run_id": "03",
    "session_id": "mri",
    "subject_id": "09",
    "task_id": "facerecognition"
  },
  "dummy_trs": 0,
  "dvars_nstd": 27.560468737607632,
  "dvars_std": 1.1094308187559805,
  "dvars_vstd": 1.1094629671291867,
  "efc": 0.6023498469434841,
  "fber": 664.2697143554688,
  "fd_mean": 0.2111767458132832,
  "fd_num": 70,
  "fd_perc": 33.333333333333336,
  "fwhm_avg": 2.3925539269831684,
  "fwhm_x": 2.27771,
  "fwhm_y": 2.7562931142828373,
  "fwhm_z": 2.1436586666666666,
  "gcor": 0.0123805,
  "gsr_x": -0.012462417595088482,
  "gsr_y": 0.04149319976568222,
  "provenance": {
    "md5sum": "ef27032c52ce2355b78dca3374449186",
    "settings": {
      "fd_thres": 0.2,
      "hmc_fsl": false
    },
    "software": "mriqc",
    "version": "0.9.6"
  },
  "size_t": 210,
  "size_x": 64,
  "size_y": 64,
  "size_z": 33,
  "snr": 4.1282232896191235,
  "spacing_tr": 2.0,
  "spacing_x": 3.0,
  "spacing_y": 3.000000238418579,
  "spacing_z": 3.75,
  "summary_bg_k": 64.5404890854416,
  "summary_bg_mad": 8.302573204040527,
  "summary_bg_mean": 49.330204010009766,
  "summary_bg_median": 28.252382278442383,
  "summary_bg_n": 62139.0,
  "summary_bg_p05": 21.28095245361328,
  "summary_bg_p95": 146.1857147216797,
  "summary_bg_stdv": 65.26543426513672,
  "summary_fg_k": 1.6266791709279769,
  "summary_fg_mad": 151.55726623535156,
  "summary_fg_mean": 774.3919677734375,
  "summary_fg_median": 772.3048095703125,
  "summary_fg_n": 40591.0,
  "summary_fg_p05": 465.7857360839844,
  "summary_fg_p95": 1083.009521484375,
  "summary_fg_stdv": 187.07691955566406,
  "tsnr": 36.30145263671875
}