{
  "aor": 0.0016397607655502394,
  "aqi": 0.005332194641148326,
  "bids_meta": {
    "EchoTime": 0.03,
    "FlipAngle": 78,
    "MagneticFieldStrength": 3,
    "Manufacturer": "Siemens",
    "ManufacturersModelName": "TIM TRIO",
    "PulseSequenceType": "EPI",
    "RepetitionTime": 2.0,
    "TaskName": "face recognition",
    "modality": "bold",
    "run_id": "02",
    "session_id": "mri",
    "subject_id": "10",
    "task_id": "facerecognition"
  },
  "dummy_trs": 1,
  "dvars_nstd": 26.798667678221133,
  "dvars_std": 1.1397875966346158,
  "dvars_vstd": 0.9883246547596157,
  "efc": 0.5874888592517282,
  "fber": 689.4275512695312,
  "fd_mean": 0.07333380009982796,
  "fd_num": 8,
  "fd_perc": 3.827751196172249,
  "fwhm_avg": 2.383058651099327,
  "fwhm_x": 2.349939813243563,
  "fwhm_y": 2.778013112556687,
  "fwhm_z": 2.021223027497731,
  "gcor": 0.0337413,
  "gsr_x": -0.00876626931130886,
  "gsr_y": 0.044466979801654816,
  "provenance": {
    "md5sum": "0d4a5f7b103b447621ae0ec3c245752e",
    "settings": {
      "fd_thres": 0.2,
      "hmc_fsl": false
    },
    "software": "mriqc",
    "version": "0.9.6"
  },
  "size_t": 209,
  "size_x": 64,
  "size_y": 64,
  "size_z": 33,
  "snr": 3.952048129739497,
  "spacing_tr": 2.0,
  "spacing_x": 3.000000238418579,
  "spacing_y": 3.000000238418579,
  "spacing_z": 3.9000000953674316,
  "summary_bg_k": 65.31518070970164,
  "summary_bg_mad": 9.108428001403809,
  "summary_bg_mean": 55.84767150878906,
  "summary_bg_median": 29.62200927734375,
  "summary_bg_n": 64770.0,
  "summary_bg_p05": 22.70334815979004,
  "summary_bg_p95": 176.38731536865217,
  "summary_bg_stdv": 82.79622650146484,
  "summary_fg_k": 1.7884450412840955,
  "summary_fg_mad": 171.81155395507812,
  "summary_fg_mean": 839.5132446289062,
  "summary_fg_median": 830.8229370117188,
  "summary_fg_n": 37931.0,
  "summary_fg_p05": 515.5454406738281,
  "summary_fg_p95": 1185.9066162109375,
  "summary_fg_stdv": 210.22314453125,
  "tsnr": 54.73740005493164
}