{
  "aor": 0.007025809523809524,
  "aqi": 0.011023933142857142,
  "bids_meta": {
    "EchoTime": 0.03,
    "FlipAngle": 78,
    "MagneticFieldStrength": 3,
    "Manufacturer": "Siemens",
    "ManufacturersModelName": "TIM TRIO",
    "PulseSequenceType": "EPI",
    "RepetitionTime": 2.0,
    "TaskName": "face recognition",
    "modality": "bold",
    "run_id": "02",
    "session_id": "mri",
    "subject_id": "16",
    "task_id": "facerecognition"
  },
  "dummy_trs": 0,
  "dvars_nstd": 32.60378848555024,
  "dvars_std": 1.1431278615311007,
  "dvars_vstd": 1.0471639459808608,
  "efc": 0.6511206234674758,
  "fber": 487.5598449707031,
  "fd_mean": 0.18380077233673342,
  "fd_num": 37,
  "fd_perc": 17.61904761904762,
  "fwhm_avg": 2.2895141269923127,
  "fwhm_x": 2.2138833333333334,
  "fwhm_y": 2.782723333333333,
  "fwhm_z": 1.871935714310271,
  "gcor": 0.0181788,
  "gsr_x": -0.010011070407927036,
  "gsr_y": 0.054260533303022385,
  "provenance": {
    "md5sum": "a380989a3ed31992326fbb9acfee99dc",
    "settings": {
      "fd_thres": 0.2,
      "hmc_fsl": false
    },
    "software": "mriqc",
    "version": "0.9.6"
  },
  "size_t": 210,
  "size_x": 64,
  "size_y": 64,
  "size_z": 33,
  "snr": 3.9776330549339773,
  "spacing_tr": 2.0,
  "spacing_x": 3.0,
  "spacing_y": 3.0,
  "spacing_z": 4.050000190734863,
  "summary_bg_k": 61.77460429558023,
  "summary_bg_mad": 13.590519905090332,
  "summary_bg_mean": 64.24519348144531,
  "summary_bg_median": 35.02857208251953,
  "summary_bg_n": 53297.0,
  "summary_bg_p05": 24.123809814453125,
  "summary_bg_p95": 198.77429504394527,
  "summary_bg_stdv": 85.58102416992188,
  "summary_fg_k": 2.5130580114766206,
  "summary_fg_mad": 162.57443237304688,
  "summary_fg_mean": 841.7802734375,
  "summary_fg_median": 821.3786010742188,
  "summary_fg_n": 48074.0,
  "summary_fg_p05": 565.5647857666015,
  "summary_fg_p95": 1204.935968017578,
  "summary_fg_stdv": 206.4971923828125,
  "tsnr": 41.6639518737793
}