{
  "aor": 0.005387809523809524,
  "aqi": 0.00851690042857143,
  "bids_meta": {
    "EchoTime": 0.03,
    "FlipAngle": 78,
    "MagneticFieldStrength": 3,
    "Manufacturer": "Siemens",
    "ManufacturersModelName": "TIM TRIO",
    "PulseSequenceType": "EPI",
    "RepetitionTime": 2.0,
    "TaskName": "face recognition",
    "modality": "bold",
    "run_id": "06",
    "session_id": "mri",
    "subject_id": "03",
    "task_id": "facerecognition"
  },
  "dummy_trs": 0,
  "dvars_nstd": 30.177537078516753,
  "dvars_std": 1.1504804863636362,
  "dvars_vstd": 1.032766972583732,
  "efc": 0.5890625633955204,
  "fber": 614.2550048828125,
  "fd_mean": 0.19776546869915324,
  "fd_num": 57,
  "fd_perc": 27.142857142857142,
  "fwhm_avg": 2.366320325527075,
  "fwhm_x": 2.3550166666666668,
  "fwhm_y": 2.73767,
  "fwhm_z": 2.006274309914557,
  "gcor": 0.0377608,
  "gsr_x": -0.00034474499989300966,
  "gsr_y": 0.04208441078662872,
  "provenance": {
    "md5sum": "4714e7bf80b42d13633005a5cbc6d400",
    "settings": {
      "fd_thres": 0.2,
      "hmc_fsl": false
    },
    "software": "mriqc",
    "version": "0.9.6"
  },
  "size_t": 210,
  "size_x": 64,
  "size_y": 64,
  "size_z": 33,
  "snr": 4.331209313155194,
  "spacing_tr": 2.0,
  "spacing_x": 3.0,
  "spacing_y": 3.0,
  "spacing_z": 3.9000000953674316,
  "summary_bg_k": 13.090782095408805,
  "summary_bg_mad": 11.048916816711426,
  "summary_bg_mean": 59.697349548339844,
  "summary_bg_median": 32.02857208251953,
  "summary_bg_n": 67320.0,
  "summary_bg_p05": 23.78095245361328,
  "summary_bg_p95": 206.54857559204095,
  "summary_bg_stdv": 67.92230987548828,
  "summary_fg_k": 2.240084605322669,
  "summary_fg_mad": 156.7181396484375,
  "summary_fg_mean": 848.5867309570312,
  "summary_fg_median": 847.3809814453125,
  "summary_fg_n": 35825.0,
  "summary_fg_p05": 543.1562133789063,
  "summary_fg_p95": 1161.8457519531248,
  "summary_fg_stdv": 195.6426239013672,
  "tsnr": 47.32502365112305
}