{
  "aor": 0.003432095238095238,
  "aqi": 0.006141926,
  "bids_meta": {
    "EchoTime": 0.03,
    "FlipAngle": 78,
    "MagneticFieldStrength": 3,
    "Manufacturer": "Siemens",
    "ManufacturersModelName": "TIM TRIO",
    "PulseSequenceType": "EPI",
    "RepetitionTime": 2.0,
    "TaskName": "face recognition",
    "modality": "bold",
    "run_id": "04",
    "session_id": "mri",
    "subject_id": "10",
    "task_id": "facerecognition"
  },
  "dummy_trs": 0,
  "dvars_nstd": 27.729796304641145,
  "dvars_std": 1.1973566814354069,
  "dvars_vstd": 1.0356492627272726,
  "efc": 0.588472663224469,
  "fber": 681.9848022460938,
  "fd_mean": 0.10584138460677944,
  "fd_num": 24,
  "fd_perc": 11.428571428571429,
  "fwhm_avg": 2.386744462882209,
  "fwhm_x": 2.3570131460147583,
  "fwhm_y": 2.775999779383359,
  "fwhm_z": 2.0272204632485105,
  "gcor": 0.0347134,
  "gsr_x": -0.009143729694187641,
  "gsr_y": 0.04566657543182373,
  "provenance": {
    "md5sum": "394a70a06b1bcc4ddb93de56fef73293",
    "settings": {
      "fd_thres": 0.2,
      "hmc_fsl": false
    },
    "software": "mriqc",
    "version": "0.9.6"
  },
  "size_t": 210,
  "size_x": 64,
  "size_y": 64,
  "size_z": 33,
  "snr": 3.951555848632834,
  "spacing_tr": 2.0,
  "spacing_x": 3.000000238418579,
  "spacing_y": 3.000000238418579,
  "spacing_z": 3.9000000953674316,
  "summary_bg_k": 63.746690277769034,
  "summary_bg_mad": 10.364096641540527,
  "summary_bg_mean": 57.902835845947266,
  "summary_bg_median": 30.361906051635742,
  "summary_bg_n": 64851.0,
  "summary_bg_p05": 22.08571434020996,
  "summary_bg_p95": 185.82620239257812,
  "summary_bg_stdv": 85.76905822753906,
  "summary_fg_k": 1.8646997711269702,
  "summary_fg_mad": 175.2647705078125,
  "summary_fg_mean": 855.90625,
  "summary_fg_median": 845.7047729492188,
  "summary_fg_n": 37878.0,
  "summary_fg_p05": 531.8754974365235,
  "summary_fg_p95": 1211.818853759766,
  "summary_fg_stdv": 214.01535034179688,
  "tsnr": 52.098915100097656
}