{
  "aor": 0.0009018095238095239,
  "aqi": 0.0069096394761904755,
  "bids_meta": {
    "EchoTime": 0.03,
    "FlipAngle": 78,
    "MagneticFieldStrength": 3,
    "Manufacturer": "Siemens",
    "ManufacturersModelName": "TIM TRIO",
    "PulseSequenceType": "EPI",
    "RepetitionTime": 2.0,
    "TaskName": "face recognition",
    "modality": "bold",
    "run_id": "06",
    "session_id": "mri",
    "subject_id": "09",
    "task_id": "facerecognition"
  },
  "dummy_trs": 0,
  "dvars_nstd": 25.088975158181814,
  "dvars_std": 1.039395685933014,
  "dvars_vstd": 0.9712875653588523,
  "efc": 0.6030655962315422,
  "fber": 667.6015014648438,
  "fd_mean": 0.14888928697214363,
  "fd_num": 46,
  "fd_perc": 21.904761904761905,
  "fwhm_avg": 2.341008373285158,
  "fwhm_x": 2.2311533333333333,
  "fwhm_y": 2.6861731198554737,
  "fwhm_z": 2.1056986666666666,
  "gcor": 0.0114847,
  "gsr_x": -0.012613709084689617,
  "gsr_y": 0.041573844850063324,
  "provenance": {
    "md5sum": "45af6f38ad159d68f8d2bf737a6d19ff",
    "settings": {
      "fd_thres": 0.2,
      "hmc_fsl": false
    },
    "software": "mriqc",
    "version": "0.9.6"
  },
  "size_t": 210,
  "size_x": 64,
  "size_y": 64,
  "size_z": 33,
  "snr": 4.1381498464093145,
  "spacing_tr": 2.0,
  "spacing_x": 3.0,
  "spacing_y": 3.000000238418579,
  "spacing_z": 3.75,
  "summary_bg_k": 63.40911934751364,
  "summary_bg_mad": 7.914271354675293,
  "summary_bg_mean": 50.04306411743164,
  "summary_bg_median": 28.285715103149414,
  "summary_bg_n": 62265.0,
  "summary_bg_p05": 22.21904754638672,
  "summary_bg_p95": 149.6095275878905,
  "summary_bg_stdv": 65.56864929199219,
  "summary_fg_k": 1.6643240333748484,
  "summary_fg_mad": 153.7246551513672,
  "summary_fg_mean": 785.8471069335938,
  "summary_fg_median": 781.7786254882812,
  "summary_fg_n": 40480.0,
  "summary_fg_p05": 483.40121307373045,
  "summary_fg_p95": 1098.021667480468,
  "summary_fg_stdv": 188.91751098632812,
  "tsnr": 53.74250411987305
}