{
  "aor": 0.0007314761904761906,
  "aqi": 0.009802666619047619,
  "bids_meta": {
    "EchoTime": 0.03,
    "FlipAngle": 78,
    "MagneticFieldStrength": 3,
    "Manufacturer": "Siemens",
    "ManufacturersModelName": "TIM TRIO",
    "PulseSequenceType": "EPI",
    "RepetitionTime": 2.0,
    "TaskName": "face recognition",
    "modality": "bold",
    "run_id": "07",
    "session_id": "mri",
    "subject_id": "08",
    "task_id": "facerecognition"
  },
  "dummy_trs": 0,
  "dvars_nstd": 25.15971147282297,
  "dvars_std": 1.1090866955980863,
  "dvars_vstd": 0.9645388213397122,
  "efc": 0.594056395753523,
  "fber": 699.40380859375,
  "fd_mean": 0.08351964224710759,
  "fd_num": 5,
  "fd_perc": 2.380952380952381,
  "fwhm_avg": 2.297712,
  "fwhm_x": 2.21306,
  "fwhm_y": 2.6067933333333335,
  "fwhm_z": 2.0732826666666666,
  "gcor": 0.0155148,
  "gsr_x": 0.0032252478413283825,
  "gsr_y": 0.024714967235922813,
  "provenance": {
    "md5sum": "3a367611e796f8e85a4a9c323072a8bc",
    "settings": {
      "fd_thres": 0.2,
      "hmc_fsl": false
    },
    "software": "mriqc",
    "version": "0.9.6"
  },
  "size_t": 210,
  "size_x": 64,
  "size_y": 64,
  "size_z": 33,
  "snr": 4.705755771605585,
  "spacing_tr": 2.0,
  "spacing_x": 3.0,
  "spacing_y": 3.0,
  "spacing_z": 3.75,
  "summary_bg_k": 26.631462165476865,
  "summary_bg_mad": 7.631871700286865,
  "summary_bg_mean": 51.90740966796875,
  "summary_bg_median": 27.076190948486328,
  "summary_bg_n": 66531.0,
  "summary_bg_p05": 21.28095245361328,
  "summary_bg_p95": 173.35476684570312,
  "summary_bg_stdv": 69.01654815673828,
  "summary_fg_k": 2.421053819152502,
  "summary_fg_mad": 129.8970947265625,
  "summary_fg_mean": 761.4300537109375,
  "summary_fg_median": 763.8143310546875,
  "summary_fg_n": 36673.0,
  "summary_fg_p05": 512.6885864257813,
  "summary_fg_p95": 1019.4438232421876,
  "summary_fg_stdv": 162.3126983642578,
  "tsnr": 50.575408935546875
}