{
  "bids_meta": {
    "EchoTime": 0.00298,
    "FlipAngle": 9,
    "InversionTime": 0.9,
    "MagneticFieldStrength": 3,
    "Manufacturer": "Siemens",
    "ManufacturersModelName": "TIM TRIO",
    "PulseSequenceType": "MPRAGE",
    "RepetitionTime": 2.25,
    "acq_id": "mprage",
    "modality": "T1w",
    "session_id": "mri",
    "subject_id": "14"
  },
  "cjv": 0.30981382709859684,
  "cnr": 4.287738873230022,
  "efc": 0.5891831509679413,
  "fber": 2737.790771484375,
  "fwhm_avg": 4.798253140896581,
  "fwhm_x": 4.8428294226897455,
  "fwhm_y": 5.08105,
  "fwhm_z": 4.47088,
  "icvs_csf": 0.22122052321134336,
  "icvs_gm": 0.4087844986421759,
  "icvs_wm": 0.3699949781464807,
  "inu_med": 0.873641312122345,
  "inu_range": 0.3054189085960388,
  "provenance": {
    "md5sum": "4c58e0b268197e1e9010c57ee71ffe9a",
    "mriqc_pred": 0,
    "settings": {
      "testing": false
    },
    "software": "mriqc",
    "version": "0.9.6",
    "warnings": {
      "large_rot_frame": true,
      "small_air_mask": false
    }
  },
  "qi_1": 0.0006007618964826711,
  "qi_2": 0.004041438336548392,
  "rpve_csf": 28.182537694961294,
  "rpve_gm": 15.564056136267881,
  "rpve_wm": 20.76410499132269,
  "size_x": 256,
  "size_y": 256,
  "size_z": 192,
  "snr_csf": 3.612238642429526,
  "snr_gm": 14.72316108081149,
  "snr_total": 15.083535499159249,
  "snr_wm": 26.915206774236726,
  "snrd_csf": 38.37741175807132,
  "snrd_gm": 76.9224838548387,
  "snrd_total": 73.46486300970709,
  "snrd_wm": 105.09469341621124,
  "spacing_x": 1.0000001192092896,
  "spacing_y": 1.0,
  "spacing_z": 1.0,
  "summary_bg_k": 5.906610077728908,
  "summary_bg_mad": 6.233813285827637,
  "summary_bg_mean": 13.957590103149414,
  "summary_bg_median": 12.420312881469727,
  "summary_bg_n": 2363694.0,
  "summary_bg_p05": 4.897026133537293,
  "summary_bg_p95": 28.247037696838383,
  "summary_bg_stdv": 7.546600341796875,
  "summary_csf_k": -0.3042922126830647,
  "summary_csf_mad": 103.4346923828125,
  "summary_csf_mean": 386.1877136230469,
  "summary_csf_median": 365.1722412109375,
  "summary_csf_n": 23332.0,
  "summary_csf_p05": 253.8517288208008,
  "summary_csf_p95": 573.6346588134766,
  "summary_csf_stdv": 101.09088897705078,
  "summary_gm_k": 0.09630250617706615,
  "summary_gm_mad": 49.316341400146484,
  "summary_gm_mean": 731.6307983398438,
  "summary_gm_median": 731.9398193359375,
  "summary_gm_n": 20564.0,
  "summary_gm_p05": 648.732046508789,
  "summary_gm_p95": 812.3763244628906,
  "summary_gm_stdv": 49.71228790283203,
  "summary_wm_k": 0.986694817150378,
  "summary_wm_mad": 33.73445129394531,
  "summary_wm_mean": 998.5142211914062,
  "summary_wm_median": 1000.006591796875,
  "summary_wm_n": 199342.0,
  "summary_wm_p05": 934.9476043701172,
  "summary_wm_p95": 1055.9794555664062,
  "summary_wm_stdv": 37.15386962890625,
  "tpm_overlap_csf": 0.23170870542526245,
  "tpm_overlap_gm": 0.5035001635551453,
  "tpm_overlap_wm": 0.5496020317077637,
  "wm2max": 0.6241390364167592
}