{
  "aor": 0.0026877619047619046,
  "aqi": 0.012384083285714284,
  "bids_meta": {
    "EchoTime": 0.03,
    "FlipAngle": 78,
    "MagneticFieldStrength": 3,
    "Manufacturer": "Siemens",
    "ManufacturersModelName": "TIM TRIO",
    "PulseSequenceType": "EPI",
    "RepetitionTime": 2.0,
    "TaskName": "face recognition",
    "modality": "bold",
    "run_id": "03",
    "session_id": "mri",
    "subject_id": "07",
    "task_id": "facerecognition"
  },
  "dummy_trs": 0,
  "dvars_nstd": 27.254605252200957,
  "dvars_std": 1.0692960188038283,
  "dvars_vstd": 0.9871268974641145,
  "efc": 0.5708447373983301,
  "fber": 701.1820068359375,
  "fd_mean": 0.12246022482226186,
  "fd_num": 17,
  "fd_perc": 8.095238095238095,
  "fwhm_avg": 2.404621480842685,
  "fwhm_x": 2.3349533333333334,
  "fwhm_y": 2.820316442528054,
  "fwhm_z": 2.0585946666666666,
  "gcor": 0.00912311,
  "gsr_x": -0.007667432073503733,
  "gsr_y": 0.03393704816699028,
  "provenance": {
    "md5sum": "fb7979208cb9cdb677d38dbaca8bc195",
    "settings": {
      "fd_thres": 0.2,
      "hmc_fsl": false
    },
    "software": "mriqc",
    "version": "0.9.6"
  },
  "size_t": 210,
  "size_x": 64,
  "size_y": 64,
  "size_z": 33,
  "snr": 4.650833658291489,
  "spacing_tr": 2.0,
  "spacing_x": 3.0,
  "spacing_y": 3.000000238418579,
  "spacing_z": 3.75,
  "summary_bg_k": 72.21633277331846,
  "summary_bg_mad": 6.812912464141846,
  "summary_bg_mean": 46.829185485839844,
  "summary_bg_median": 28.74285888671875,
  "summary_bg_n": 68277.0,
  "summary_bg_p05": 22.880952835083008,
  "summary_bg_p95": 127.48190917968748,
  "summary_bg_stdv": 56.56018829345703,
  "summary_fg_k": 2.3553451749752705,
  "summary_fg_mad": 139.23403930664062,
  "summary_fg_mean": 804.3563842773438,
  "summary_fg_median": 800.4976806640625,
  "summary_fg_n": 34890.0,
  "summary_fg_p05": 545.551953125,
  "summary_fg_p95": 1081.3828857421872,
  "summary_fg_stdv": 172.11671447753906,
  "tsnr": 45.59513473510742
}