{
  "aor": 0.0005081818181818182,
  "aqi": 0.004603966889952153,
  "bids_meta": {
    "EchoTime": 0.03,
    "FlipAngle": 78,
    "MagneticFieldStrength": 3,
    "Manufacturer": "Siemens",
    "ManufacturersModelName": "TIM TRIO",
    "PulseSequenceType": "EPI",
    "RepetitionTime": 2.0,
    "TaskName": "face recognition",
    "modality": "bold",
    "run_id": "03",
    "session_id": "mri",
    "subject_id": "13",
    "task_id": "facerecognition"
  },
  "dummy_trs": 1,
  "dvars_nstd": 24.61580458024039,
  "dvars_std": 1.157108355576923,
  "dvars_vstd": 1.000898795673077,
  "efc": 0.5715631846576326,
  "fber": 927.0094604492188,
  "fd_mean": 0.10340589182583172,
  "fd_num": 8,
  "fd_perc": 3.827751196172249,
  "fwhm_avg": 2.433611265307746,
  "fwhm_x": 2.35956,
  "fwhm_y": 2.88712,
  "fwhm_z": 2.0541537959232383,
  "gcor": 0.0311663,
  "gsr_x": -0.01477893628180027,
  "gsr_y": 0.03711741045117378,
  "provenance": {
    "md5sum": "3aca13724a63aa18ae8bb0cdafb97c4c",
    "settings": {
      "fd_thres": 0.2,
      "hmc_fsl": false
    },
    "software": "mriqc",
    "version": "0.9.6"
  },
  "size_t": 209,
  "size_x": 64,
  "size_y": 64,
  "size_z": 33,
  "snr": 4.5877112484980875,
  "spacing_tr": 2.0,
  "spacing_x": 3.0,
  "spacing_y": 3.0,
  "spacing_z": 3.9000000953674316,
  "summary_bg_k": 36.53022568988967,
  "summary_bg_mad": 6.043910026550293,
  "summary_bg_mean": 45.05693435668945,
  "summary_bg_median": 25.942583084106445,
  "summary_bg_n": 66897.0,
  "summary_bg_p05": 21.2918643951416,
  "summary_bg_p95": 135.02008666992165,
  "summary_bg_stdv": 56.28065872192383,
  "summary_fg_k": 2.1734857956290927,
  "summary_fg_mad": 150.15423583984375,
  "summary_fg_mean": 836.2385864257812,
  "summary_fg_median": 839.8827514648438,
  "summary_fg_n": 36172.0,
  "summary_fg_p05": 546.2014373779297,
  "summary_fg_p95": 1124.58486328125,
  "summary_fg_stdv": 183.0697479248047,
  "tsnr": 66.33576202392578
}