{
  "aor": 0.0034769047619047618,
  "aqi": 0.008883753904761905,
  "bids_meta": {
    "EchoTime": 0.03,
    "FlipAngle": 78,
    "MagneticFieldStrength": 3,
    "Manufacturer": "Siemens",
    "ManufacturersModelName": "TIM TRIO",
    "PulseSequenceType": "EPI",
    "RepetitionTime": 2.0,
    "TaskName": "face recognition",
    "modality": "bold",
    "run_id": "06",
    "session_id": "mri",
    "subject_id": "07",
    "task_id": "facerecognition"
  },
  "dummy_trs": 0,
  "dvars_nstd": 27.382264926650723,
  "dvars_std": 1.1213060912440191,
  "dvars_vstd": 1.0257692593301433,
  "efc": 0.568966499750321,
  "fber": 700.9776000976562,
  "fd_mean": 0.13965478263106323,
  "fd_num": 32,
  "fd_perc": 15.238095238095237,
  "fwhm_avg": 2.3678317044956834,
  "fwhm_x": 2.303663333333333,
  "fwhm_y": 2.7663064468203826,
  "fwhm_z": 2.0335253333333334,
  "gcor": 0.011612,
  "gsr_x": -0.005986750591546297,
  "gsr_y": 0.02766609936952591,
  "provenance": {
    "md5sum": "b52c04e3041e1cc05b61c40244c23195",
    "settings": {
      "fd_thres": 0.2,
      "hmc_fsl": false
    },
    "software": "mriqc",
    "version": "0.9.6"
  },
  "size_t": 210,
  "size_x": 64,
  "size_y": 64,
  "size_z": 33,
  "snr": 4.691444781376275,
  "spacing_tr": 2.0,
  "spacing_x": 3.0,
  "spacing_y": 3.000000238418579,
  "spacing_z": 3.75,
  "summary_bg_k": 76.23671140107406,
  "summary_bg_mad": 7.278872489929199,
  "summary_bg_mean": 46.468727111816406,
  "summary_bg_median": 28.69047737121582,
  "summary_bg_n": 68683.0,
  "summary_bg_p05": 22.28095245361328,
  "summary_bg_p95": 129.17048034667962,
  "summary_bg_stdv": 54.08353805541992,
  "summary_fg_k": 2.440029643842985,
  "summary_fg_mad": 138.3761749267578,
  "summary_fg_mean": 800.3617553710938,
  "summary_fg_median": 797.5476684570312,
  "summary_fg_n": 34447.0,
  "summary_fg_p05": 546.668115234375,
  "summary_fg_p95": 1074.259582519531,
  "summary_fg_stdv": 169.9979705810547,
  "tsnr": 52.21533966064453
}