{
  "aor": 0.0006435714285714286,
  "aqi": 0.004933742999999999,
  "bids_meta": {
    "EchoTime": 0.03,
    "FlipAngle": 78,
    "MagneticFieldStrength": 3,
    "Manufacturer": "Siemens",
    "ManufacturersModelName": "TIM TRIO",
    "PulseSequenceType": "EPI",
    "RepetitionTime": 2.0,
    "TaskName": "face recognition",
    "modality": "bold",
    "run_id": "06",
    "session_id": "mri",
    "subject_id": "05",
    "task_id": "facerecognition"
  },
  "dummy_trs": 0,
  "dvars_nstd": 26.11786338626796,
  "dvars_std": 1.1631556392822964,
  "dvars_vstd": 1.0126909644976083,
  "efc": 0.5809428503121549,
  "fber": 799.1594848632812,
  "fd_mean": 0.07289094125211014,
  "fd_num": 1,
  "fd_perc": 0.47619047619047616,
  "fwhm_avg": 2.3767025929154175,
  "fwhm_x": 2.306696666666667,
  "fwhm_y": 2.7840164454129184,
  "fwhm_z": 2.039394666666667,
  "gcor": 0.0215562,
  "gsr_x": -0.01530013233423233,
  "gsr_y": 0.035532645881175995,
  "provenance": {
    "md5sum": "876ddc2c011c500aef891d60df9e5f29",
    "settings": {
      "fd_thres": 0.2,
      "hmc_fsl": false
    },
    "software": "mriqc",
    "version": "0.9.6"
  },
  "size_t": 210,
  "size_x": 64,
  "size_y": 64,
  "size_z": 33,
  "snr": 4.36611287781114,
  "spacing_tr": 2.0,
  "spacing_x": 3.0,
  "spacing_y": 3.000000238418579,
  "spacing_z": 3.75,
  "summary_bg_k": 70.39017274976331,
  "summary_bg_mad": 6.481091022491455,
  "summary_bg_mean": 45.8106689453125,
  "summary_bg_median": 27.195240020751953,
  "summary_bg_n": 65483.0,
  "summary_bg_p05": 22.204763412475586,
  "summary_bg_p95": 122.05190734863278,
  "summary_bg_stdv": 63.823524475097656,
  "summary_fg_k": 2.1441477678538385,
  "summary_fg_mad": 151.64195251464844,
  "summary_fg_mean": 819.1079711914062,
  "summary_fg_median": 818.1095581054688,
  "summary_fg_n": 37335.0,
  "summary_fg_p05": 531.3871704101563,
  "summary_fg_p95": 1119.11533203125,
  "summary_fg_stdv": 187.3745880126953,
  "tsnr": 65.47063446044922
}