{
  "bids_meta": {
    "EchoTime": 0.00298,
    "FlipAngle": 9,
    "InversionTime": 0.9,
    "MagneticFieldStrength": 3,
    "Manufacturer": "Siemens",
    "ManufacturersModelName": "TIM TRIO",
    "PulseSequenceType": "MPRAGE",
    "RepetitionTime": 2.25,
    "acq_id": "mprage",
    "modality": "T1w",
    "session_id": "mri",
    "subject_id": "12"
  },
  "cjv": 0.31308528280461534,
  "cnr": 4.154794066544429,
  "efc": 0.6065834987679719,
  "fber": 2238.76904296875,
  "fwhm_avg": 4.933827460667671,
  "fwhm_x": 4.995422382003013,
  "fwhm_y": 5.226,
  "fwhm_z": 4.58006,
  "icvs_csf": 0.23260064813447928,
  "icvs_gm": 0.3992975875063363,
  "icvs_wm": 0.3681017643591844,
  "inu_med": 0.8906441926956177,
  "inu_range": 0.2864698380231857,
  "provenance": {
    "md5sum": "9b701bc3b894395fbf59cf9ecbb2a33c",
    "mriqc_pred": 0,
    "settings": {
      "testing": false
    },
    "software": "mriqc",
    "version": "0.9.6",
    "warnings": {
      "large_rot_frame": true,
      "small_air_mask": false
    }
  },
  "qi_1": 0.000503192482770126,
  "qi_2": 0.005494181752931434,
  "rpve_csf": 26.39808455514089,
  "rpve_gm": 15.253750788135624,
  "rpve_wm": 19.993086175709973,
  "size_x": 256,
  "size_y": 256,
  "size_z": 192,
  "snr_csf": 4.218629231918934,
  "snr_gm": 13.939583807547951,
  "snr_total": 15.349353644852329,
  "snr_wm": 27.889847895090103,
  "snrd_csf": 40.87362456658752,
  "snrd_gm": 81.67906945631267,
  "snrd_total": 77.95258747768229,
  "snrd_wm": 111.30506841014663,
  "spacing_x": 0.9999995231628418,
  "spacing_y": 1.0,
  "spacing_z": 1.0,
  "summary_bg_k": 3.83519550632261,
  "summary_bg_mad": 5.88596248626709,
  "summary_bg_mean": 13.548531532287598,
  "summary_bg_median": 12.283485412597656,
  "summary_bg_n": 1658144.0,
  "summary_bg_p05": 4.999356985092164,
  "summary_bg_p95": 26.385959529876697,
  "summary_bg_stdv": 6.877882957458496,
  "summary_csf_k": 0.32882276811725,
  "summary_csf_mad": 78.60895538330078,
  "summary_csf_mean": 383.08642578125,
  "summary_csf_median": 367.2221984863281,
  "summary_csf_n": 36763.0,
  "summary_csf_p05": 268.81885681152346,
  "summary_csf_p95": 555.6054260253907,
  "summary_csf_stdv": 87.04656982421875,
  "summary_gm_k": 0.1305586177234388,
  "summary_gm_mad": 51.38025665283203,
  "summary_gm_mean": 732.923583984375,
  "summary_gm_median": 733.8318481445312,
  "summary_gm_n": 16627.0,
  "summary_gm_p05": 645.4633911132812,
  "summary_gm_p95": 818.8252746582032,
  "summary_gm_stdv": 52.64215850830078,
  "summary_wm_k": 0.9588612938235364,
  "summary_wm_mad": 31.953590393066406,
  "summary_wm_mean": 998.4921875,
  "summary_wm_median": 1000.0016479492188,
  "summary_wm_n": 214229.0,
  "summary_wm_p05": 936.4367919921874,
  "summary_wm_p95": 1053.9266357421875,
  "summary_wm_stdv": 35.855316162109375,
  "tpm_overlap_csf": 0.24334511160850525,
  "tpm_overlap_gm": 0.5074775218963623,
  "tpm_overlap_wm": 0.5815324783325195,
  "wm2max": 0.6345907640459091
}