{
  "aor": 0.0018182380952380954,
  "aqi": 0.005618574904761905,
  "bids_meta": {
    "EchoTime": 0.03,
    "FlipAngle": 78,
    "MagneticFieldStrength": 3,
    "Manufacturer": "Siemens",
    "ManufacturersModelName": "TIM TRIO",
    "PulseSequenceType": "EPI",
    "RepetitionTime": 2.0,
    "TaskName": "face recognition",
    "modality": "bold",
    "run_id": "09",
    "session_id": "mri",
    "subject_id": "08",
    "task_id": "facerecognition"
  },
  "dummy_trs": 0,
  "dvars_nstd": 24.747532264976066,
  "dvars_std": 1.176616008277512,
  "dvars_vstd": 1.02438379909091,
  "efc": 0.594733979990019,
  "fber": 696.0028686523438,
  "fd_mean": 0.09184989855634801,
  "fd_num": 8,
  "fd_perc": 3.8095238095238093,
  "fwhm_avg": 2.271372888888889,
  "fwhm_x": 2.191046666666667,
  "fwhm_y": 2.5762533333333333,
  "fwhm_z": 2.0468186666666663,
  "gcor": 0.0185649,
  "gsr_x": 0.0023655067197978497,
  "gsr_y": 0.02499176748096943,
  "provenance": {
    "md5sum": "3860b3445d344c51552c979f6f3aebef",
    "settings": {
      "fd_thres": 0.2,
      "hmc_fsl": false
    },
    "software": "mriqc",
    "version": "0.9.6"
  },
  "size_t": 210,
  "size_x": 64,
  "size_y": 64,
  "size_z": 33,
  "snr": 4.7650624194821365,
  "spacing_tr": 2.0,
  "spacing_x": 3.0,
  "spacing_y": 3.0,
  "spacing_z": 3.75,
  "summary_bg_k": 27.545176397548627,
  "summary_bg_mad": 7.984870910644531,
  "summary_bg_mean": 52.943328857421875,
  "summary_bg_median": 27.261905670166016,
  "summary_bg_n": 66678.0,
  "summary_bg_p05": 21.24761962890625,
  "summary_bg_p95": 179.31523971557593,
  "summary_bg_stdv": 70.67689514160156,
  "summary_fg_k": 2.470031595398317,
  "summary_fg_mad": 129.5653533935547,
  "summary_fg_mean": 766.1515502929688,
  "summary_fg_median": 767.0905151367188,
  "summary_fg_n": 36541.0,
  "summary_fg_p05": 521.3619384765625,
  "summary_fg_p95": 1022.8048095703125,
  "summary_fg_stdv": 160.9800567626953,
  "tsnr": 65.4841079711914
}