{
  "aor": 0.0022006698564593303,
  "aqi": 0.010488276842105263,
  "bids_meta": {
    "EchoTime": 0.03,
    "FlipAngle": 78,
    "MagneticFieldStrength": 3,
    "Manufacturer": "Siemens",
    "ManufacturersModelName": "TIM TRIO",
    "PulseSequenceType": "EPI",
    "RepetitionTime": 2.0,
    "TaskName": "face recognition",
    "modality": "bold",
    "run_id": "09",
    "session_id": "mri",
    "subject_id": "14",
    "task_id": "facerecognition"
  },
  "dummy_trs": 1,
  "dvars_nstd": 27.185305045673054,
  "dvars_std": 1.1311973345192299,
  "dvars_vstd": 0.9718061038461543,
  "efc": 0.5693098727989111,
  "fber": 816.162353515625,
  "fd_mean": 0.15261312106124802,
  "fd_num": 39,
  "fd_perc": 18.660287081339714,
  "fwhm_avg": 2.4113244444444444,
  "fwhm_x": 2.3743066666666666,
  "fwhm_y": 2.78716,
  "fwhm_z": 2.0725066666666665,
  "gcor": 0.0110849,
  "gsr_x": -0.006546315737068653,
  "gsr_y": 0.03797297179698944,
  "provenance": {
    "md5sum": "0390689f6e00d577e72c94146026fa20",
    "settings": {
      "fd_thres": 0.2,
      "hmc_fsl": false
    },
    "software": "mriqc",
    "version": "0.9.6"
  },
  "size_t": 209,
  "size_x": 64,
  "size_y": 64,
  "size_z": 33,
  "snr": 4.4176420510845,
  "spacing_tr": 2.0,
  "spacing_x": 3.0,
  "spacing_y": 3.0,
  "spacing_z": 3.75,
  "summary_bg_k": 73.70187992681012,
  "summary_bg_mad": 7.824450492858887,
  "summary_bg_mean": 46.17655944824219,
  "summary_bg_median": 27.086122512817383,
  "summary_bg_n": 68313.0,
  "summary_bg_p05": 21.07176971435547,
  "summary_bg_p95": 131.80573425292965,
  "summary_bg_stdv": 57.34860610961914,
  "summary_fg_k": 2.074933451312428,
  "summary_fg_mad": 150.60818481445312,
  "summary_fg_mean": 818.8176879882812,
  "summary_fg_median": 819.3779907226562,
  "summary_fg_n": 35039.0,
  "summary_fg_p05": 526.8488098144531,
  "summary_fg_p95": 1113.799926757812,
  "summary_fg_stdv": 185.47593688964844,
  "tsnr": 47.494144439697266
}