{
  "aor": 0.0020856190476190475,
  "aqi": 0.006933674476190476,
  "bids_meta": {
    "EchoTime": 0.03,
    "FlipAngle": 78,
    "MagneticFieldStrength": 3,
    "Manufacturer": "Siemens",
    "ManufacturersModelName": "TIM TRIO",
    "PulseSequenceType": "EPI",
    "RepetitionTime": 2.0,
    "TaskName": "face recognition",
    "modality": "bold",
    "run_id": "09",
    "session_id": "mri",
    "subject_id": "04",
    "task_id": "facerecognition"
  },
  "dummy_trs": 0,
  "dvars_nstd": 28.694974981578934,
  "dvars_std": 1.1840667338755975,
  "dvars_vstd": 1.016515779473684,
  "efc": 0.5890587412695908,
  "fber": 666.8285522460938,
  "fd_mean": 0.1493750271090899,
  "fd_num": 36,
  "fd_perc": 17.142857142857142,
  "fwhm_avg": 2.4120445988636035,
  "fwhm_x": 2.4140099999999998,
  "fwhm_y": 2.79527,
  "fwhm_z": 2.0268537965908098,
  "gcor": 0.0198436,
  "gsr_x": -0.0060180057771503925,
  "gsr_y": 0.01740148849785328,
  "provenance": {
    "md5sum": "0d1501b0f6e803b01ce464411d179975",
    "settings": {
      "fd_thres": 0.2,
      "hmc_fsl": false
    },
    "software": "mriqc",
    "version": "0.9.6"
  },
  "size_t": 210,
  "size_x": 64,
  "size_y": 64,
  "size_z": 33,
  "snr": 4.362380182598859,
  "spacing_tr": 2.0,
  "spacing_x": 3.0,
  "spacing_y": 3.0,
  "spacing_z": 3.9000000953674316,
  "summary_bg_k": 59.02777396225259,
  "summary_bg_mad": 10.095813751220703,
  "summary_bg_mean": 50.7183723449707,
  "summary_bg_median": 30.738096237182617,
  "summary_bg_n": 63471.0,
  "summary_bg_p05": 23.038095474243164,
  "summary_bg_p95": 133.8976287841797,
  "summary_bg_stdv": 64.77471923828125,
  "summary_fg_k": 1.9520065963569087,
  "summary_fg_mad": 157.9677276611328,
  "summary_fg_mean": 848.9016723632812,
  "summary_fg_median": 853.376220703125,
  "summary_fg_n": 38013.0,
  "summary_fg_p05": 521.005712890625,
  "summary_fg_p95": 1154.296240234375,
  "summary_fg_stdv": 195.61912536621094,
  "tsnr": 55.130836486816406
}