{
  "aor": 0.0009843809523809525,
  "aqi": 0.004642092380952381,
  "bids_meta": {
    "EchoTime": 0.03,
    "FlipAngle": 78,
    "MagneticFieldStrength": 3,
    "Manufacturer": "Siemens",
    "ManufacturersModelName": "TIM TRIO",
    "PulseSequenceType": "EPI",
    "RepetitionTime": 2.0,
    "TaskName": "face recognition",
    "modality": "bold",
    "run_id": "02",
    "session_id": "mri",
    "subject_id": "15",
    "task_id": "facerecognition"
  },
  "dummy_trs": 0,
  "dvars_nstd": 23.707140598708122,
  "dvars_std": 1.0550922150239237,
  "dvars_vstd": 0.9965262721052632,
  "efc": 0.587107939436653,
  "fber": 612.920654296875,
  "fd_mean": 0.10602367942489617,
  "fd_num": 5,
  "fd_perc": 2.380952380952381,
  "fwhm_avg": 2.3300981272242227,
  "fwhm_x": 2.3184431490800264,
  "fwhm_y": 2.6492666666666667,
  "fwhm_z": 2.0225845659259756,
  "gcor": 0.0204167,
  "gsr_x": -0.002219589427113533,
  "gsr_y": 0.031098440289497375,
  "provenance": {
    "md5sum": "a457d4bc165be51453693472735fe5ea",
    "settings": {
      "fd_thres": 0.2,
      "hmc_fsl": false
    },
    "software": "mriqc",
    "version": "0.9.6"
  },
  "size_t": 210,
  "size_x": 64,
  "size_y": 64,
  "size_z": 33,
  "snr": 3.826232600103365,
  "spacing_tr": 2.0,
  "spacing_x": 3.000000238418579,
  "spacing_y": 3.0,
  "spacing_z": 3.9000000953674316,
  "summary_bg_k": 36.82987021896136,
  "summary_bg_mad": 9.67221450805664,
  "summary_bg_mean": 54.66477966308594,
  "summary_bg_median": 30.400001525878906,
  "summary_bg_n": 65648.0,
  "summary_bg_p05": 23.004762649536133,
  "summary_bg_p95": 184.2116706848141,
  "summary_bg_stdv": 67.06517791748047,
  "summary_fg_k": 1.468191585044326,
  "summary_fg_mad": 166.31265258789062,
  "summary_fg_mean": 825.5018920898438,
  "summary_fg_median": 810.9761962890625,
  "summary_fg_n": 36682.0,
  "summary_fg_p05": 509.5702529907227,
  "summary_fg_p95": 1211.5839050292968,
  "summary_fg_stdv": 211.94873046875,
  "tsnr": 59.237648010253906
}