{
  "aor": 0.0014902392344497608,
  "aqi": 0.004239089043062201,
  "bids_meta": {
    "EchoTime": 0.03,
    "FlipAngle": 78,
    "MagneticFieldStrength": 3,
    "Manufacturer": "Siemens",
    "ManufacturersModelName": "TIM TRIO",
    "PulseSequenceType": "EPI",
    "RepetitionTime": 2.0,
    "TaskName": "face recognition",
    "modality": "bold",
    "run_id": "09",
    "session_id": "mri",
    "subject_id": "15",
    "task_id": "facerecognition"
  },
  "dummy_trs": 1,
  "dvars_nstd": 23.878933603701917,
  "dvars_std": 1.079560202451923,
  "dvars_vstd": 1.0193334905769231,
  "efc": 0.5873164701307549,
  "fber": 602.1799926757812,
  "fd_mean": 0.10516300086972243,
  "fd_num": 6,
  "fd_perc": 2.8708133971291865,
  "fwhm_avg": 2.3411041947179805,
  "fwhm_x": 2.3590431458534287,
  "fwhm_y": 2.66539,
  "fwhm_z": 1.9988794383005133,
  "gcor": 0.0132409,
  "gsr_x": 0.0027684757951647043,
  "gsr_y": 0.035276491194963455,
  "provenance": {
    "md5sum": "c166705822997eb05eb1d9cce3d98b6c",
    "settings": {
      "fd_thres": 0.2,
      "hmc_fsl": false
    },
    "software": "mriqc",
    "version": "0.9.6"
  },
  "size_t": 209,
  "size_x": 64,
  "size_y": 64,
  "size_z": 33,
  "snr": 3.728062276576223,
  "spacing_tr": 2.0,
  "spacing_x": 3.000000238418579,
  "spacing_y": 3.0,
  "spacing_z": 3.9000000953674316,
  "summary_bg_k": 15.886653617297185,
  "summary_bg_mad": 10.952813148498535,
  "summary_bg_mean": 56.835594177246094,
  "summary_bg_median": 31.205739974975586,
  "summary_bg_n": 66411.0,
  "summary_bg_p05": 22.4401912689209,
  "summary_bg_p95": 197.53826904296875,
  "summary_bg_stdv": 67.4969482421875,
  "summary_fg_k": 1.5218868576159261,
  "summary_fg_mad": 172.03863525390625,
  "summary_fg_mean": 836.3017578125,
  "summary_fg_median": 822.153076171875,
  "summary_fg_n": 36748.0,
  "summary_fg_p05": 504.4899429321289,
  "summary_fg_p95": 1237.7456604003908,
  "summary_fg_stdv": 220.52793884277344,
  "tsnr": 61.46495819091797
}