{
  "aor": 0.0033353809523809525,
  "aqi": 0.012238352904761905,
  "bids_meta": {
    "EchoTime": 0.03,
    "FlipAngle": 78,
    "MagneticFieldStrength": 3,
    "Manufacturer": "Siemens",
    "ManufacturersModelName": "TIM TRIO",
    "PulseSequenceType": "EPI",
    "RepetitionTime": 2.0,
    "TaskName": "face recognition",
    "modality": "bold",
    "run_id": "07",
    "session_id": "mri",
    "subject_id": "04",
    "task_id": "facerecognition"
  },
  "dummy_trs": 0,
  "dvars_nstd": 29.66897827598087,
  "dvars_std": 1.1609807327751192,
  "dvars_vstd": 1.0100926287081338,
  "efc": 0.5886489868868404,
  "fber": 668.0475463867188,
  "fd_mean": 0.16926096625874013,
  "fd_num": 46,
  "fd_perc": 21.904761904761905,
  "fwhm_avg": 2.427020325185545,
  "fwhm_x": 2.419993333333333,
  "fwhm_y": 2.8128933333333332,
  "fwhm_z": 2.048174308889968,
  "gcor": 0.0184489,
  "gsr_x": -0.005852833855897188,
  "gsr_y": 0.016459152102470398,
  "provenance": {
    "md5sum": "11ab27effe02fb25d1bc4890566b6c67",
    "settings": {
      "fd_thres": 0.2,
      "hmc_fsl": false
    },
    "software": "mriqc",
    "version": "0.9.6"
  },
  "size_t": 210,
  "size_x": 64,
  "size_y": 64,
  "size_z": 33,
  "snr": 4.38399554347556,
  "spacing_tr": 2.0,
  "spacing_x": 3.0,
  "spacing_y": 3.0,
  "spacing_z": 3.9000000953674316,
  "summary_bg_k": 60.440906604486244,
  "summary_bg_mad": 10.032275199890137,
  "summary_bg_mean": 50.14359664916992,
  "summary_bg_median": 30.77142906188965,
  "summary_bg_n": 63621.0,
  "summary_bg_p05": 22.985715866088867,
  "summary_bg_p95": 131.04286193847656,
  "summary_bg_stdv": 63.14065170288086,
  "summary_fg_k": 1.9132321859382522,
  "summary_fg_mad": 156.77459716796875,
  "summary_fg_mean": 847.66162109375,
  "summary_fg_median": 852.0452880859375,
  "summary_fg_n": 37884.0,
  "summary_fg_p05": 521.676693725586,
  "summary_fg_p95": 1148.5796264648438,
  "summary_fg_stdv": 194.3510284423828,
  "tsnr": 42.429691314697266
}