{
  "aor": 0.0009464761904761904,
  "aqi": 0.0053718049999999995,
  "bids_meta": {
    "EchoTime": 0.03,
    "FlipAngle": 78,
    "MagneticFieldStrength": 3,
    "Manufacturer": "Siemens",
    "ManufacturersModelName": "TIM TRIO",
    "PulseSequenceType": "EPI",
    "RepetitionTime": 2.0,
    "TaskName": "face recognition",
    "modality": "bold",
    "run_id": "05",
    "session_id": "mri",
    "subject_id": "13",
    "task_id": "facerecognition"
  },
  "dummy_trs": 0,
  "dvars_nstd": 24.763721493540658,
  "dvars_std": 1.1624217355980866,
  "dvars_vstd": 1.0060281924401913,
  "efc": 0.5709707551385395,
  "fber": 930.4475708007812,
  "fd_mean": 0.11993048929346468,
  "fd_num": 30,
  "fd_perc": 14.285714285714286,
  "fwhm_avg": 2.4302861371030153,
  "fwhm_x": 2.35364,
  "fwhm_y": 2.8831133333333336,
  "fwhm_z": 2.0541050779757115,
  "gcor": 0.0312388,
  "gsr_x": -0.014416252262890339,
  "gsr_y": 0.03604903072118759,
  "provenance": {
    "md5sum": "b01ec996c2e484d1f5ad9fcf1080971b",
    "settings": {
      "fd_thres": 0.2,
      "hmc_fsl": false
    },
    "software": "mriqc",
    "version": "0.9.6"
  },
  "size_t": 210,
  "size_x": 64,
  "size_y": 64,
  "size_z": 33,
  "snr": 4.559234164818404,
  "spacing_tr": 2.0,
  "spacing_x": 3.0,
  "spacing_y": 3.0,
  "spacing_z": 3.9000000953674316,
  "summary_bg_k": 37.752565920382736,
  "summary_bg_mad": 6.37518835067749,
  "summary_bg_mean": 45.45832824707031,
  "summary_bg_median": 26.123809814453125,
  "summary_bg_n": 67083.0,
  "summary_bg_p05": 21.100000381469727,
  "summary_bg_p95": 138.9171478271483,
  "summary_bg_stdv": 56.41212463378906,
  "summary_fg_k": 2.1935849407763337,
  "summary_fg_mad": 151.5431365966797,
  "summary_fg_mean": 842.8565673828125,
  "summary_fg_median": 846.5714721679688,
  "summary_fg_n": 36107.0,
  "summary_fg_p05": 548.091943359375,
  "summary_fg_p95": 1133.227685546875,
  "summary_fg_stdv": 185.6802520751953,
  "tsnr": 62.110225677490234
}