{
  "aor": 0.0013936190476190478,
  "aqi": 0.007985088285714287,
  "bids_meta": {
    "EchoTime": 0.03,
    "FlipAngle": 78,
    "MagneticFieldStrength": 3,
    "Manufacturer": "Siemens",
    "ManufacturersModelName": "TIM TRIO",
    "PulseSequenceType": "EPI",
    "RepetitionTime": 2.0,
    "TaskName": "face recognition",
    "modality": "bold",
    "run_id": "08",
    "session_id": "mri",
    "subject_id": "11",
    "task_id": "facerecognition"
  },
  "dummy_trs": 0,
  "dvars_nstd": 23.611357346985645,
  "dvars_std": 1.1341657342105258,
  "dvars_vstd": 1.0065683623923445,
  "efc": 0.5699352400502802,
  "fber": 905.9817504882812,
  "fd_mean": 0.10842280006824331,
  "fd_num": 7,
  "fd_perc": 3.3333333333333335,
  "fwhm_avg": 2.3982237777777775,
  "fwhm_x": 2.3259333333333334,
  "fwhm_y": 2.7949566666666663,
  "fwhm_z": 2.0737813333333333,
  "gcor": 0.0177838,
  "gsr_x": -0.01065125036984682,
  "gsr_y": 0.027709631249308586,
  "provenance": {
    "md5sum": "b7678f516fb28618596e821d90a21132",
    "settings": {
      "fd_thres": 0.2,
      "hmc_fsl": false
    },
    "software": "mriqc",
    "version": "0.9.6"
  },
  "size_t": 210,
  "size_x": 64,
  "size_y": 64,
  "size_z": 33,
  "snr": 4.909602459505277,
  "spacing_tr": 2.0,
  "spacing_x": 3.0,
  "spacing_y": 3.0,
  "spacing_z": 3.75,
  "summary_bg_k": 38.632258506117594,
  "summary_bg_mad": 6.4175496101379395,
  "summary_bg_mean": 44.665924072265625,
  "summary_bg_median": 26.038095474243164,
  "summary_bg_n": 68391.0,
  "summary_bg_p05": 21.08095359802246,
  "summary_bg_p95": 122.53571701049805,
  "summary_bg_stdv": 57.7885856628418,
  "summary_fg_k": 3.0461727949766333,
  "summary_fg_mad": 131.42919921875,
  "summary_fg_mean": 825.3107299804688,
  "summary_fg_median": 830.2976684570312,
  "summary_fg_n": 35198.0,
  "summary_fg_p05": 559.6869201660156,
  "summary_fg_p95": 1088.124853515625,
  "summary_fg_stdv": 169.11468505859375,
  "tsnr": 58.985435485839844
}