{
  "aor": 0.010308904761904764,
  "aqi": 0.019251895904761906,
  "bids_meta": {
    "EchoTime": 0.03,
    "FlipAngle": 78,
    "MagneticFieldStrength": 3,
    "Manufacturer": "Siemens",
    "ManufacturersModelName": "TIM TRIO",
    "PulseSequenceType": "EPI",
    "RepetitionTime": 2.0,
    "TaskName": "face recognition",
    "modality": "bold",
    "run_id": "07",
    "session_id": "mri",
    "subject_id": "07",
    "task_id": "facerecognition"
  },
  "dummy_trs": 0,
  "dvars_nstd": 29.035771475023935,
  "dvars_std": 1.0429696336842105,
  "dvars_vstd": 0.9812242279904309,
  "efc": 0.5691525473507193,
  "fber": 700.7008056640625,
  "fd_mean": 0.17845126728790098,
  "fd_num": 37,
  "fd_perc": 17.61904761904762,
  "fwhm_avg": 2.368274148761225,
  "fwhm_x": 2.298973333333333,
  "fwhm_y": 2.773059779617009,
  "fwhm_z": 2.032789333333333,
  "gcor": 0.0187655,
  "gsr_x": -0.0046784901060163975,
  "gsr_y": 0.028516456484794617,
  "provenance": {
    "md5sum": "1f10d45acdfd616f40899d10a12e2345",
    "settings": {
      "fd_thres": 0.2,
      "hmc_fsl": false
    },
    "software": "mriqc",
    "version": "0.9.6"
  },
  "size_t": 210,
  "size_x": 64,
  "size_y": 64,
  "size_z": 33,
  "snr": 4.812639164198249,
  "spacing_tr": 2.0,
  "spacing_x": 3.0,
  "spacing_y": 3.000000238418579,
  "spacing_z": 3.75,
  "summary_bg_k": 42.100372050735885,
  "summary_bg_mad": 6.534039497375488,
  "summary_bg_mean": 45.40085220336914,
  "summary_bg_median": 28.626190185546875,
  "summary_bg_n": 68870.0,
  "summary_bg_p05": 23.428571701049805,
  "summary_bg_p95": 125.10571899414055,
  "summary_bg_stdv": 46.95525360107422,
  "summary_fg_k": 2.281587938724253,
  "summary_fg_mad": 136.24765014648438,
  "summary_fg_mean": 803.46044921875,
  "summary_fg_median": 799.1095581054688,
  "summary_fg_n": 34326.0,
  "summary_fg_p05": 559.7833404541016,
  "summary_fg_p95": 1073.4309692382812,
  "summary_fg_stdv": 166.04151916503906,
  "tsnr": 35.30914306640625
}