{
  "aor": 0.005587033492822966,
  "aqi": 0.015955153397129187,
  "bids_meta": {
    "EchoTime": 0.03,
    "FlipAngle": 78,
    "MagneticFieldStrength": 3,
    "Manufacturer": "Siemens",
    "ManufacturersModelName": "TIM TRIO",
    "PulseSequenceType": "EPI",
    "RepetitionTime": 2.0,
    "TaskName": "face recognition",
    "modality": "bold",
    "run_id": "08",
    "session_id": "mri",
    "subject_id": "10",
    "task_id": "facerecognition"
  },
  "dummy_trs": 1,
  "dvars_nstd": 31.96660595639423,
  "dvars_std": 1.0618293827884615,
  "dvars_vstd": 0.9718010676442301,
  "efc": 0.5880292404088973,
  "fber": 672.4994506835938,
  "fd_mean": 0.22613764421196864,
  "fd_num": 49,
  "fd_perc": 23.444976076555022,
  "fwhm_avg": 2.410719333106456,
  "fwhm_x": 2.390286476703765,
  "fwhm_y": 2.796399777762113,
  "fwhm_z": 2.0454717448534905,
  "gcor": 0.0269352,
  "gsr_x": -0.007465497590601444,
  "gsr_y": 0.04804530367255211,
  "provenance": {
    "md5sum": "f9a970166e2c58cf6b730bcda94d2445",
    "settings": {
      "fd_thres": 0.2,
      "hmc_fsl": false
    },
    "software": "mriqc",
    "version": "0.9.6"
  },
  "size_t": 209,
  "size_x": 64,
  "size_y": 64,
  "size_z": 33,
  "snr": 3.94412998994778,
  "spacing_tr": 2.0,
  "spacing_x": 3.000000238418579,
  "spacing_y": 3.000000238418579,
  "spacing_z": 3.9000000953674316,
  "summary_bg_k": 67.89942647024913,
  "summary_bg_mad": 11.066313743591309,
  "summary_bg_mean": 58.06018829345703,
  "summary_bg_median": 30.995214462280273,
  "summary_bg_n": 65275.0,
  "summary_bg_p05": 22.583730697631836,
  "summary_bg_p95": 179.10334930419918,
  "summary_bg_stdv": 84.63775634765625,
  "summary_fg_k": 1.824983264273981,
  "summary_fg_mad": 174.8831787109375,
  "summary_fg_mean": 862.44921875,
  "summary_fg_median": 853.8755493164062,
  "summary_fg_n": 37757.0,
  "summary_fg_p05": 530.0325317382812,
  "summary_fg_p95": 1221.1367919921875,
  "summary_fg_stdv": 216.48988342285156,
  "tsnr": 33.392704010009766
}