{
  "aor": 0.0011125000000000002,
  "aqi": 0.006295921153846154,
  "bids_meta": {
    "EchoTime": 0.03,
    "FlipAngle": 78,
    "MagneticFieldStrength": 3,
    "Manufacturer": "Siemens",
    "ManufacturersModelName": "TIM TRIO",
    "PulseSequenceType": "EPI",
    "RepetitionTime": 2.0,
    "TaskName": "face recognition",
    "modality": "bold",
    "run_id": "09",
    "session_id": "mri",
    "subject_id": "11",
    "task_id": "facerecognition"
  },
  "dummy_trs": 2,
  "dvars_nstd": 23.072267652077286,
  "dvars_std": 1.121784399903382,
  "dvars_vstd": 1.0007896054106273,
  "efc": 0.5698663293680782,
  "fber": 914.0062255859375,
  "fd_mean": 0.09884839754162042,
  "fd_num": 8,
  "fd_perc": 3.8461538461538463,
  "fwhm_avg": 2.392932,
  "fwhm_x": 2.3213833333333334,
  "fwhm_y": 2.8018366666666665,
  "fwhm_z": 2.055576,
  "gcor": 0.0157299,
  "gsr_x": -0.009074986912310123,
  "gsr_y": 0.028463708236813545,
  "provenance": {
    "md5sum": "c3a9a62dd379fe1e4da33b1b1d1f8c57",
    "settings": {
      "fd_thres": 0.2,
      "hmc_fsl": false
    },
    "software": "mriqc",
    "version": "0.9.6"
  },
  "size_t": 208,
  "size_x": 64,
  "size_y": 64,
  "size_z": 33,
  "snr": 4.950952451443876,
  "spacing_tr": 2.0,
  "spacing_x": 3.0,
  "spacing_y": 3.0,
  "spacing_z": 3.75,
  "summary_bg_k": 42.52161580859296,
  "summary_bg_mad": 6.350954055786133,
  "summary_bg_mean": 44.87249755859375,
  "summary_bg_median": 25.966346740722656,
  "summary_bg_n": 68431.0,
  "summary_bg_p05": 21.120193481445312,
  "summary_bg_p95": 121.98558044433594,
  "summary_bg_stdv": 59.2155876159668,
  "summary_fg_k": 2.8352445972663753,
  "summary_fg_mad": 131.73777770996094,
  "summary_fg_mean": 827.3017578125,
  "summary_fg_median": 831.59619140625,
  "summary_fg_n": 35169.0,
  "summary_fg_p05": 565.942333984375,
  "summary_fg_p95": 1090.204833984375,
  "summary_fg_stdv": 167.9645233154297,
  "tsnr": 65.7469711303711
}