{
  "aor": 0.0008643809523809524,
  "aqi": 0.006517777428571428,
  "bids_meta": {
    "EchoTime": 0.03,
    "FlipAngle": 78,
    "MagneticFieldStrength": 3,
    "Manufacturer": "Siemens",
    "ManufacturersModelName": "TIM TRIO",
    "PulseSequenceType": "EPI",
    "RepetitionTime": 2.0,
    "TaskName": "face recognition",
    "modality": "bold",
    "run_id": "02",
    "session_id": "mri",
    "subject_id": "12",
    "task_id": "facerecognition"
  },
  "dummy_trs": 0,
  "dvars_nstd": 32.63619617277512,
  "dvars_std": 1.2255694601913867,
  "dvars_vstd": 1.0101879915789473,
  "efc": 0.586930660242799,
  "fber": 789.533203125,
  "fd_mean": 0.15989895424154973,
  "fd_num": 55,
  "fd_perc": 26.19047619047619,
  "fwhm_avg": 2.3260359390912106,
  "fwhm_x": 2.2992298172736314,
  "fwhm_y": 2.670336666666667,
  "fwhm_z": 2.008541333333333,
  "gcor": 0.0461043,
  "gsr_x": -0.0013407886726781726,
  "gsr_y": 0.026255395263433456,
  "provenance": {
    "md5sum": "4074188df4d1fb71d287396a54961392",
    "settings": {
      "fd_thres": 0.2,
      "hmc_fsl": false
    },
    "software": "mriqc",
    "version": "0.9.6"
  },
  "size_t": 210,
  "size_x": 64,
  "size_y": 64,
  "size_z": 33,
  "snr": 4.326591147050586,
  "spacing_tr": 2.0,
  "spacing_x": 3.000000238418579,
  "spacing_y": 3.0,
  "spacing_z": 3.75,
  "summary_bg_k": 77.80891031229167,
  "summary_bg_mad": 7.342411518096924,
  "summary_bg_mean": 44.877288818359375,
  "summary_bg_median": 27.19047737121582,
  "summary_bg_n": 63980.0,
  "summary_bg_p05": 21.533334732055664,
  "summary_bg_p95": 113.51452789306639,
  "summary_bg_stdv": 62.95676803588867,
  "summary_fg_k": 2.0472147075542937,
  "summary_fg_mad": 148.76145935058594,
  "summary_fg_mean": 812.3526000976562,
  "summary_fg_median": 809.86669921875,
  "summary_fg_n": 38755.0,
  "summary_fg_p05": 515.706201171875,
  "summary_fg_p95": 1115.2552978515623,
  "summary_fg_stdv": 187.18113708496094,
  "tsnr": 57.551666259765625
}