{
  "aor": 0.005893904761904762,
  "aqi": 0.014228062523809523,
  "bids_meta": {
    "EchoTime": 0.03,
    "FlipAngle": 78,
    "MagneticFieldStrength": 3,
    "Manufacturer": "Siemens",
    "ManufacturersModelName": "TIM TRIO",
    "PulseSequenceType": "EPI",
    "RepetitionTime": 2.0,
    "TaskName": "face recognition",
    "modality": "bold",
    "run_id": "04",
    "session_id": "mri",
    "subject_id": "07",
    "task_id": "facerecognition"
  },
  "dummy_trs": 0,
  "dvars_nstd": 25.888655083253585,
  "dvars_std": 1.0765842421052627,
  "dvars_vstd": 1.0048737863157888,
  "efc": 0.5683674377185852,
  "fber": 720.4472045898438,
  "fd_mean": 0.12900216631476608,
  "fd_num": 23,
  "fd_perc": 10.952380952380953,
  "fwhm_avg": 2.3537812600032018,
  "fwhm_x": 2.28748,
  "fwhm_y": 2.7681197800096053,
  "fwhm_z": 2.005744,
  "gcor": 0.00691473,
  "gsr_x": -0.004328522831201553,
  "gsr_y": 0.03491150960326195,
  "provenance": {
    "md5sum": "418145ab51f8613c0f5bdef172056132",
    "settings": {
      "fd_thres": 0.2,
      "hmc_fsl": false
    },
    "software": "mriqc",
    "version": "0.9.6"
  },
  "size_t": 210,
  "size_x": 64,
  "size_y": 64,
  "size_z": 33,
  "snr": 4.7369184504007436,
  "spacing_tr": 2.0,
  "spacing_x": 3.0,
  "spacing_y": 3.000000238418579,
  "spacing_z": 3.75,
  "summary_bg_k": 85.73745667239912,
  "summary_bg_mad": 6.551691055297852,
  "summary_bg_mean": 45.89368438720703,
  "summary_bg_median": 28.43809700012207,
  "summary_bg_n": 69029.0,
  "summary_bg_p05": 22.90952491760254,
  "summary_bg_p95": 124.9904830932615,
  "summary_bg_stdv": 53.796485900878906,
  "summary_fg_k": 2.42073342661653,
  "summary_fg_mad": 136.86534118652344,
  "summary_fg_mean": 806.15283203125,
  "summary_fg_median": 801.3143310546875,
  "summary_fg_n": 34471.0,
  "summary_fg_p05": 559.3214721679688,
  "summary_fg_p95": 1080.6619873046875,
  "summary_fg_stdv": 169.1611785888672,
  "tsnr": 42.768768310546875
}