{
  "aor": 0.003741,
  "aqi": 0.011877466476190472,
  "bids_meta": {
    "EchoTime": 0.03,
    "FlipAngle": 78,
    "MagneticFieldStrength": 3,
    "Manufacturer": "Siemens",
    "ManufacturersModelName": "TIM TRIO",
    "PulseSequenceType": "EPI",
    "RepetitionTime": 2.0,
    "TaskName": "face recognition",
    "modality": "bold",
    "run_id": "09",
    "session_id": "mri",
    "subject_id": "01",
    "task_id": "facerecognition"
  },
  "dummy_trs": 0,
  "dvars_nstd": 29.21373868344495,
  "dvars_std": 1.095464298708134,
  "dvars_vstd": 1.0300245867942581,
  "efc": 0.6251827213775036,
  "fber": 463.4432373046875,
  "fd_mean": 0.2066365404065294,
  "fd_num": 70,
  "fd_perc": 33.333333333333336,
  "fwhm_avg": 2.3410879999999996,
  "fwhm_x": 2.29868,
  "fwhm_y": 2.746453333333333,
  "fwhm_z": 1.9781306666666665,
  "gcor": 0.0159917,
  "gsr_x": 0.0001804200728656724,
  "gsr_y": 0.053543079644441605,
  "provenance": {
    "md5sum": "216f91a51eeef6bc45a2fe24635dafa3",
    "settings": {
      "fd_thres": 0.2,
      "hmc_fsl": false
    },
    "software": "mriqc",
    "version": "0.9.6"
  },
  "size_t": 210,
  "size_x": 64,
  "size_y": 64,
  "size_z": 33,
  "snr": 4.462846266563249,
  "spacing_tr": 2.0,
  "spacing_x": 3.0,
  "spacing_y": 3.0,
  "spacing_z": 3.75,
  "summary_bg_k": 11.852986511580976,
  "summary_bg_mad": 12.863340377807617,
  "summary_bg_mean": 73.92257690429688,
  "summary_bg_median": 33.29047775268555,
  "summary_bg_n": 63870.0,
  "summary_bg_p05": 23.673571872711182,
  "summary_bg_p95": 294.1507385253906,
  "summary_bg_stdv": 94.74047088623047,
  "summary_fg_k": 2.6556040762414463,
  "summary_fg_mad": 130.3278350830078,
  "summary_fg_mean": 764.4307250976562,
  "summary_fg_median": 766.4000244140625,
  "summary_fg_n": 38217.0,
  "summary_fg_p05": 493.5000183105469,
  "summary_fg_p95": 1034.0523681640625,
  "summary_fg_stdv": 171.7267303466797,
  "tsnr": 41.02298355102539
}