{
  "aor": 0.004372095238095238,
  "aqi": 0.008285663619047619,
  "bids_meta": {
    "EchoTime": 0.03,
    "FlipAngle": 78,
    "MagneticFieldStrength": 3,
    "Manufacturer": "Siemens",
    "ManufacturersModelName": "TIM TRIO",
    "PulseSequenceType": "EPI",
    "RepetitionTime": 2.0,
    "TaskName": "face recognition",
    "modality": "bold",
    "run_id": "01",
    "session_id": "mri",
    "subject_id": "07",
    "task_id": "facerecognition"
  },
  "dummy_trs": 0,
  "dvars_nstd": 28.26282135291865,
  "dvars_std": 1.1631703967464118,
  "dvars_vstd": 1.0532565101913873,
  "efc": 0.5731550438995905,
  "fber": 707.2472534179688,
  "fd_mean": 0.1178385124406741,
  "fd_num": 14,
  "fd_perc": 6.666666666666667,
  "fwhm_avg": 2.3681925925278544,
  "fwhm_x": 2.2963633333333333,
  "fwhm_y": 2.79864644425023,
  "fwhm_z": 2.009568,
  "gcor": 0.0215956,
  "gsr_x": -0.009811394847929478,
  "gsr_y": 0.03884976729750633,
  "provenance": {
    "md5sum": "26a9385fcc2bd76e0b0c3331fe9a3c39",
    "settings": {
      "fd_thres": 0.2,
      "hmc_fsl": false
    },
    "software": "mriqc",
    "version": "0.9.6"
  },
  "size_t": 210,
  "size_x": 64,
  "size_y": 64,
  "size_z": 33,
  "snr": 4.665827418599209,
  "spacing_tr": 2.0,
  "spacing_x": 3.0,
  "spacing_y": 3.000000238418579,
  "spacing_z": 3.75,
  "summary_bg_k": 60.235323879172,
  "summary_bg_mad": 6.812912464141846,
  "summary_bg_mean": 47.657379150390625,
  "summary_bg_median": 28.35238265991211,
  "summary_bg_n": 68155.0,
  "summary_bg_p05": 22.614286422729492,
  "summary_bg_p95": 130.6395355224609,
  "summary_bg_stdv": 61.3171501159668,
  "summary_fg_k": 2.229253803563836,
  "summary_fg_mad": 137.55374145507812,
  "summary_fg_mean": 796.5172729492188,
  "summary_fg_median": 791.5238647460938,
  "summary_fg_n": 34906.0,
  "summary_fg_p05": 544.9059753417969,
  "summary_fg_p95": 1076.8369445800781,
  "summary_fg_stdv": 169.6403350830078,
  "tsnr": 50.563148498535156
}