{
  "aor": 0.0005788516746411483,
  "aqi": 0.004265445071770335,
  "bids_meta": {
    "EchoTime": 0.03,
    "FlipAngle": 78,
    "MagneticFieldStrength": 3,
    "Manufacturer": "Siemens",
    "ManufacturersModelName": "TIM TRIO",
    "PulseSequenceType": "EPI",
    "RepetitionTime": 2.0,
    "TaskName": "face recognition",
    "modality": "bold",
    "run_id": "03",
    "session_id": "mri",
    "subject_id": "05",
    "task_id": "facerecognition"
  },
  "dummy_trs": 1,
  "dvars_nstd": 23.479629883317305,
  "dvars_std": 1.1057405746153848,
  "dvars_vstd": 1.0085922232692308,
  "efc": 0.5797487169978158,
  "fber": 815.5939331054688,
  "fd_mean": 0.0656594340738264,
  "fd_num": 0,
  "fd_perc": 0.0,
  "fwhm_avg": 2.3615132598936177,
  "fwhm_x": 2.29091,
  "fwhm_y": 2.772256446347519,
  "fwhm_z": 2.0213733333333335,
  "gcor": 0.0225392,
  "gsr_x": -0.014291063882410526,
  "gsr_y": 0.03517341613769531,
  "provenance": {
    "md5sum": "eac466bf6f65b29ee42eac888e561249",
    "settings": {
      "fd_thres": 0.2,
      "hmc_fsl": false
    },
    "software": "mriqc",
    "version": "0.9.6"
  },
  "size_t": 209,
  "size_x": 64,
  "size_y": 64,
  "size_z": 33,
  "snr": 4.4292116206155505,
  "spacing_tr": 2.0,
  "spacing_x": 3.0,
  "spacing_y": 3.000000238418579,
  "spacing_z": 3.75,
  "summary_bg_k": 72.36219766204702,
  "summary_bg_mad": 5.9091267585754395,
  "summary_bg_mean": 44.37481689453125,
  "summary_bg_median": 26.65071678161621,
  "summary_bg_n": 65470.0,
  "summary_bg_p05": 22.06220054626465,
  "summary_bg_p95": 118.12798500061024,
  "summary_bg_stdv": 61.0184211730957,
  "summary_fg_k": 2.157316390031186,
  "summary_fg_mad": 149.17535400390625,
  "summary_fg_mean": 809.5850830078125,
  "summary_fg_median": 808.5358276367188,
  "summary_fg_n": 37175.0,
  "summary_fg_p05": 529.8061767578124,
  "summary_fg_p95": 1103.40859375,
  "summary_fg_stdv": 182.54376220703125,
  "tsnr": 66.73680877685547
}