{
  "aor": 0.0077362380952380955,
  "aqi": 0.01563739585714286,
  "bids_meta": {
    "EchoTime": 0.03,
    "FlipAngle": 78,
    "MagneticFieldStrength": 3,
    "Manufacturer": "Siemens",
    "ManufacturersModelName": "TIM TRIO",
    "PulseSequenceType": "EPI",
    "RepetitionTime": 2.0,
    "TaskName": "face recognition",
    "modality": "bold",
    "run_id": "09",
    "session_id": "mri",
    "subject_id": "07",
    "task_id": "facerecognition"
  },
  "dummy_trs": 0,
  "dvars_nstd": 31.560708798660283,
  "dvars_std": 1.1244548542105257,
  "dvars_vstd": 1.0219372839712908,
  "efc": 0.5685321263799651,
  "fber": 720.494873046875,
  "fd_mean": 0.2473662873360744,
  "fd_num": 62,
  "fd_perc": 29.523809523809526,
  "fwhm_avg": 2.3593630378668986,
  "fwhm_x": 2.2969166666666667,
  "fwhm_y": 2.7648764469340286,
  "fwhm_z": 2.016296,
  "gcor": 0.0167483,
  "gsr_x": -0.004023770336061716,
  "gsr_y": 0.03106875531375408,
  "provenance": {
    "md5sum": "d328a7116eb5dea04fbed8169be2cd13",
    "settings": {
      "fd_thres": 0.2,
      "hmc_fsl": false
    },
    "software": "mriqc",
    "version": "0.9.6"
  },
  "size_t": 210,
  "size_x": 64,
  "size_y": 64,
  "size_z": 33,
  "snr": 4.775013437330636,
  "spacing_tr": 2.0,
  "spacing_x": 3.0,
  "spacing_y": 3.000000238418579,
  "spacing_z": 3.75,
  "summary_bg_k": 33.03510724656128,
  "summary_bg_mad": 6.714071273803711,
  "summary_bg_mean": 45.490440368652344,
  "summary_bg_median": 28.361906051635742,
  "summary_bg_n": 69021.0,
  "summary_bg_p05": 23.057144165039062,
  "summary_bg_p95": 127.31429290771484,
  "summary_bg_stdv": 47.692787170410156,
  "summary_fg_k": 2.438677006428824,
  "summary_fg_mad": 136.31471252441406,
  "summary_fg_mean": 804.7411499023438,
  "summary_fg_median": 800.857177734375,
  "summary_fg_n": 34332.0,
  "summary_fg_p05": 560.1647552490235,
  "summary_fg_p95": 1077.5809326171875,
  "summary_fg_stdv": 167.7158660888672,
  "tsnr": 39.057640075683594
}