{
  "aor": 0.0012104784688995215,
  "aqi": 0.005898559617224879,
  "bids_meta": {
    "EchoTime": 0.03,
    "FlipAngle": 78,
    "MagneticFieldStrength": 3,
    "Manufacturer": "Siemens",
    "ManufacturersModelName": "TIM TRIO",
    "PulseSequenceType": "EPI",
    "RepetitionTime": 2.0,
    "TaskName": "face recognition",
    "modality": "bold",
    "run_id": "09",
    "session_id": "mri",
    "subject_id": "16",
    "task_id": "facerecognition"
  },
  "dummy_trs": 1,
  "dvars_nstd": 25.92095077048077,
  "dvars_std": 1.0998322775000005,
  "dvars_vstd": 1.010191485384616,
  "efc": 0.649566704446143,
  "fber": 478.8384094238281,
  "fd_mean": 0.1115424804178679,
  "fd_num": 10,
  "fd_perc": 4.784688995215311,
  "fwhm_avg": 2.248223633539005,
  "fwhm_x": 2.19541,
  "fwhm_y": 2.70114,
  "fwhm_z": 1.8481209006170154,
  "gcor": 0.0062985,
  "gsr_x": -0.008188441395759583,
  "gsr_y": 0.05400347709655762,
  "provenance": {
    "md5sum": "1627f4db8c83bbc8f84921c50eaec266",
    "settings": {
      "fd_thres": 0.2,
      "hmc_fsl": false
    },
    "software": "mriqc",
    "version": "0.9.6"
  },
  "size_t": 209,
  "size_x": 64,
  "size_y": 64,
  "size_z": 33,
  "snr": 3.909435260648745,
  "spacing_tr": 2.0,
  "spacing_x": 3.0,
  "spacing_y": 3.0,
  "spacing_z": 4.050000190734863,
  "summary_bg_k": 55.40095457208523,
  "summary_bg_mad": 13.932204246520996,
  "summary_bg_mean": 65.69586181640625,
  "summary_bg_median": 35.626792907714844,
  "summary_bg_n": 53860.0,
  "summary_bg_p05": 25.138755798339844,
  "summary_bg_p95": 208.04066162109353,
  "summary_bg_stdv": 82.60982513427734,
  "summary_fg_k": 2.4728930796514392,
  "summary_fg_mad": 166.05140686035156,
  "summary_fg_mean": 859.0029296875,
  "summary_fg_median": 838.8276977539062,
  "summary_fg_n": 47776.0,
  "summary_fg_p05": 567.5502166748047,
  "summary_fg_p95": 1233.9903869628906,
  "summary_fg_stdv": 214.56268310546875,
  "tsnr": 57.479530334472656
}