{
  "aor": 0.0016912918660287079,
  "aqi": 0.007905337559808611,
  "bids_meta": {
    "EchoTime": 0.03,
    "FlipAngle": 78,
    "MagneticFieldStrength": 3,
    "Manufacturer": "Siemens",
    "ManufacturersModelName": "TIM TRIO",
    "PulseSequenceType": "EPI",
    "RepetitionTime": 2.0,
    "TaskName": "face recognition",
    "modality": "bold",
    "run_id": "08",
    "session_id": "mri",
    "subject_id": "16",
    "task_id": "facerecognition"
  },
  "dummy_trs": 1,
  "dvars_nstd": 29.61247073716345,
  "dvars_std": 1.106542664663462,
  "dvars_vstd": 0.9964200587019229,
  "efc": 0.6497634877237848,
  "fber": 479.4855041503906,
  "fd_mean": 0.1583551632599973,
  "fd_num": 40,
  "fd_perc": 19.138755980861244,
  "fwhm_avg": 2.2582896827645054,
  "fwhm_x": 2.1980299999999997,
  "fwhm_y": 2.7187033333333335,
  "fwhm_z": 1.8581357149601825,
  "gcor": 0.0120961,
  "gsr_x": -0.00870142038911581,
  "gsr_y": 0.05466759204864502,
  "provenance": {
    "md5sum": "51264fb6867e457732d6a9d498dae385",
    "settings": {
      "fd_thres": 0.2,
      "hmc_fsl": false
    },
    "software": "mriqc",
    "version": "0.9.6"
  },
  "size_t": 209,
  "size_x": 64,
  "size_y": 64,
  "size_z": 33,
  "snr": 3.93184564170123,
  "spacing_tr": 2.0,
  "spacing_x": 3.0,
  "spacing_y": 3.0,
  "spacing_z": 4.050000190734863,
  "summary_bg_k": 61.02200738061862,
  "summary_bg_mad": 14.49261474609375,
  "summary_bg_mean": 65.9649658203125,
  "summary_bg_median": 35.76554870605469,
  "summary_bg_n": 53816.0,
  "summary_bg_p05": 24.358850479125977,
  "summary_bg_p95": 207.642333984375,
  "summary_bg_stdv": 84.94644165039062,
  "summary_fg_k": 2.4349394427437625,
  "summary_fg_mad": 165.66831970214844,
  "summary_fg_mean": 857.300048828125,
  "summary_fg_median": 836.1961669921875,
  "summary_fg_n": 47719.0,
  "summary_fg_p05": 569.1353820800782,
  "summary_fg_p95": 1230.8674194335933,
  "summary_fg_stdv": 212.6704559326172,
  "tsnr": 50.00366973876953
}