{
  "aor": 0.00425852380952381,
  "aqi": 0.011191651095238094,
  "bids_meta": {
    "EchoTime": 0.03,
    "FlipAngle": 78,
    "MagneticFieldStrength": 3,
    "Manufacturer": "Siemens",
    "ManufacturersModelName": "TIM TRIO",
    "PulseSequenceType": "EPI",
    "RepetitionTime": 2.0,
    "TaskName": "face recognition",
    "modality": "bold",
    "run_id": "04",
    "session_id": "mri",
    "subject_id": "14",
    "task_id": "facerecognition"
  },
  "dummy_trs": 0,
  "dvars_nstd": 25.81542520665072,
  "dvars_std": 1.1352192754066985,
  "dvars_vstd": 0.9918645712440189,
  "efc": 0.5687178929416921,
  "fber": 824.7985229492188,
  "fd_mean": 0.1313299332036475,
  "fd_num": 28,
  "fd_perc": 13.333333333333334,
  "fwhm_avg": 2.420149777777778,
  "fwhm_x": 2.379096666666667,
  "fwhm_y": 2.7934033333333335,
  "fwhm_z": 2.0879493333333334,
  "gcor": 0.0101573,
  "gsr_x": -0.005901959724724293,
  "gsr_y": 0.03591524809598923,
  "provenance": {
    "md5sum": "45f52f2aacf1edbe0ee4b42cd8e2de90",
    "settings": {
      "fd_thres": 0.2,
      "hmc_fsl": false
    },
    "software": "mriqc",
    "version": "0.9.6"
  },
  "size_t": 210,
  "size_x": 64,
  "size_y": 64,
  "size_z": 33,
  "snr": 4.429093052967616,
  "spacing_tr": 2.0,
  "spacing_x": 3.0,
  "spacing_y": 3.0,
  "spacing_z": 3.75,
  "summary_bg_k": 68.7844174673121,
  "summary_bg_mad": 7.0811896324157715,
  "summary_bg_mean": 45.106651306152344,
  "summary_bg_median": 26.514286041259766,
  "summary_bg_n": 67947.0,
  "summary_bg_p05": 20.952381134033203,
  "summary_bg_p95": 128.1523895263672,
  "summary_bg_stdv": 56.86797332763672,
  "summary_fg_k": 2.103244682638091,
  "summary_fg_mad": 146.7529296875,
  "summary_fg_mean": 805.1077880859375,
  "summary_fg_median": 806.5571899414062,
  "summary_fg_n": 35134.0,
  "summary_fg_p05": 519.0888488769531,
  "summary_fg_p95": 1093.0993835449217,
  "summary_fg_stdv": 182.10177612304688,
  "tsnr": 44.383636474609375
}