{
  "aor": 0.007514190476190477,
  "aqi": 0.02812961,
  "bids_meta": {
    "EchoTime": 0.03,
    "FlipAngle": 78,
    "MagneticFieldStrength": 3,
    "Manufacturer": "Siemens",
    "ManufacturersModelName": "TIM TRIO",
    "PulseSequenceType": "EPI",
    "RepetitionTime": 2.0,
    "TaskName": "face recognition",
    "modality": "bold",
    "run_id": "08",
    "session_id": "mri",
    "subject_id": "07",
    "task_id": "facerecognition"
  },
  "dummy_trs": 0,
  "dvars_nstd": 28.515719893014346,
  "dvars_std": 0.9195817529665079,
  "dvars_vstd": 0.8912130222488034,
  "efc": 0.5698615517106662,
  "fber": 706.2167358398438,
  "fd_mean": 0.18708216858188234,
  "fd_num": 57,
  "fd_perc": 27.142857142857142,
  "fwhm_avg": 2.4302901467738742,
  "fwhm_x": 2.349486666666667,
  "fwhm_y": 2.848079773654956,
  "fwhm_z": 2.0933040000000003,
  "gcor": 0.00551736,
  "gsr_x": -0.00588769419118762,
  "gsr_y": 0.0274801068007946,
  "provenance": {
    "md5sum": "0fc6d6664c2a09b309d50c10a575765f",
    "settings": {
      "fd_thres": 0.2,
      "hmc_fsl": false
    },
    "software": "mriqc",
    "version": "0.9.6"
  },
  "size_t": 210,
  "size_x": 64,
  "size_y": 64,
  "size_z": 33,
  "snr": 4.810137401598685,
  "spacing_tr": 2.0,
  "spacing_x": 3.0,
  "spacing_y": 3.000000238418579,
  "spacing_z": 3.75,
  "summary_bg_k": 69.86489082050916,
  "summary_bg_mad": 7.137670040130615,
  "summary_bg_mean": 47.07395935058594,
  "summary_bg_median": 28.819047927856445,
  "summary_bg_n": 68611.0,
  "summary_bg_p05": 23.08571434020996,
  "summary_bg_p95": 129.84524536132812,
  "summary_bg_stdv": 55.08686828613281,
  "summary_fg_k": 2.276074495631341,
  "summary_fg_mad": 136.07110595703125,
  "summary_fg_mean": 806.449462890625,
  "summary_fg_median": 802.3452758789062,
  "summary_fg_n": 34504.0,
  "summary_fg_p05": 559.6385986328125,
  "summary_fg_p95": 1080.6086486816405,
  "summary_fg_stdv": 166.80056762695312,
  "tsnr": 30.05832290649414
}