{
  "bids_meta": {
    "EchoTime": 0.00298,
    "FlipAngle": 9,
    "InversionTime": 0.9,
    "MagneticFieldStrength": 3,
    "Manufacturer": "Siemens",
    "ManufacturersModelName": "TIM TRIO",
    "PulseSequenceType": "MPRAGE",
    "RepetitionTime": 2.25,
    "acq_id": "mprage",
    "modality": "T1w",
    "session_id": "mri",
    "subject_id": "13"
  },
  "cjv": 0.3107054185999526,
  "cnr": 4.148899776864963,
  "efc": 0.6019028078017123,
  "fber": 2835.68212890625,
  "fwhm_avg": 4.978142763867094,
  "fwhm_x": 4.808898853469168,
  "fwhm_y": 5.41224,
  "fwhm_z": 4.713289438132114,
  "icvs_csf": 0.21604846595719845,
  "icvs_gm": 0.41157306124743614,
  "icvs_wm": 0.3723784727953654,
  "inu_med": 0.7810231447219849,
  "inu_range": 0.2708301842212677,
  "provenance": {
    "md5sum": "bcc7c1f012ffa4b53e799ab429d7c812",
    "mriqc_pred": 0,
    "settings": {
      "testing": false
    },
    "software": "mriqc",
    "version": "0.9.6",
    "warnings": {
      "large_rot_frame": true,
      "small_air_mask": false
    }
  },
  "qi_1": 0.0008972821207778715,
  "qi_2": 0.0053484757102445065,
  "rpve_csf": 26.881120687984602,
  "rpve_gm": 14.589515361605573,
  "rpve_wm": 19.63880414599586,
  "size_x": 256,
  "size_y": 256,
  "size_z": 192,
  "snr_csf": 3.891706947058694,
  "snr_gm": 13.455211179814196,
  "snr_total": 16.520141593440027,
  "snr_wm": 32.21350665344718,
  "snrd_csf": 45.99137903492079,
  "snrd_gm": 83.85513740780834,
  "snrd_total": 81.19954802706799,
  "snrd_wm": 113.75212763847482,
  "spacing_x": 1.000000238418579,
  "spacing_y": 1.0,
  "spacing_z": 1.0000001192092896,
  "summary_bg_k": 3.7489562279264677,
  "summary_bg_mad": 5.759336471557617,
  "summary_bg_mean": 12.934532165527344,
  "summary_bg_median": 11.516032218933105,
  "summary_bg_n": 1857554.0,
  "summary_bg_p05": 4.604982304573059,
  "summary_bg_p95": 26.10377321243285,
  "summary_bg_stdv": 6.915740966796875,
  "summary_csf_k": -0.435522887303875,
  "summary_csf_mad": 116.74429321289062,
  "summary_csf_mean": 417.5861511230469,
  "summary_csf_median": 404.3125,
  "summary_csf_n": 24117.0,
  "summary_csf_p05": 272.7318908691406,
  "summary_csf_p95": 596.0724365234375,
  "summary_csf_stdv": 103.88863372802734,
  "summary_gm_k": 0.06731025949592784,
  "summary_gm_mad": 53.875,
  "summary_gm_mean": 736.2620239257812,
  "summary_gm_median": 737.1746826171875,
  "summary_gm_n": 24952.0,
  "summary_gm_p05": 644.5513641357422,
  "summary_gm_p95": 825.6581451416016,
  "summary_gm_stdv": 54.78620147705078,
  "summary_wm_k": 1.1157569656547555,
  "summary_wm_mad": 27.786439895629883,
  "summary_wm_mean": 999.7845458984375,
  "summary_wm_median": 1000.0006103515625,
  "summary_wm_n": 225706.0,
  "summary_wm_p05": 948.6768951416016,
  "summary_wm_p95": 1049.4320068359375,
  "summary_wm_stdv": 31.042829513549805,
  "tpm_overlap_csf": 0.23166689276695251,
  "tpm_overlap_gm": 0.5211805701255798,
  "tpm_overlap_wm": 0.5740049481391907,
  "wm2max": 0.6541408160423836
}