{
  "bids_meta": {
    "EchoTime": 0.095,
    "FlipAngle": 90,
    "MagneticFieldStrength": 3,
    "Manufacturer": "Siemens",
    "ManufacturersModelName": "TIM TRIO",
    "PulseSequenceType": "EPI",
    "RepetitionTime": 2,
    "acq_id": "epi",
    "modality": "T1w",
    "session_id": "mri",
    "subject_id": "02"
  },
  "cjv": 0.9063748204515962,
  "cnr": 1.3290572531400933,
  "efc": 0.7119138971031282,
  "fber": 65.08961486816406,
  "fwhm_avg": 1.9038076239689532,
  "fwhm_x": 2.0100631735878647,
  "fwhm_y": 1.8500366666666668,
  "fwhm_z": 1.8513230316523275,
  "icvs_csf": 0.1980858015742627,
  "icvs_gm": 0.5231897289345652,
  "icvs_wm": 0.2787244694911722,
  "inu_med": 1.1755590438842773,
  "inu_range": 0.6671037554740905,
  "provenance": {
    "md5sum": "cdba484964403e5f86e8f8bf289dad9e",
    "mriqc_pred": 0,
    "settings": {
      "testing": false
    },
    "software": "mriqc",
    "version": "0.9.6",
    "warnings": {
      "large_rot_frame": false,
      "small_air_mask": true
    }
  },
  "qi_1": 0.0,
  "qi_2": 0.002122660084272715,
  "rpve_csf": 11.118227996838865,
  "rpve_gm": 3.905404190142978,
  "rpve_wm": 5.4626521501074,
  "size_x": 64,
  "size_y": 64,
  "size_z": 33,
  "snr_csf": 1.4671048690508968,
  "snr_gm": 9.467002801229633,
  "snr_total": 6.941214263634511,
  "snr_wm": 9.889535120623007,
  "snrd_csf": 14.246593679543393,
  "snrd_gm": 14.74821748539187,
  "snrd_total": 15.737412855199972,
  "snrd_wm": 18.217427400664658,
  "spacing_x": 3.000000238418579,
  "spacing_y": 3.0,
  "spacing_z": 3.9000000953674316,
  "summary_bg_k": 49.08727292455046,
  "summary_bg_mad": 38.211936950683594,
  "summary_bg_mean": 95.77802276611328,
  "summary_bg_median": 88.72274017333984,
  "summary_bg_n": 29845.0,
  "summary_bg_p05": 28.232303619384766,
  "summary_bg_p95": 178.66171569824218,
  "summary_bg_stdv": 58.15262985229492,
  "summary_csf_k": 10.541186565625216,
  "summary_csf_mad": 584.1846923828125,
  "summary_csf_mean": 993.3863525390625,
  "summary_csf_median": 830.9566650390625,
  "summary_csf_n": 7275.0,
  "summary_csf_p05": 352.1818359375,
  "summary_csf_p95": 1838.5450195312499,
  "summary_csf_stdv": 566.3532104492188,
  "summary_gm_k": 0.6799295176513196,
  "summary_gm_mad": 84.86956787109375,
  "summary_gm_mean": 869.40869140625,
  "summary_gm_median": 860.2147216796875,
  "summary_gm_n": 14845.0,
  "summary_gm_p05": 735.06591796875,
  "summary_gm_p95": 1033.91708984375,
  "summary_gm_stdv": 90.86146545410156,
  "summary_wm_k": 0.7642979860135002,
  "summary_wm_mad": 98.53314208984375,
  "summary_wm_mean": 1063.2310791015625,
  "summary_wm_median": 1062.562255859375,
  "summary_wm_n": 6348.0,
  "summary_wm_p05": 888.8746276855468,
  "summary_wm_p95": 1242.1455444335938,
  "summary_wm_stdv": 107.43463134765625,
  "tpm_overlap_csf": 0.10315512120723724,
  "tpm_overlap_gm": 0.3852126896381378,
  "tpm_overlap_wm": 0.27592477202415466,
  "wm2max": 0.38048469564525145
}