{
  "aor": 0.0018762679425837318,
  "aqi": 0.00917710076555024,
  "bids_meta": {
    "EchoTime": 0.03,
    "FlipAngle": 78,
    "MagneticFieldStrength": 3,
    "Manufacturer": "Siemens",
    "ManufacturersModelName": "TIM TRIO",
    "PulseSequenceType": "EPI",
    "RepetitionTime": 2.0,
    "TaskName": "face recognition",
    "modality": "bold",
    "run_id": "05",
    "session_id": "mri",
    "subject_id": "16",
    "task_id": "facerecognition"
  },
  "dummy_trs": 1,
  "dvars_nstd": 29.978788935384614,
  "dvars_std": 1.1040958845192308,
  "dvars_vstd": 0.9953635653846155,
  "efc": 0.6492885885770279,
  "fber": 490.7408447265625,
  "fd_mean": 0.14970086803572866,
  "fd_num": 33,
  "fd_perc": 15.789473684210526,
  "fwhm_avg": 2.262333509976048,
  "fwhm_x": 2.2013933333333333,
  "fwhm_y": 2.7307233333333336,
  "fwhm_z": 1.8548838632614764,
  "gcor": 0.0132743,
  "gsr_x": -0.006560663226991892,
  "gsr_y": 0.05098150670528412,
  "provenance": {
    "md5sum": "2795e5647ceeb0500fbc0a9a74d942f9",
    "settings": {
      "fd_thres": 0.2,
      "hmc_fsl": false
    },
    "software": "mriqc",
    "version": "0.9.6"
  },
  "size_t": 209,
  "size_x": 64,
  "size_y": 64,
  "size_z": 33,
  "snr": 3.957216808194789,
  "spacing_tr": 2.0,
  "spacing_x": 3.0,
  "spacing_y": 3.0,
  "spacing_z": 4.050000190734863,
  "summary_bg_k": 55.92419405346748,
  "summary_bg_mad": 12.995821952819824,
  "summary_bg_mean": 63.579185485839844,
  "summary_bg_median": 34.889949798583984,
  "summary_bg_n": 53661.0,
  "summary_bg_p05": 24.880382537841797,
  "summary_bg_p95": 198.46888732910156,
  "summary_bg_stdv": 81.1158218383789,
  "summary_fg_k": 2.468274710099249,
  "summary_fg_mad": 162.94435119628906,
  "summary_fg_mean": 847.8104248046875,
  "summary_fg_median": 827.2822875976562,
  "summary_fg_n": 47813.0,
  "summary_fg_p05": 565.2162475585938,
  "summary_fg_p95": 1214.8908935546874,
  "summary_fg_stdv": 209.05441284179688,
  "tsnr": 47.393619537353516
}