{
  "bids_meta": {
    "EchoTime": 0.00298,
    "FlipAngle": 9,
    "InversionTime": 0.9,
    "MagneticFieldStrength": 3,
    "Manufacturer": "Siemens",
    "ManufacturersModelName": "TIM TRIO",
    "PulseSequenceType": "MPRAGE",
    "RepetitionTime": 2.25,
    "acq_id": "mprage",
    "modality": "T1w",
    "session_id": "mri",
    "subject_id": "07"
  },
  "cjv": 0.31958330780509847,
  "cnr": 4.158887664927126,
  "efc": 0.6214432357744407,
  "fber": 1644.0828857421875,
  "fwhm_avg": 4.937149378419445,
  "fwhm_x": 4.86234942036278,
  "fwhm_y": 5.3901187148955545,
  "fwhm_z": 4.55898,
  "icvs_csf": 0.2308624816574284,
  "icvs_gm": 0.3991370666905647,
  "icvs_wm": 0.3700004516520069,
  "inu_med": 0.9082977771759033,
  "inu_range": 0.3206167101860047,
  "provenance": {
    "md5sum": "68f62daac368743c52d4de8a74385e80",
    "mriqc_pred": 0,
    "settings": {
      "testing": false
    },
    "software": "mriqc",
    "version": "0.9.6",
    "warnings": {
      "large_rot_frame": true,
      "small_air_mask": false
    }
  },
  "qi_1": 0.000389592773027772,
  "qi_2": 0.005439584549244202,
  "rpve_csf": 28.539087921849276,
  "rpve_gm": 16.365001363562705,
  "rpve_wm": 21.270936346023987,
  "size_x": 256,
  "size_y": 256,
  "size_z": 192,
  "snr_csf": 3.81238321822444,
  "snr_gm": 14.15906494438494,
  "snr_total": 15.298582195930699,
  "snr_wm": 27.924298425182716,
  "snrd_csf": 35.134113174375315,
  "snrd_gm": 66.26531624388748,
  "snrd_total": 63.851574196457335,
  "snrd_wm": 90.15529317110921,
  "spacing_x": 1.0000001192092896,
  "spacing_y": 1.000000238418579,
  "spacing_z": 1.0,
  "summary_bg_k": 5.545816491443899,
  "summary_bg_mad": 7.266840934753418,
  "summary_bg_mean": 17.061941146850586,
  "summary_bg_median": 15.206713676452637,
  "summary_bg_n": 1711936.0,
  "summary_bg_p05": 6.334176301956177,
  "summary_bg_p95": 34.043121337890625,
  "summary_bg_stdv": 9.091089248657227,
  "summary_csf_k": -0.7198902464348458,
  "summary_csf_mad": 122.0749282836914,
  "summary_csf_mean": 400.070068359375,
  "summary_csf_median": 389.71124267578125,
  "summary_csf_n": 32046.0,
  "summary_csf_p05": 258.4364013671875,
  "summary_csf_p95": 573.9011535644531,
  "summary_csf_stdv": 102.22087860107422,
  "summary_gm_k": 0.1918718998513529,
  "summary_gm_mad": 50.834327697753906,
  "summary_gm_mean": 734.4924926757812,
  "summary_gm_median": 735.0217895507812,
  "summary_gm_n": 20139.0,
  "summary_gm_p05": 648.8707275390625,
  "summary_gm_p95": 818.5888732910156,
  "summary_gm_stdv": 51.910457611083984,
  "summary_wm_k": 0.5334395226629227,
  "summary_wm_mad": 33.852088928222656,
  "summary_wm_mean": 999.9910888671875,
  "summary_wm_median": 1000.0119018554688,
  "summary_wm_n": 202325.0,
  "summary_wm_p05": 940.9281494140625,
  "summary_wm_p95": 1058.2211181640625,
  "summary_wm_stdv": 35.81144332885742,
  "tpm_overlap_csf": 0.23366445302963257,
  "tpm_overlap_gm": 0.49967917799949646,
  "tpm_overlap_wm": 0.5623245239257812,
  "wm2max": 0.6323242046022047
}