{
  "bids_meta": {
    "EchoTime": 0.00298,
    "FlipAngle": 9,
    "InversionTime": 0.9,
    "MagneticFieldStrength": 3,
    "Manufacturer": "Siemens",
    "ManufacturersModelName": "TIM TRIO",
    "PulseSequenceType": "MPRAGE",
    "RepetitionTime": 2.25,
    "acq_id": "mprage",
    "modality": "T1w",
    "session_id": "mri",
    "subject_id": "09"
  },
  "cjv": 0.3187476827200155,
  "cnr": 4.255249395599095,
  "efc": 0.6187965742896779,
  "fber": 2003.1143798828125,
  "fwhm_avg": 4.833856666666667,
  "fwhm_x": 4.80796,
  "fwhm_y": 5.22754,
  "fwhm_z": 4.46607,
  "icvs_csf": 0.2209783338319742,
  "icvs_gm": 0.4142552212074947,
  "icvs_wm": 0.36476644496053107,
  "inu_med": 0.9032901525497437,
  "inu_range": 0.32200267910957314,
  "provenance": {
    "md5sum": "8d968b69b1dcf5814b34280c4b09c991",
    "mriqc_pred": 0,
    "settings": {
      "testing": false
    },
    "software": "mriqc",
    "version": "0.9.6",
    "warnings": {
      "large_rot_frame": true,
      "small_air_mask": false
    }
  },
  "qi_1": 0.0007419540538405506,
  "qi_2": 0.0058712773078660584,
  "rpve_csf": 25.14428976763574,
  "rpve_gm": 13.676750991439524,
  "rpve_wm": 18.33608645163374,
  "size_x": 256,
  "size_y": 256,
  "size_z": 192,
  "snr_csf": 3.5900138738339433,
  "snr_gm": 13.847583491810628,
  "snr_total": 14.706900215131315,
  "snr_wm": 26.683103279749375,
  "snrd_csf": 35.19671185518298,
  "snrd_gm": 69.98866183522328,
  "snrd_total": 67.28049275469773,
  "snrd_wm": 96.65610457368696,
  "spacing_x": 1.0,
  "spacing_y": 1.0,
  "spacing_z": 1.0,
  "summary_bg_k": 3.9926825729322246,
  "summary_bg_mad": 6.7780680656433105,
  "summary_bg_mean": 15.594796180725098,
  "summary_bg_median": 14.110262870788574,
  "summary_bg_n": 2073271.0,
  "summary_bg_p05": 5.579679489135742,
  "summary_bg_p95": 30.734893798828125,
  "summary_bg_stdv": 8.076598167419434,
  "summary_csf_k": 111.66348425306536,
  "summary_csf_mad": 79.67928314208984,
  "summary_csf_mean": 373.542724609375,
  "summary_csf_median": 364.1466369628906,
  "summary_csf_n": 33759.0,
  "summary_csf_p05": 248.4398422241211,
  "summary_csf_p95": 535.0438171386719,
  "summary_csf_stdv": 101.43170928955078,
  "summary_gm_k": 0.040995093934467874,
  "summary_gm_mad": 52.9700927734375,
  "summary_gm_mean": 724.7903442382812,
  "summary_gm_median": 724.1055908203125,
  "summary_gm_n": 19294.0,
  "summary_gm_p05": 640.3764251708984,
  "summary_gm_p95": 809.9720611572266,
  "summary_gm_stdv": 52.28976058959961,
  "summary_wm_k": 0.7267054781007167,
  "summary_wm_mad": 34.97317886352539,
  "summary_wm_mean": 1000.87158203125,
  "summary_wm_median": 1000.008056640625,
  "summary_wm_n": 216487.0,
  "summary_wm_p05": 941.0135314941406,
  "summary_wm_p95": 1063.1278930664062,
  "summary_wm_stdv": 37.477115631103516,
  "tpm_overlap_csf": 0.24157044291496277,
  "tpm_overlap_gm": 0.5218707919120789,
  "tpm_overlap_wm": 0.5795148611068726,
  "wm2max": 0.6211595601207505
}