{
  "bids_meta": {
    "EchoTime": 0.095,
    "FlipAngle": 90,
    "MagneticFieldStrength": 3,
    "Manufacturer": "Siemens",
    "ManufacturersModelName": "TIM TRIO",
    "PulseSequenceType": "EPI",
    "RepetitionTime": 2,
    "acq_id": "epi",
    "modality": "T1w",
    "session_id": "mri",
    "subject_id": "06"
  },
  "cjv": 0.790810668642161,
  "cnr": 1.5860007631224535,
  "efc": 0.7030983884773667,
  "fber": 50.10455322265625,
  "fwhm_avg": 1.9165324719329593,
  "fwhm_x": 1.98308,
  "fwhm_y": 1.8882631832676582,
  "fwhm_z": 1.8782542325312188,
  "icvs_csf": 0.160230580250603,
  "icvs_gm": 0.48469834561933917,
  "icvs_wm": 0.35507107413005784,
  "inu_med": 0.876932680606842,
  "inu_range": 0.47928377687931034,
  "provenance": {
    "md5sum": "0c9fb209e866c31441f1cdc536674145",
    "mriqc_pred": 0,
    "settings": {
      "testing": false
    },
    "software": "mriqc",
    "version": "0.9.6",
    "warnings": {
      "large_rot_frame": false,
      "small_air_mask": true
    }
  },
  "qi_1": 0.0,
  "qi_2": 0.001476314730895279,
  "rpve_csf": 14.618414861989963,
  "rpve_gm": 4.225442664849556,
  "rpve_wm": 5.14493297467602,
  "size_x": 64,
  "size_y": 64,
  "size_z": 33,
  "snr_csf": 1.3943852860805306,
  "snr_gm": 11.332759625050052,
  "snr_total": 8.507833954167143,
  "snr_wm": 12.796356951370846,
  "snrd_csf": 10.724176209558944,
  "snrd_gm": 14.186689150635512,
  "snrd_total": 14.089544608177198,
  "snrd_wm": 17.357768464337134,
  "spacing_x": 3.0,
  "spacing_y": 3.000000238418579,
  "spacing_z": 4.050000190734863,
  "summary_bg_k": 2.288472118436827,
  "summary_bg_mad": 38.894107818603516,
  "summary_bg_mean": 101.76953125,
  "summary_bg_median": 97.58426666259766,
  "summary_bg_n": 33492.0,
  "summary_bg_p05": 36.94088287353516,
  "summary_bg_p95": 181.20611343383786,
  "summary_bg_stdv": 45.63795471191406,
  "summary_csf_k": 3.5947744143283575,
  "summary_csf_mad": 316.1341552734375,
  "summary_csf_mean": 819.85205078125,
  "summary_csf_median": 636.6724243164062,
  "summary_csf_n": 5496.0,
  "summary_csf_p05": 343.91612243652344,
  "summary_csf_p95": 1572.7007446289062,
  "summary_csf_stdv": 456.5556640625,
  "summary_gm_k": 0.36112914782752403,
  "summary_gm_mad": 70.03385925292969,
  "summary_gm_mean": 846.1583862304688,
  "summary_gm_median": 842.2347412109375,
  "summary_gm_n": 12634.0,
  "summary_gm_p05": 731.1697937011719,
  "summary_gm_p95": 976.0507568359374,
  "summary_gm_stdv": 74.3156509399414,
  "summary_wm_k": 0.43947918510357153,
  "summary_wm_mad": 78.84455108642578,
  "summary_wm_mean": 1035.7320556640625,
  "summary_wm_median": 1030.4952392578125,
  "summary_wm_n": 8562.0,
  "summary_wm_p05": 913.0649200439452,
  "summary_wm_p95": 1176.159582519531,
  "summary_wm_stdv": 80.5256576538086,
  "tpm_overlap_csf": 0.10658096522092819,
  "tpm_overlap_gm": 0.39284780621528625,
  "tpm_overlap_wm": 0.33780089020729065,
  "wm2max": 0.42943762198527735
}