{
  "bids_meta": {
    "EchoTime": 0.095,
    "FlipAngle": 90,
    "MagneticFieldStrength": 3,
    "Manufacturer": "Siemens",
    "ManufacturersModelName": "TIM TRIO",
    "PulseSequenceType": "EPI",
    "RepetitionTime": 2,
    "acq_id": "epi",
    "modality": "T1w",
    "session_id": "mri",
    "subject_id": "05"
  },
  "cjv": 0.8308888923475083,
  "cnr": 1.5242297686621096,
  "efc": 0.639024831470341,
  "fber": 178.2843475341797,
  "fwhm_avg": 1.8906977283242936,
  "fwhm_x": 1.9438733333333333,
  "fwhm_y": 1.8668065183062141,
  "fwhm_z": 1.8614133333333334,
  "icvs_csf": 0.16872892912993734,
  "icvs_gm": 0.46054582515153053,
  "icvs_wm": 0.3707252457185321,
  "inu_med": 0.7067734599113464,
  "inu_range": 0.3390239715576172,
  "provenance": {
    "md5sum": "c5c3466b92d929054057f37237b04d51",
    "mriqc_pred": 1,
    "settings": {
      "testing": false
    },
    "software": "mriqc",
    "version": "0.9.6",
    "warnings": {
      "large_rot_frame": false,
      "small_air_mask": true
    }
  },
  "qi_1": 0.0,
  "qi_2": 0.0038722397677951933,
  "rpve_csf": 14.65988705972435,
  "rpve_gm": 4.610880359816082,
  "rpve_wm": 5.307994665163081,
  "size_x": 64,
  "size_y": 64,
  "size_z": 33,
  "snr_csf": 1.5507466810284396,
  "snr_gm": 11.729626992647889,
  "snr_total": 8.851909034343537,
  "snr_wm": 13.275353429354283,
  "snrd_csf": 20.817143224858338,
  "snrd_gm": 26.128178358211823,
  "snrd_total": 26.073053165150032,
  "snrd_wm": 31.273837912379932,
  "spacing_x": 3.0,
  "spacing_y": 3.000000238418579,
  "spacing_z": 3.75,
  "summary_bg_k": 103.49148546186795,
  "summary_bg_mad": 20.970304489135742,
  "summary_bg_mean": 56.67123031616211,
  "summary_bg_median": 52.17950439453125,
  "summary_bg_n": 36090.0,
  "summary_bg_p05": 22.603601932525635,
  "summary_bg_p95": 104.91565513610826,
  "summary_bg_stdv": 30.133018493652344,
  "summary_csf_k": 3.081888920124344,
  "summary_csf_mad": 350.6942138671875,
  "summary_csf_mean": 824.9727783203125,
  "summary_csf_median": 666.3373413085938,
  "summary_csf_n": 5550.0,
  "summary_csf_p05": 357.4802017211914,
  "summary_csf_p95": 1561.9465576171874,
  "summary_csf_stdv": 429.64935302734375,
  "summary_gm_k": 1.1642794840526598,
  "summary_gm_mad": 64.42505645751953,
  "summary_gm_mean": 841.4920654296875,
  "summary_gm_median": 836.338623046875,
  "summary_gm_n": 11157.0,
  "summary_gm_p05": 734.4837158203125,
  "summary_gm_p95": 967.9953369140624,
  "summary_gm_stdv": 71.29818725585938,
  "summary_wm_k": 0.23854871372820918,
  "summary_wm_mad": 72.42879486083984,
  "summary_wm_mean": 1005.170654296875,
  "summary_wm_median": 1001.04638671875,
  "summary_wm_n": 8603.0,
  "summary_wm_p05": 888.2942626953125,
  "summary_wm_p95": 1135.9065795898437,
  "summary_wm_stdv": 75.4020004272461,
  "tpm_overlap_csf": 0.10798509418964386,
  "tpm_overlap_gm": 0.37497279047966003,
  "tpm_overlap_wm": 0.342922568321228,
  "wm2max": 0.46392630857340356
}