{
  "aor": 0.0007569523809523809,
  "aqi": 0.00688245019047619,
  "bids_meta": {
    "EchoTime": 0.03,
    "FlipAngle": 78,
    "MagneticFieldStrength": 3,
    "Manufacturer": "Siemens",
    "ManufacturersModelName": "TIM TRIO",
    "PulseSequenceType": "EPI",
    "RepetitionTime": 2.0,
    "TaskName": "face recognition",
    "modality": "bold",
    "run_id": "02",
    "session_id": "mri",
    "subject_id": "11",
    "task_id": "facerecognition"
  },
  "dummy_trs": 0,
  "dvars_nstd": 23.900586616746413,
  "dvars_std": 1.1318208763157893,
  "dvars_vstd": 1.0073524775598086,
  "efc": 0.5697616705668874,
  "fber": 916.0164794921875,
  "fd_mean": 0.1142927365802993,
  "fd_num": 15,
  "fd_perc": 7.142857142857143,
  "fwhm_avg": 2.4046664444444446,
  "fwhm_x": 2.33272,
  "fwhm_y": 2.814303333333333,
  "fwhm_z": 2.066976,
  "gcor": 0.0258927,
  "gsr_x": -0.010642074048519135,
  "gsr_y": 0.02739815227687359,
  "provenance": {
    "md5sum": "36f1759b03a1122b1ac608598178f787",
    "settings": {
      "fd_thres": 0.2,
      "hmc_fsl": false
    },
    "software": "mriqc",
    "version": "0.9.6"
  },
  "size_t": 210,
  "size_x": 64,
  "size_y": 64,
  "size_z": 33,
  "snr": 4.957008070388116,
  "spacing_tr": 2.0,
  "spacing_x": 3.0,
  "spacing_y": 3.0,
  "spacing_z": 3.75,
  "summary_bg_k": 44.827431671984534,
  "summary_bg_mad": 5.506810188293457,
  "summary_bg_mean": 43.24007797241211,
  "summary_bg_median": 25.323810577392578,
  "summary_bg_n": 67829.0,
  "summary_bg_p05": 21.114286422729492,
  "summary_bg_p95": 119.12286224365232,
  "summary_bg_stdv": 57.33747100830078,
  "summary_fg_k": 2.9825795742952925,
  "summary_fg_mad": 127.49320983886719,
  "summary_fg_mean": 805.275390625,
  "summary_fg_median": 810.300048828125,
  "summary_fg_n": 35412.0,
  "summary_fg_p05": 545.0524017333985,
  "summary_fg_p95": 1056.2326843261715,
  "summary_fg_stdv": 163.46324157714844,
  "tsnr": 62.86952209472656
}