{
  "aor": 0.0007704761904761905,
  "aqi": 0.006009280714285714,
  "bids_meta": {
    "EchoTime": 0.03,
    "FlipAngle": 78,
    "MagneticFieldStrength": 3,
    "Manufacturer": "Siemens",
    "ManufacturersModelName": "TIM TRIO",
    "PulseSequenceType": "EPI",
    "RepetitionTime": 2.0,
    "TaskName": "face recognition",
    "modality": "bold",
    "run_id": "01",
    "session_id": "mri",
    "subject_id": "03",
    "task_id": "facerecognition"
  },
  "dummy_trs": 0,
  "dvars_nstd": 26.649453907272743,
  "dvars_std": 1.1298430044019143,
  "dvars_vstd": 1.0069913844976077,
  "efc": 0.5884646817262041,
  "fber": 608.151611328125,
  "fd_mean": 0.14044640033071873,
  "fd_num": 24,
  "fd_perc": 11.428571428571429,
  "fwhm_avg": 2.3860927183007665,
  "fwhm_x": 2.342633333333333,
  "fwhm_y": 2.7616833333333335,
  "fwhm_z": 2.053961488235633,
  "gcor": 0.0302756,
  "gsr_x": -0.002249377081170678,
  "gsr_y": 0.036761555820703506,
  "provenance": {
    "md5sum": "7790d7d9e7ae45fb68e46e7c404defb2",
    "settings": {
      "fd_thres": 0.2,
      "hmc_fsl": false
    },
    "software": "mriqc",
    "version": "0.9.6"
  },
  "size_t": 210,
  "size_x": 64,
  "size_y": 64,
  "size_z": 33,
  "snr": 4.310997848163053,
  "spacing_tr": 2.0,
  "spacing_x": 3.0,
  "spacing_y": 3.0,
  "spacing_z": 3.9000000953674316,
  "summary_bg_k": 13.816012929007822,
  "summary_bg_mad": 10.590015411376953,
  "summary_bg_mean": 57.795654296875,
  "summary_bg_median": 31.71428680419922,
  "summary_bg_n": 66669.0,
  "summary_bg_p05": 23.814287185668945,
  "summary_bg_p95": 196.16857604980464,
  "summary_bg_stdv": 64.91217803955078,
  "summary_fg_k": 2.0622155386335823,
  "summary_fg_mad": 157.8971405029297,
  "summary_fg_mean": 839.47412109375,
  "summary_fg_median": 837.1857299804688,
  "summary_fg_n": 36077.0,
  "summary_fg_p05": 533.553369140625,
  "summary_fg_p95": 1153.3276611328124,
  "summary_fg_stdv": 194.19497680664062,
  "tsnr": 57.45624542236328
}