{
  "aor": 0.002032047619047619,
  "aqi": 0.005581879333333333,
  "bids_meta": {
    "EchoTime": 0.03,
    "FlipAngle": 78,
    "MagneticFieldStrength": 3,
    "Manufacturer": "Siemens",
    "ManufacturersModelName": "TIM TRIO",
    "PulseSequenceType": "EPI",
    "RepetitionTime": 2.0,
    "TaskName": "face recognition",
    "modality": "bold",
    "run_id": "08",
    "session_id": "mri",
    "subject_id": "13",
    "task_id": "facerecognition"
  },
  "dummy_trs": 0,
  "dvars_nstd": 26.115368893110034,
  "dvars_std": 1.203523005119617,
  "dvars_vstd": 1.023134670622009,
  "efc": 0.5709047110507848,
  "fber": 927.9764404296875,
  "fd_mean": 0.13839582012491242,
  "fd_num": 40,
  "fd_perc": 19.047619047619047,
  "fwhm_avg": 2.4189816927487757,
  "fwhm_x": 2.34389,
  "fwhm_y": 2.8700166666666664,
  "fwhm_z": 2.0430384115796603,
  "gcor": 0.0363355,
  "gsr_x": -0.015276220627129078,
  "gsr_y": 0.037326764315366745,
  "provenance": {
    "md5sum": "21ce82797dce3d9363462e92db607ba7",
    "settings": {
      "fd_thres": 0.2,
      "hmc_fsl": false
    },
    "software": "mriqc",
    "version": "0.9.6"
  },
  "size_t": 210,
  "size_x": 64,
  "size_y": 64,
  "size_z": 33,
  "snr": 4.6047438834422625,
  "spacing_tr": 2.0,
  "spacing_x": 3.0,
  "spacing_y": 3.0,
  "spacing_z": 3.9000000953674316,
  "summary_bg_k": 40.657616642523486,
  "summary_bg_mad": 6.481091022491455,
  "summary_bg_mean": 45.85283660888672,
  "summary_bg_median": 26.290477752685547,
  "summary_bg_n": 67381.0,
  "summary_bg_p05": 21.342857360839844,
  "summary_bg_p95": 140.92857360839844,
  "summary_bg_stdv": 56.302955627441406,
  "summary_fg_k": 2.1037584134783067,
  "summary_fg_mad": 153.51991271972656,
  "summary_fg_mean": 849.7119140625,
  "summary_fg_median": 852.79052734375,
  "summary_fg_n": 35957.0,
  "summary_fg_p05": 557.2666625976562,
  "summary_fg_p95": 1143.2000732421875,
  "summary_fg_stdv": 185.1956787109375,
  "tsnr": 61.89895248413086
}