{
  "aor": 0.0015069047619047616,
  "aqi": 0.010700260619047618,
  "bids_meta": {
    "EchoTime": 0.03,
    "FlipAngle": 78,
    "MagneticFieldStrength": 3,
    "Manufacturer": "Siemens",
    "ManufacturersModelName": "TIM TRIO",
    "PulseSequenceType": "EPI",
    "RepetitionTime": 2.0,
    "TaskName": "face recognition",
    "modality": "bold",
    "run_id": "03",
    "session_id": "mri",
    "subject_id": "12",
    "task_id": "facerecognition"
  },
  "dummy_trs": 0,
  "dvars_nstd": 33.244494287607665,
  "dvars_std": 1.1584637450239232,
  "dvars_vstd": 0.9799834479904304,
  "efc": 0.58728460034543,
  "fber": 786.1748657226562,
  "fd_mean": 0.19823579581708617,
  "fd_num": 66,
  "fd_perc": 31.428571428571427,
  "fwhm_avg": 2.327842161227249,
  "fwhm_x": 2.302483150348413,
  "fwhm_y": 2.6608300000000003,
  "fwhm_z": 2.0202133333333334,
  "gcor": 0.0296505,
  "gsr_x": 0.0005142810987308621,
  "gsr_y": 0.025616351515054703,
  "provenance": {
    "md5sum": "56ac93ee100e317a26d2244039260b7a",
    "settings": {
      "fd_thres": 0.2,
      "hmc_fsl": false
    },
    "software": "mriqc",
    "version": "0.9.6"
  },
  "size_t": 210,
  "size_x": 64,
  "size_y": 64,
  "size_z": 33,
  "snr": 4.42689417441076,
  "spacing_tr": 2.0,
  "spacing_x": 3.000000238418579,
  "spacing_y": 3.0,
  "spacing_z": 3.75,
  "summary_bg_k": 77.39969522952968,
  "summary_bg_mad": 7.7589521408081055,
  "summary_bg_mean": 45.487632751464844,
  "summary_bg_median": 27.44285774230957,
  "summary_bg_n": 63916.0,
  "summary_bg_p05": 21.185714721679688,
  "summary_bg_p95": 116.1309585571289,
  "summary_bg_stdv": 64.4001235961914,
  "summary_fg_k": 1.944118855812122,
  "summary_fg_mad": 148.56735229492188,
  "summary_fg_mean": 819.0093994140625,
  "summary_fg_median": 815.5571899414062,
  "summary_fg_n": 38626.0,
  "summary_fg_p05": 528.8059539794922,
  "summary_fg_p95": 1121.5703125,
  "summary_fg_stdv": 184.2254638671875,
  "tsnr": 45.19987487792969
}