{
  "aor": 0.006508142857142857,
  "aqi": 0.005839278571428572,
  "bids_meta": {
    "EchoTime": 0.03,
    "FlipAngle": 78,
    "MagneticFieldStrength": 3,
    "Manufacturer": "Siemens",
    "ManufacturersModelName": "TIM TRIO",
    "PulseSequenceType": "EPI",
    "RepetitionTime": 2.0,
    "TaskName": "face recognition",
    "modality": "bold",
    "run_id": "06",
    "session_id": "mri",
    "subject_id": "15",
    "task_id": "facerecognition"
  },
  "dummy_trs": 0,
  "dvars_nstd": 25.021821346220094,
  "dvars_std": 1.062081507799043,
  "dvars_vstd": 1.0185954842105265,
  "efc": 0.5888524588848592,
  "fber": 590.4067993164062,
  "fd_mean": 0.12844467216236014,
  "fd_num": 13,
  "fd_perc": 6.190476190476191,
  "fwhm_avg": 2.343258981133826,
  "fwhm_x": 2.3447931469859165,
  "fwhm_y": 2.6509633333333333,
  "fwhm_z": 2.034020463082229,
  "gcor": 0.0163767,
  "gsr_x": -0.0017891244497150183,
  "gsr_y": 0.03311294689774513,
  "provenance": {
    "md5sum": "fa70d897d3807411c96a56488bb43655",
    "settings": {
      "fd_thres": 0.2,
      "hmc_fsl": false
    },
    "software": "mriqc",
    "version": "0.9.6"
  },
  "size_t": 210,
  "size_x": 64,
  "size_y": 64,
  "size_z": 33,
  "snr": 3.7514856191570307,
  "spacing_tr": 2.0,
  "spacing_x": 3.000000238418579,
  "spacing_y": 3.0,
  "spacing_z": 3.9000000953674316,
  "summary_bg_k": 35.31911742775963,
  "summary_bg_mad": 11.126578330993652,
  "summary_bg_mean": 57.92310333251953,
  "summary_bg_median": 31.538097381591797,
  "summary_bg_n": 65739.0,
  "summary_bg_p05": 22.63809585571289,
  "summary_bg_p95": 201.54381408691404,
  "summary_bg_stdv": 71.4613037109375,
  "summary_fg_k": 1.472565531822676,
  "summary_fg_mad": 173.76100158691406,
  "summary_fg_mean": 843.533935546875,
  "summary_fg_median": 827.8857421875,
  "summary_fg_n": 36817.0,
  "summary_fg_p05": 517.1057373046875,
  "summary_fg_p95": 1243.5582031249999,
  "summary_fg_stdv": 220.67910766601562,
  "tsnr": 51.59959411621094
}