{
  "aor": 0.0027876666666666666,
  "aqi": 0.0059099974285714285,
  "bids_meta": {
    "EchoTime": 0.03,
    "FlipAngle": 78,
    "MagneticFieldStrength": 3,
    "Manufacturer": "Siemens",
    "ManufacturersModelName": "TIM TRIO",
    "PulseSequenceType": "EPI",
    "RepetitionTime": 2.0,
    "TaskName": "face recognition",
    "modality": "bold",
    "run_id": "08",
    "session_id": "mri",
    "subject_id": "02",
    "task_id": "facerecognition"
  },
  "dummy_trs": 0,
  "dvars_nstd": 25.575873653014337,
  "dvars_std": 1.1436172335406702,
  "dvars_vstd": 1.0246922119138753,
  "efc": 0.6115107520962692,
  "fber": 671.546630859375,
  "fd_mean": 0.08634465426904432,
  "fd_num": 13,
  "fd_perc": 6.190476190476191,
  "fwhm_avg": 2.3271741114950024,
  "fwhm_x": 2.278579818914746,
  "fwhm_y": 2.7182399999999998,
  "fwhm_z": 1.9847025155702611,
  "gcor": 0.0164218,
  "gsr_x": -0.016010504215955734,
  "gsr_y": 0.06621988862752914,
  "provenance": {
    "md5sum": "105ba119a37eb0b0273a1dc10977ae80",
    "settings": {
      "fd_thres": 0.2,
      "hmc_fsl": false
    },
    "software": "mriqc",
    "version": "0.9.6"
  },
  "size_t": 210,
  "size_x": 64,
  "size_y": 64,
  "size_z": 33,
  "snr": 4.122324918703401,
  "spacing_tr": 2.0,
  "spacing_x": 3.000000238418579,
  "spacing_y": 3.0,
  "spacing_z": 3.9000000953674316,
  "summary_bg_k": 59.06520027134052,
  "summary_bg_mad": 8.52143383026123,
  "summary_bg_mean": 54.15403366088867,
  "summary_bg_median": 29.16190528869629,
  "summary_bg_n": 62173.0,
  "summary_bg_p05": 22.685714721679688,
  "summary_bg_p95": 175.79429016113278,
  "summary_bg_stdv": 70.75371551513672,
  "summary_fg_k": 1.7180156146699028,
  "summary_fg_mad": 156.06153869628906,
  "summary_fg_mean": 815.6737670898438,
  "summary_fg_median": 803.1762084960938,
  "summary_fg_n": 41249.0,
  "summary_fg_p05": 532.9314453125,
  "summary_fg_p95": 1157.7038330078121,
  "summary_fg_stdv": 194.8333740234375,
  "tsnr": 56.997108459472656
}