{
  "aor": 0.0008360765550239235,
  "aqi": 0.008284307607655502,
  "bids_meta": {
    "EchoTime": 0.03,
    "FlipAngle": 78,
    "MagneticFieldStrength": 3,
    "Manufacturer": "Siemens",
    "ManufacturersModelName": "TIM TRIO",
    "PulseSequenceType": "EPI",
    "RepetitionTime": 2.0,
    "TaskName": "face recognition",
    "modality": "bold",
    "run_id": "05",
    "session_id": "mri",
    "subject_id": "04",
    "task_id": "facerecognition"
  },
  "dummy_trs": 1,
  "dvars_nstd": 29.905100520144245,
  "dvars_std": 1.1532585282692307,
  "dvars_vstd": 0.9884663842788464,
  "efc": 0.5886097538883274,
  "fber": 676.4373779296875,
  "fd_mean": 0.1602010813676752,
  "fd_num": 55,
  "fd_perc": 26.31578947368421,
  "fwhm_avg": 2.4127858809307487,
  "fwhm_x": 2.4125799999999997,
  "fwhm_y": 2.8008699999999997,
  "fwhm_z": 2.024907642792246,
  "gcor": 0.023977,
  "gsr_x": -0.00577881932258606,
  "gsr_y": 0.017004359513521194,
  "provenance": {
    "md5sum": "7e75ac080a36ecb483d805d16d09c393",
    "settings": {
      "fd_thres": 0.2,
      "hmc_fsl": false
    },
    "software": "mriqc",
    "version": "0.9.6"
  },
  "size_t": 209,
  "size_x": 64,
  "size_y": 64,
  "size_z": 33,
  "snr": 4.329646093735952,
  "spacing_tr": 2.0,
  "spacing_x": 3.0,
  "spacing_y": 3.0,
  "spacing_z": 3.9000000953674316,
  "summary_bg_k": 59.41107030191857,
  "summary_bg_mad": 9.739774703979492,
  "summary_bg_mean": 50.12541580200195,
  "summary_bg_median": 30.44976043701172,
  "summary_bg_n": 63576.0,
  "summary_bg_p05": 22.966506958007812,
  "summary_bg_p95": 130.83970260620117,
  "summary_bg_stdv": 64.30347442626953,
  "summary_fg_k": 2.0307952489026224,
  "summary_fg_mad": 156.15911865234375,
  "summary_fg_mean": 840.9520263671875,
  "summary_fg_median": 846.23681640625,
  "summary_fg_n": 38002.0,
  "summary_fg_p05": 514.4150268554687,
  "summary_fg_p95": 1144.169610595703,
  "summary_fg_stdv": 195.44915771484375,
  "tsnr": 51.23907470703125
}