{
  "aor": 0.009706744186046511,
  "aqi": 0.010202996104651162,
  "bids_meta": {
    "EchoTime": 0.03,
    "FlipAngle": 78,
    "MagneticFieldStrength": 3,
    "Manufacturer": "Siemens",
    "ManufacturersModelName": "TIM TRIO",
    "PulseSequenceType": "EPI",
    "RepetitionTime": 2.0,
    "TaskName": "face recognition",
    "modality": "bold",
    "run_id": "09",
    "session_id": "mri",
    "subject_id": "10",
    "task_id": "facerecognition"
  },
  "dummy_trs": 0,
  "dvars_nstd": 28.243257266140343,
  "dvars_std": 1.216882519239766,
  "dvars_vstd": 1.0840757983625735,
  "efc": 0.5868584333042759,
  "fber": 683.7408447265625,
  "fd_mean": 0.14346862033212918,
  "fd_num": 33,
  "fd_perc": 19.186046511627907,
  "fwhm_avg": 2.3951650605134738,
  "fwhm_x": 2.3830131439484643,
  "fwhm_y": 2.774723112818153,
  "fwhm_z": 2.027758924773805,
  "gcor": 0.0304238,
  "gsr_x": -0.007465057075023651,
  "gsr_y": 0.047968339174985886,
  "provenance": {
    "md5sum": "8f05ebb9b95aac57815dfb1748e20c87",
    "settings": {
      "fd_thres": 0.2,
      "hmc_fsl": false
    },
    "software": "mriqc",
    "version": "0.9.6"
  },
  "size_t": 172,
  "size_x": 64,
  "size_y": 64,
  "size_z": 33,
  "snr": 3.968511889820506,
  "spacing_tr": 2.0,
  "spacing_x": 3.000000238418579,
  "spacing_y": 3.000000238418579,
  "spacing_z": 3.9000000953674316,
  "summary_bg_k": 69.27213419932795,
  "summary_bg_mad": 10.688529014587402,
  "summary_bg_mean": 57.46158981323242,
  "summary_bg_median": 30.523256301879883,
  "summary_bg_n": 65481.0,
  "summary_bg_p05": 22.19186019897461,
  "summary_bg_p95": 178.32557678222656,
  "summary_bg_stdv": 84.74945068359375,
  "summary_fg_k": 1.760050496229713,
  "summary_fg_mad": 176.5417022705078,
  "summary_fg_mean": 863.4535522460938,
  "summary_fg_median": 855.5232543945312,
  "summary_fg_n": 37601.0,
  "summary_fg_p05": 531.406982421875,
  "summary_fg_p95": 1218.4476318359375,
  "summary_fg_stdv": 215.57498168945312,
  "tsnr": 40.76341247558594
}