{
  "bids_meta": {
    "EchoTime": 0.095,
    "FlipAngle": 90,
    "MagneticFieldStrength": 3,
    "Manufacturer": "Siemens",
    "ManufacturersModelName": "TIM TRIO",
    "PulseSequenceType": "EPI",
    "RepetitionTime": 2,
    "acq_id": "epi",
    "modality": "T1w",
    "session_id": "mri",
    "subject_id": "16"
  },
  "cjv": 0.8714592970632598,
  "cnr": 1.3532424976620085,
  "efc": 0.7440326264831912,
  "fber": 72.56414031982422,
  "fwhm_avg": 1.8894018223386204,
  "fwhm_x": 1.92058,
  "fwhm_y": 1.8676033333333333,
  "fwhm_z": 1.8800221336825274,
  "icvs_csf": 0.20944046096029156,
  "icvs_gm": 0.5535806231063065,
  "icvs_wm": 0.23697891593340192,
  "inu_med": 1.000268816947937,
  "inu_range": 0.5556390643119812,
  "provenance": {
    "md5sum": "9a49766dc0e8ee9ebdb617f4ae0a8db1",
    "mriqc_pred": 0,
    "settings": {
      "testing": false
    },
    "software": "mriqc",
    "version": "0.9.6",
    "warnings": {
      "large_rot_frame": false,
      "small_air_mask": true
    }
  },
  "qi_1": 0.0,
  "qi_2": 0.003664207817169928,
  "rpve_csf": 8.913884289919059,
  "rpve_gm": 3.253344426009423,
  "rpve_wm": 5.619740229394476,
  "size_x": 64,
  "size_y": 64,
  "size_z": 33,
  "snr_csf": 1.5878113301229593,
  "snr_gm": 10.317330369848795,
  "snr_total": 7.652821413458368,
  "snr_wm": 11.05332254040335,
  "snrd_csf": 12.425766372087445,
  "snrd_gm": 14.808506046282757,
  "snrd_total": 15.080344840713224,
  "snrd_wm": 18.00676210376947,
  "spacing_x": 3.0,
  "spacing_y": 3.0,
  "spacing_z": 4.050000190734863,
  "summary_bg_k": 14.524500634607406,
  "summary_bg_mad": 37.143558502197266,
  "summary_bg_mean": 88.68761444091797,
  "summary_bg_median": 81.17284393310547,
  "summary_bg_n": 20198.0,
  "summary_bg_p05": 0.0,
  "summary_bg_p95": 174.62904586791973,
  "summary_bg_stdv": 52.948944091796875,
  "summary_csf_k": 1.1325928199560238,
  "summary_csf_mad": 490.472412109375,
  "summary_csf_mean": 871.8421630859375,
  "summary_csf_median": 704.490234375,
  "summary_csf_n": 8825.0,
  "summary_csf_p05": 327.4372863769531,
  "summary_csf_p95": 1576.4145507812495,
  "summary_csf_stdv": 443.6612243652344,
  "summary_gm_k": 0.4879778929427627,
  "summary_gm_mad": 76.30098724365234,
  "summary_gm_mean": 844.9440307617188,
  "summary_gm_median": 839.5818481445312,
  "summary_gm_n": 19360.0,
  "summary_gm_p05": 719.6205474853515,
  "summary_gm_p95": 988.0270690917969,
  "summary_gm_stdv": 81.373779296875,
  "summary_wm_k": 1.5388573434611894,
  "summary_wm_mad": 81.71903991699219,
  "summary_wm_mean": 1022.7762451171875,
  "summary_wm_median": 1020.909912109375,
  "summary_wm_n": 6346.0,
  "summary_wm_p05": 885.1465911865234,
  "summary_wm_p95": 1172.1973266601562,
  "summary_wm_stdv": 92.35498809814453,
  "tpm_overlap_csf": 0.11157039552927017,
  "tpm_overlap_gm": 0.40161648392677307,
  "tpm_overlap_wm": 0.25595611333847046,
  "wm2max": 0.44032230558690805
}