{
  "aor": 0.004088851674641148,
  "aqi": 0.008179022105263157,
  "bids_meta": {
    "EchoTime": 0.03,
    "FlipAngle": 78,
    "MagneticFieldStrength": 3,
    "Manufacturer": "Siemens",
    "ManufacturersModelName": "TIM TRIO",
    "PulseSequenceType": "EPI",
    "RepetitionTime": 2.0,
    "TaskName": "face recognition",
    "modality": "bold",
    "run_id": "06",
    "session_id": "mri",
    "subject_id": "14",
    "task_id": "facerecognition"
  },
  "dummy_trs": 1,
  "dvars_nstd": 25.76863943600964,
  "dvars_std": 1.1807431617307693,
  "dvars_vstd": 1.0179024908173078,
  "efc": 0.5683564772104047,
  "fber": 831.5816650390625,
  "fd_mean": 0.12312876073392044,
  "fd_num": 23,
  "fd_perc": 11.004784688995215,
  "fwhm_avg": 2.408982,
  "fwhm_x": 2.367853333333333,
  "fwhm_y": 2.7848633333333335,
  "fwhm_z": 2.0742293333333333,
  "gcor": 0.0116305,
  "gsr_x": -0.005966817494481802,
  "gsr_y": 0.036712855100631714,
  "provenance": {
    "md5sum": "93588a462bef076abd89aca6f43f359d",
    "settings": {
      "fd_thres": 0.2,
      "hmc_fsl": false
    },
    "software": "mriqc",
    "version": "0.9.6"
  },
  "size_t": 209,
  "size_x": 64,
  "size_y": 64,
  "size_z": 33,
  "snr": 4.459124754436655,
  "spacing_tr": 2.0,
  "spacing_x": 3.0,
  "spacing_y": 3.0,
  "spacing_z": 3.75,
  "summary_bg_k": 77.93923913216834,
  "summary_bg_mad": 7.35626220703125,
  "summary_bg_mean": 45.190486907958984,
  "summary_bg_median": 26.6842098236084,
  "summary_bg_n": 68120.0,
  "summary_bg_p05": 20.93779754638672,
  "summary_bg_p95": 128.91889495849608,
  "summary_bg_stdv": 55.80405807495117,
  "summary_fg_k": 1.9937472545428871,
  "summary_fg_mad": 149.63998413085938,
  "summary_fg_mean": 813.9981689453125,
  "summary_fg_median": 813.9904174804688,
  "summary_fg_n": 35060.0,
  "summary_fg_p05": 527.5865875244141,
  "summary_fg_p95": 1108.0832153320312,
  "summary_fg_stdv": 182.5422821044922,
  "tsnr": 52.11302947998047
}