{
  "aor": 0.011259857142857143,
  "aqi": 0.014605392380952379,
  "bids_meta": {
    "EchoTime": 0.03,
    "FlipAngle": 78,
    "MagneticFieldStrength": 3,
    "Manufacturer": "Siemens",
    "ManufacturersModelName": "TIM TRIO",
    "PulseSequenceType": "EPI",
    "RepetitionTime": 2.0,
    "TaskName": "face recognition",
    "modality": "bold",
    "run_id": "08",
    "session_id": "mri",
    "subject_id": "03",
    "task_id": "facerecognition"
  },
  "dummy_trs": 0,
  "dvars_nstd": 39.783345500765556,
  "dvars_std": 1.162477191435407,
  "dvars_vstd": 1.0544065793779895,
  "efc": 0.5896545432527395,
  "fber": 611.099609375,
  "fd_mean": 0.3627410949726892,
  "fd_num": 101,
  "fd_perc": 48.095238095238095,
  "fwhm_avg": 2.423646820829882,
  "fwhm_x": 2.3989,
  "fwhm_y": 2.8137866666666667,
  "fwhm_z": 2.0582537958229796,
  "gcor": 0.0501116,
  "gsr_x": 0.0014154658420011401,
  "gsr_y": 0.044595733284950256,
  "provenance": {
    "md5sum": "b35a402f486a1c8c261f577569eb61df",
    "settings": {
      "fd_thres": 0.2,
      "hmc_fsl": false
    },
    "software": "mriqc",
    "version": "0.9.6"
  },
  "size_t": 210,
  "size_x": 64,
  "size_y": 64,
  "size_z": 33,
  "snr": 4.246373046890882,
  "spacing_tr": 2.0,
  "spacing_x": 3.0,
  "spacing_y": 3.0,
  "spacing_z": 3.9000000953674316,
  "summary_bg_k": 12.2441045236044,
  "summary_bg_mad": 11.68431568145752,
  "summary_bg_mean": 60.90955352783203,
  "summary_bg_median": 32.266666412353516,
  "summary_bg_n": 67548.0,
  "summary_bg_p05": 23.361906051635742,
  "summary_bg_p95": 213.6428680419922,
  "summary_bg_stdv": 71.06885528564453,
  "summary_fg_k": 2.2173836200063013,
  "summary_fg_mad": 157.52296447753906,
  "summary_fg_mean": 842.9458618164062,
  "summary_fg_median": 843.6286010742188,
  "summary_fg_n": 35995.0,
  "summary_fg_p05": 524.7114379882812,
  "summary_fg_p95": 1159.8595581054688,
  "summary_fg_stdv": 198.66763305664062,
  "tsnr": 34.53018569946289
}