{
  "aor": 0.0007538095238095238,
  "aqi": 0.005212201857142858,
  "bids_meta": {
    "EchoTime": 0.03,
    "FlipAngle": 78,
    "MagneticFieldStrength": 3,
    "Manufacturer": "Siemens",
    "ManufacturersModelName": "TIM TRIO",
    "PulseSequenceType": "EPI",
    "RepetitionTime": 2.0,
    "TaskName": "face recognition",
    "modality": "bold",
    "run_id": "02",
    "session_id": "mri",
    "subject_id": "09",
    "task_id": "facerecognition"
  },
  "dummy_trs": 0,
  "dvars_nstd": 26.501822257081354,
  "dvars_std": 1.1121937381339713,
  "dvars_vstd": 1.0064501496172247,
  "efc": 0.6016021716623667,
  "fber": 681.562744140625,
  "fd_mean": 0.1489295203753572,
  "fd_num": 45,
  "fd_perc": 21.428571428571427,
  "fwhm_avg": 2.328281929010432,
  "fwhm_x": 2.2236766666666665,
  "fwhm_y": 2.6797664536979635,
  "fwhm_z": 2.0814026666666665,
  "gcor": 0.0217562,
  "gsr_x": -0.01248425804078579,
  "gsr_y": 0.04142512381076813,
  "provenance": {
    "md5sum": "e1820f028e888af08ce609214a34da4e",
    "settings": {
      "fd_thres": 0.2,
      "hmc_fsl": false
    },
    "software": "mriqc",
    "version": "0.9.6"
  },
  "size_t": 210,
  "size_x": 64,
  "size_y": 64,
  "size_z": 33,
  "snr": 4.179568995251596,
  "spacing_tr": 2.0,
  "spacing_x": 3.0,
  "spacing_y": 3.000000238418579,
  "spacing_z": 3.75,
  "summary_bg_k": 67.4809202291546,
  "summary_bg_mad": 7.328291893005371,
  "summary_bg_mean": 48.30587387084961,
  "summary_bg_median": 27.642858505249023,
  "summary_bg_n": 62265.0,
  "summary_bg_p05": 22.066667556762695,
  "summary_bg_p95": 143.5542877197265,
  "summary_bg_stdv": 63.384971618652344,
  "summary_fg_k": 1.6479297733232778,
  "summary_fg_mad": 149.96163940429688,
  "summary_fg_mean": 772.8563842773438,
  "summary_fg_median": 770.6904907226562,
  "summary_fg_n": 40299.0,
  "summary_fg_p05": 473.2652618408203,
  "summary_fg_p95": 1077.0238159179685,
  "summary_fg_stdv": 184.39244079589844,
  "tsnr": 57.810237884521484
}