{
  "aor": 0.0013667142857142856,
  "aqi": 0.007045151142857144,
  "bids_meta": {
    "EchoTime": 0.03,
    "FlipAngle": 78,
    "MagneticFieldStrength": 3,
    "Manufacturer": "Siemens",
    "ManufacturersModelName": "TIM TRIO",
    "PulseSequenceType": "EPI",
    "RepetitionTime": 2.0,
    "TaskName": "face recognition",
    "modality": "bold",
    "run_id": "05",
    "session_id": "mri",
    "subject_id": "09",
    "task_id": "facerecognition"
  },
  "dummy_trs": 0,
  "dvars_nstd": 26.36672972727272,
  "dvars_std": 1.0866616714354067,
  "dvars_vstd": 1.0008683504784683,
  "efc": 0.6024852513753148,
  "fber": 673.4822387695312,
  "fd_mean": 0.17974007374746737,
  "fd_num": 68,
  "fd_perc": 32.38095238095238,
  "fwhm_avg": 2.344701928544809,
  "fwhm_x": 2.2363866666666667,
  "fwhm_y": 2.697343118967762,
  "fwhm_z": 2.100376,
  "gcor": 0.0131571,
  "gsr_x": -0.013201755471527576,
  "gsr_y": 0.04302771016955376,
  "provenance": {
    "md5sum": "3a393d8f296f7905ae8541a4c1b246f9",
    "settings": {
      "fd_thres": 0.2,
      "hmc_fsl": false
    },
    "software": "mriqc",
    "version": "0.9.6"
  },
  "size_t": 210,
  "size_x": 64,
  "size_y": 64,
  "size_z": 33,
  "snr": 4.1302355479264445,
  "spacing_tr": 2.0,
  "spacing_x": 3.0,
  "spacing_y": 3.000000238418579,
  "spacing_z": 3.75,
  "summary_bg_k": 63.40239280438014,
  "summary_bg_mad": 7.787190914154053,
  "summary_bg_mean": 49.73171615600586,
  "summary_bg_median": 28.128572463989258,
  "summary_bg_n": 62335.0,
  "summary_bg_p05": 22.15714454650879,
  "summary_bg_p95": 149.1776214599609,
  "summary_bg_stdv": 65.20761108398438,
  "summary_fg_k": 1.6543970679009847,
  "summary_fg_mad": 153.8341064453125,
  "summary_fg_mean": 783.0907592773438,
  "summary_fg_median": 778.895263671875,
  "summary_fg_n": 40406.0,
  "summary_fg_p05": 480.74405670166016,
  "summary_fg_p95": 1095.40478515625,
  "summary_fg_stdv": 188.58140563964844,
  "tsnr": 52.722232818603516
}