{
  "aor": 0.002632857142857143,
  "aqi": 0.004066393761904762,
  "bids_meta": {
    "EchoTime": 0.03,
    "FlipAngle": 78,
    "MagneticFieldStrength": 3,
    "Manufacturer": "Siemens",
    "ManufacturersModelName": "TIM TRIO",
    "PulseSequenceType": "EPI",
    "RepetitionTime": 2.0,
    "TaskName": "face recognition",
    "modality": "bold",
    "run_id": "05",
    "session_id": "mri",
    "subject_id": "15",
    "task_id": "facerecognition"
  },
  "dummy_trs": 0,
  "dvars_nstd": 24.768128399808624,
  "dvars_std": 1.1079793853110054,
  "dvars_vstd": 1.0304637730143542,
  "efc": 0.5883852039899615,
  "fber": 598.3712768554688,
  "fd_mean": 0.13059537836529375,
  "fd_num": 22,
  "fd_perc": 10.476190476190476,
  "fwhm_avg": 2.3207055631831195,
  "fwhm_x": 2.3130998161713427,
  "fwhm_y": 2.6166066666666667,
  "fwhm_z": 2.0324102067113485,
  "gcor": 0.014411,
  "gsr_x": -0.0031655544880777597,
  "gsr_y": 0.031635791063308716,
  "provenance": {
    "md5sum": "980fdcb0b6998864a0e84f27197ebb44",
    "settings": {
      "fd_thres": 0.2,
      "hmc_fsl": false
    },
    "software": "mriqc",
    "version": "0.9.6"
  },
  "size_t": 210,
  "size_x": 64,
  "size_y": 64,
  "size_z": 33,
  "snr": 3.810860575591904,
  "spacing_tr": 2.0,
  "spacing_x": 3.000000238418579,
  "spacing_y": 3.0,
  "spacing_z": 3.9000000953674316,
  "summary_bg_k": 44.271333661855614,
  "summary_bg_mad": 10.695918083190918,
  "summary_bg_mean": 57.71546173095703,
  "summary_bg_median": 31.338096618652344,
  "summary_bg_n": 65947.0,
  "summary_bg_p05": 23.24285888671875,
  "summary_bg_p95": 198.13096160888665,
  "summary_bg_stdv": 72.46125793457031,
  "summary_fg_k": 1.4461560609712372,
  "summary_fg_mad": 172.96324157714844,
  "summary_fg_mean": 844.3295288085938,
  "summary_fg_median": 828.0809936523438,
  "summary_fg_n": 36535.0,
  "summary_fg_p05": 526.19287109375,
  "summary_fg_p95": 1247.5400268554686,
  "summary_fg_stdv": 217.2920379638672,
  "tsnr": 63.82313537597656
}