{
  "aor": 0.004068333333333333,
  "aqi": 0.004446505428571428,
  "bids_meta": {
    "EchoTime": 0.03,
    "FlipAngle": 78,
    "MagneticFieldStrength": 3,
    "Manufacturer": "Siemens",
    "ManufacturersModelName": "TIM TRIO",
    "PulseSequenceType": "EPI",
    "RepetitionTime": 2.0,
    "TaskName": "face recognition",
    "modality": "bold",
    "run_id": "03",
    "session_id": "mri",
    "subject_id": "10",
    "task_id": "facerecognition"
  },
  "dummy_trs": 0,
  "dvars_nstd": 26.630451375789466,
  "dvars_std": 1.2342117060765552,
  "dvars_vstd": 1.06118595277512,
  "efc": 0.5879555520692833,
  "fber": 690.833984375,
  "fd_mean": 0.07690409515712447,
  "fd_num": 7,
  "fd_perc": 3.3333333333333335,
  "fwhm_avg": 2.371384036491152,
  "fwhm_x": 2.340139814022397,
  "fwhm_y": 2.761043113905341,
  "fwhm_z": 2.0129691815457176,
  "gcor": 0.0394282,
  "gsr_x": -0.008453886955976486,
  "gsr_y": 0.044618114829063416,
  "provenance": {
    "md5sum": "918de368adaf807105adefe13f4247db",
    "settings": {
      "fd_thres": 0.2,
      "hmc_fsl": false
    },
    "software": "mriqc",
    "version": "0.9.6"
  },
  "size_t": 210,
  "size_x": 64,
  "size_y": 64,
  "size_z": 33,
  "snr": 3.9699477421938476,
  "spacing_tr": 2.0,
  "spacing_x": 3.000000238418579,
  "spacing_y": 3.000000238418579,
  "spacing_z": 3.9000000953674316,
  "summary_bg_k": 65.76265921852846,
  "summary_bg_mad": 9.312150955200195,
  "summary_bg_mean": 56.737998962402344,
  "summary_bg_median": 29.890478134155273,
  "summary_bg_n": 64835.0,
  "summary_bg_p05": 22.904762268066406,
  "summary_bg_p95": 179.686195373535,
  "summary_bg_stdv": 84.12835693359375,
  "summary_fg_k": 1.7967372645859871,
  "summary_fg_mad": 172.17958068847656,
  "summary_fg_mean": 848.419677734375,
  "summary_fg_median": 839.357177734375,
  "summary_fg_n": 37859.0,
  "summary_fg_p05": 526.4514404296875,
  "summary_fg_p95": 1201.0599975585938,
  "summary_fg_stdv": 211.4249725341797,
  "tsnr": 59.97737121582031
}