{
  "bids_meta": {
    "EchoTime": 0.095,
    "FlipAngle": 90,
    "MagneticFieldStrength": 3,
    "Manufacturer": "Siemens",
    "ManufacturersModelName": "TIM TRIO",
    "PulseSequenceType": "EPI",
    "RepetitionTime": 2,
    "acq_id": "epi",
    "modality": "T1w",
    "session_id": "mri",
    "subject_id": "07"
  },
  "cjv": 4.283918255824362,
  "cnr": 0.3130853352330882,
  "efc": 0.6611717467154598,
  "fber": 71.4152603149414,
  "fwhm_avg": 1.8013217337182927,
  "fwhm_x": 1.8052633333333334,
  "fwhm_y": 1.6631898678215449,
  "fwhm_z": 1.935512,
  "icvs_csf": 0.21137396402791478,
  "icvs_gm": 0.3371023081012479,
  "icvs_wm": 0.4515237278708373,
  "inu_med": 0.9202851057052612,
  "inu_range": 0.46991348862647997,
  "provenance": {
    "md5sum": "9275cb13e4e0c48df7fc1a093779c5df",
    "mriqc_pred": 1,
    "settings": {
      "testing": false
    },
    "software": "mriqc",
    "version": "0.9.6",
    "warnings": {
      "large_rot_frame": false,
      "small_air_mask": true
    }
  },
  "qi_1": 0.0,
  "qi_2": 0.001912256373284295,
  "rpve_csf": 12.304681760789716,
  "rpve_gm": 6.405450819419819,
  "rpve_wm": 3.9543363963259424,
  "size_x": 64,
  "size_y": 64,
  "size_z": 33,
  "snr_csf": 1.7444355205460413,
  "snr_gm": 13.66281693956799,
  "snr_total": 7.182808445298835,
  "snr_wm": 6.141172875782473,
  "snrd_csf": 20.506873198682218,
  "snrd_gm": 18.681713677231237,
  "snrd_total": 19.684182906057057,
  "snrd_wm": 19.863961842257723,
  "spacing_x": 3.0,
  "spacing_y": 3.000000238418579,
  "spacing_z": 3.75,
  "summary_bg_k": 56.91419685661759,
  "summary_bg_mad": 29.473630905151367,
  "summary_bg_mean": 75.82452392578125,
  "summary_bg_median": 63.861854553222656,
  "summary_bg_n": 34011.0,
  "summary_bg_p05": 24.338424682617188,
  "summary_bg_p95": 157.24217224121094,
  "summary_bg_stdv": 62.47886657714844,
  "summary_csf_k": -0.3387357172352261,
  "summary_csf_mad": 636.5791015625,
  "summary_csf_mean": 975.6478881835938,
  "summary_csf_median": 922.5743408203125,
  "summary_csf_n": 6893.0,
  "summary_csf_p05": 325.106689453125,
  "summary_csf_p95": 1862.3929931640623,
  "summary_csf_stdv": 528.82861328125,
  "summary_gm_k": 0.5817366880977626,
  "summary_gm_mad": 57.37269592285156,
  "summary_gm_mean": 842.6669311523438,
  "summary_gm_median": 840.4630737304688,
  "summary_gm_n": 3118.0,
  "summary_gm_p05": 746.2526550292969,
  "summary_gm_p95": 948.0884521484375,
  "summary_gm_stdv": 61.5047607421875,
  "summary_wm_k": -0.7200644466987596,
  "summary_wm_mad": 170.47872924804688,
  "summary_wm_mean": 910.7381591796875,
  "summary_wm_median": 893.6506958007812,
  "summary_wm_n": 10854.0,
  "summary_wm_p05": 704.3500122070312,
  "summary_wm_p95": 1154.2298400878906,
  "summary_wm_stdv": 145.51121520996094,
  "tpm_overlap_csf": 0.1067207083106041,
  "tpm_overlap_gm": 0.29982316493988037,
  "tpm_overlap_wm": 0.3467063903808594,
  "wm2max": 0.3837425521228017
}