{
  "aor": 0.0007284688995215311,
  "aqi": 0.004957548995215311,
  "bids_meta": {
    "EchoTime": 0.03,
    "FlipAngle": 78,
    "MagneticFieldStrength": 3,
    "Manufacturer": "Siemens",
    "ManufacturersModelName": "TIM TRIO",
    "PulseSequenceType": "EPI",
    "RepetitionTime": 2.0,
    "TaskName": "face recognition",
    "modality": "bold",
    "run_id": "07",
    "session_id": "mri",
    "subject_id": "05",
    "task_id": "facerecognition"
  },
  "dummy_trs": 1,
  "dvars_nstd": 25.68572260759615,
  "dvars_std": 1.1488280308653847,
  "dvars_vstd": 1.0075947313461537,
  "efc": 0.5811185556894495,
  "fber": 793.5032958984375,
  "fd_mean": 0.07739724750162201,
  "fd_num": 5,
  "fd_perc": 2.3923444976076556,
  "fwhm_avg": 2.35782348240936,
  "fwhm_x": 2.288136666666667,
  "fwhm_y": 2.7611764472280784,
  "fwhm_z": 2.024157333333333,
  "gcor": 0.0142446,
  "gsr_x": -0.014471582137048244,
  "gsr_y": 0.03651457652449608,
  "provenance": {
    "md5sum": "74bf245e611b33e178d923c3f93e0d92",
    "settings": {
      "fd_thres": 0.2,
      "hmc_fsl": false
    },
    "software": "mriqc",
    "version": "0.9.6"
  },
  "size_t": 209,
  "size_x": 64,
  "size_y": 64,
  "size_z": 33,
  "snr": 4.421240125772875,
  "spacing_tr": 2.0,
  "spacing_x": 3.0,
  "spacing_y": 3.000000238418579,
  "spacing_z": 3.75,
  "summary_bg_k": 70.25480210271438,
  "summary_bg_mad": 6.611414909362793,
  "summary_bg_mean": 46.24522399902344,
  "summary_bg_median": 27.39712905883789,
  "summary_bg_n": 65633.0,
  "summary_bg_p05": 22.32535743713379,
  "summary_bg_p95": 124.57511749267556,
  "summary_bg_stdv": 63.775054931640625,
  "summary_fg_k": 2.068629225207663,
  "summary_fg_mad": 152.5236053466797,
  "summary_fg_mean": 823.4734497070312,
  "summary_fg_median": 821.033447265625,
  "summary_fg_n": 37123.0,
  "summary_fg_p05": 539.2129089355469,
  "summary_fg_p95": 1124.6415649414064,
  "summary_fg_stdv": 185.69956970214844,
  "tsnr": 65.34548950195312
}