{
  "aor": 0.0018546666666666666,
  "aqi": 0.00946304657142857,
  "bids_meta": {
    "EchoTime": 0.03,
    "FlipAngle": 78,
    "MagneticFieldStrength": 3,
    "Manufacturer": "Siemens",
    "ManufacturersModelName": "TIM TRIO",
    "PulseSequenceType": "EPI",
    "RepetitionTime": 2.0,
    "TaskName": "face recognition",
    "modality": "bold",
    "run_id": "01",
    "session_id": "mri",
    "subject_id": "08",
    "task_id": "facerecognition"
  },
  "dummy_trs": 0,
  "dvars_nstd": 25.559238498133965,
  "dvars_std": 1.147727941100479,
  "dvars_vstd": 0.9991615042105263,
  "efc": 0.593135600650887,
  "fber": 704.1997680664062,
  "fd_mean": 0.09523396110917919,
  "fd_num": 5,
  "fd_perc": 2.380952380952381,
  "fwhm_avg": 2.2815440000000002,
  "fwhm_x": 2.19037,
  "fwhm_y": 2.58543,
  "fwhm_z": 2.068832,
  "gcor": 0.0135864,
  "gsr_x": 0.003139728680253029,
  "gsr_y": 0.021062368527054787,
  "provenance": {
    "md5sum": "8168092fea77bd91181e8aec68c6c065",
    "settings": {
      "fd_thres": 0.2,
      "hmc_fsl": false
    },
    "software": "mriqc",
    "version": "0.9.6"
  },
  "size_t": 210,
  "size_x": 64,
  "size_y": 64,
  "size_z": 33,
  "snr": 4.797187027335444,
  "spacing_tr": 2.0,
  "spacing_x": 3.0,
  "spacing_y": 3.0,
  "spacing_z": 3.75,
  "summary_bg_k": 27.66603616678075,
  "summary_bg_mad": 7.476552963256836,
  "summary_bg_mean": 50.62460708618164,
  "summary_bg_median": 26.538095474243164,
  "summary_bg_n": 66557.0,
  "summary_bg_p05": 20.55238151550293,
  "summary_bg_p95": 167.59429626464825,
  "summary_bg_stdv": 68.49349975585938,
  "summary_fg_k": 2.4585690804911424,
  "summary_fg_mad": 125.3222427368164,
  "summary_fg_mean": 744.1007080078125,
  "summary_fg_median": 745.4381103515625,
  "summary_fg_n": 36631.0,
  "summary_fg_p05": 508.62144470214844,
  "summary_fg_p95": 991.7238464355469,
  "summary_fg_stdv": 155.3885498046875,
  "tsnr": 51.04901885986328
}