{
  "aor": 0.001407047619047619,
  "aqi": 0.007090140857142858,
  "bids_meta": {
    "EchoTime": 0.03,
    "FlipAngle": 78,
    "MagneticFieldStrength": 3,
    "Manufacturer": "Siemens",
    "ManufacturersModelName": "TIM TRIO",
    "PulseSequenceType": "EPI",
    "RepetitionTime": 2.0,
    "TaskName": "face recognition",
    "modality": "bold",
    "run_id": "02",
    "session_id": "mri",
    "subject_id": "04",
    "task_id": "facerecognition"
  },
  "dummy_trs": 0,
  "dvars_nstd": 29.05434236090909,
  "dvars_std": 1.1429959463636368,
  "dvars_vstd": 1.0010132036363641,
  "efc": 0.587843642470373,
  "fber": 689.2544555664062,
  "fd_mean": 0.14177620056525644,
  "fd_num": 31,
  "fd_perc": 14.761904761904763,
  "fwhm_avg": 2.4401689577508296,
  "fwhm_x": 2.45307,
  "fwhm_y": 2.829893333333333,
  "fwhm_z": 2.0375435399191555,
  "gcor": 0.0295218,
  "gsr_x": -0.0035336343571543694,
  "gsr_y": 0.017972640693187714,
  "provenance": {
    "md5sum": "30e6d283be59d195a87686e29efcb8e1",
    "settings": {
      "fd_thres": 0.2,
      "hmc_fsl": false
    },
    "software": "mriqc",
    "version": "0.9.6"
  },
  "size_t": 210,
  "size_x": 64,
  "size_y": 64,
  "size_z": 33,
  "snr": 4.282083293901054,
  "spacing_tr": 2.0,
  "spacing_x": 3.0,
  "spacing_y": 3.0,
  "spacing_z": 3.9000000953674316,
  "summary_bg_k": 56.89304136680676,
  "summary_bg_mad": 9.202722549438477,
  "summary_bg_mean": 46.733978271484375,
  "summary_bg_median": 29.664287567138672,
  "summary_bg_n": 62932.0,
  "summary_bg_p05": 22.24285888671875,
  "summary_bg_p95": 119.58167304992665,
  "summary_bg_stdv": 55.388179779052734,
  "summary_fg_k": 2.0011723761380393,
  "summary_fg_mad": 153.26573181152344,
  "summary_fg_mean": 819.1740112304688,
  "summary_fg_median": 826.6381225585938,
  "summary_fg_n": 38469.0,
  "summary_fg_p05": 491.23525390625,
  "summary_fg_p95": 1114.90859375,
  "summary_fg_stdv": 193.04327392578125,
  "tsnr": 53.382869720458984
}