{
  "aor": 0.0031025238095238094,
  "aqi": 0.0061416771428571435,
  "bids_meta": {
    "EchoTime": 0.03,
    "FlipAngle": 78,
    "MagneticFieldStrength": 3,
    "Manufacturer": "Siemens",
    "ManufacturersModelName": "TIM TRIO",
    "PulseSequenceType": "EPI",
    "RepetitionTime": 2.0,
    "TaskName": "face recognition",
    "modality": "bold",
    "run_id": "02",
    "session_id": "mri",
    "subject_id": "02",
    "task_id": "facerecognition"
  },
  "dummy_trs": 0,
  "dvars_nstd": 24.500289314689,
  "dvars_std": 1.084779916363636,
  "dvars_vstd": 1.0121964700956934,
  "efc": 0.6106459961046897,
  "fber": 677.9032592773438,
  "fd_mean": 0.07660942342590171,
  "fd_num": 9,
  "fd_perc": 4.285714285714286,
  "fwhm_avg": 2.34617582006268,
  "fwhm_x": 2.302379817023292,
  "fwhm_y": 2.7264733333333333,
  "fwhm_z": 2.009674309831416,
  "gcor": 0.0238743,
  "gsr_x": -0.013292601332068443,
  "gsr_y": 0.05836635082960129,
  "provenance": {
    "md5sum": "1cb2569aedcd0013e0798d0575498c6a",
    "settings": {
      "fd_thres": 0.2,
      "hmc_fsl": false
    },
    "software": "mriqc",
    "version": "0.9.6"
  },
  "size_t": 210,
  "size_x": 64,
  "size_y": 64,
  "size_z": 33,
  "snr": 4.120059135476359,
  "spacing_tr": 2.0,
  "spacing_x": 3.000000238418579,
  "spacing_y": 3.0,
  "spacing_z": 3.9000000953674316,
  "summary_bg_k": 77.57503538972057,
  "summary_bg_mad": 7.4059529304504395,
  "summary_bg_mean": 50.41765594482422,
  "summary_bg_median": 28.19047737121582,
  "summary_bg_n": 61232.0,
  "summary_bg_p05": 22.380952835083008,
  "summary_bg_p95": 160.11381225585933,
  "summary_bg_stdv": 64.68070220947266,
  "summary_fg_k": 1.7776814839596007,
  "summary_fg_mad": 150.65353393554688,
  "summary_fg_mean": 791.2449340820312,
  "summary_fg_median": 780.8333740234375,
  "summary_fg_n": 41677.0,
  "summary_fg_p05": 512.5,
  "summary_fg_p95": 1118.6696044921873,
  "summary_fg_stdv": 189.51766967773438,
  "tsnr": 53.92341995239258
}