{
  "aor": 0.0008573333333333335,
  "aqi": 0.007841796952380953,
  "bids_meta": {
    "EchoTime": 0.03,
    "FlipAngle": 78,
    "MagneticFieldStrength": 3,
    "Manufacturer": "Siemens",
    "ManufacturersModelName": "TIM TRIO",
    "PulseSequenceType": "EPI",
    "RepetitionTime": 2.0,
    "TaskName": "face recognition",
    "modality": "bold",
    "run_id": "04",
    "session_id": "mri",
    "subject_id": "06",
    "task_id": "facerecognition"
  },
  "dummy_trs": 0,
  "dvars_nstd": 31.717004885645938,
  "dvars_std": 1.0677702410526315,
  "dvars_vstd": 1.0079501525358845,
  "efc": 0.6127588448354971,
  "fber": 363.7255554199219,
  "fd_mean": 0.0861076037765173,
  "fd_num": 9,
  "fd_perc": 4.285714285714286,
  "fwhm_avg": 2.4165178761079917,
  "fwhm_x": 2.3754866666666667,
  "fwhm_y": 2.864583105676722,
  "fwhm_z": 2.0094838559805854,
  "gcor": 0.0096502,
  "gsr_x": -0.010035138577222824,
  "gsr_y": 0.03764156252145767,
  "provenance": {
    "md5sum": "7b0e0bbfcb8721ccbe8974df49f11bd4",
    "settings": {
      "fd_thres": 0.2,
      "hmc_fsl": false
    },
    "software": "mriqc",
    "version": "0.9.6"
  },
  "size_t": 210,
  "size_x": 64,
  "size_y": 64,
  "size_z": 33,
  "snr": 4.174439172459477,
  "spacing_tr": 2.0,
  "spacing_x": 3.0,
  "spacing_y": 3.000000238418579,
  "spacing_z": 4.050000190734863,
  "summary_bg_k": 63.011194668336785,
  "summary_bg_mad": 7.081192493438721,
  "summary_bg_mean": 64.81035614013672,
  "summary_bg_median": 40.78571701049805,
  "summary_bg_n": 63470.0,
  "summary_bg_p05": 34.81428527832031,
  "summary_bg_p95": 177.62215194702142,
  "summary_bg_stdv": 76.56871795654297,
  "summary_fg_k": 1.9592247093793915,
  "summary_fg_mad": 155.80032348632812,
  "summary_fg_mean": 822.4141845703125,
  "summary_fg_median": 824.2500610351562,
  "summary_fg_n": 39018.0,
  "summary_fg_p05": 502.2033447265625,
  "summary_fg_p95": 1140.0004760742188,
  "summary_fg_stdv": 197.44915771484375,
  "tsnr": 43.952964782714844
}