{
  "bids_meta": {
    "EchoTime": 0.095,
    "FlipAngle": 90,
    "MagneticFieldStrength": 3,
    "Manufacturer": "Siemens",
    "ManufacturersModelName": "TIM TRIO",
    "PulseSequenceType": "EPI",
    "RepetitionTime": 2,
    "acq_id": "epi",
    "modality": "T1w",
    "session_id": "mri",
    "subject_id": "12"
  },
  "cjv": 1.6167442358057134,
  "cnr": 0.7817704412631732,
  "efc": 0.6741332502356565,
  "fber": 93.24895477294922,
  "fwhm_avg": 1.7648275060312522,
  "fwhm_x": 1.86947985142709,
  "fwhm_y": 1.57284,
  "fwhm_z": 1.8521626666666668,
  "icvs_csf": 0.21079188618096217,
  "icvs_gm": 0.4097117841233077,
  "icvs_wm": 0.3794963296957301,
  "inu_med": 1.062540054321289,
  "inu_range": 0.571598255634308,
  "provenance": {
    "md5sum": "41e0801ad62c580cf915b63869d838e7",
    "mriqc_pred": 1,
    "settings": {
      "testing": false
    },
    "software": "mriqc",
    "version": "0.9.6",
    "warnings": {
      "large_rot_frame": false,
      "small_air_mask": true
    }
  },
  "qi_1": 0.0,
  "qi_2": 0.0018837940991051454,
  "rpve_csf": 11.34277840138936,
  "rpve_gm": 5.144526131219473,
  "rpve_wm": 3.9481008803897497,
  "size_x": 64,
  "size_y": 64,
  "size_z": 33,
  "snr_csf": 1.413511220936534,
  "snr_gm": 11.128864534860181,
  "snr_total": 6.2218766900973135,
  "snr_wm": 6.123254314495226,
  "snrd_csf": 17.399441095469633,
  "snrd_gm": 17.636343253857184,
  "snrd_total": 18.635220714990673,
  "snrd_wm": 20.869877795645206,
  "spacing_x": 3.000000238418579,
  "spacing_y": 3.0,
  "spacing_z": 3.75,
  "summary_bg_k": 57.191265126453764,
  "summary_bg_mad": 27.669492721557617,
  "summary_bg_mean": 76.53036499023438,
  "summary_bg_median": 62.42980194091797,
  "summary_bg_n": 33302.0,
  "summary_bg_p05": 22.670260143280032,
  "summary_bg_p95": 161.1437072753905,
  "summary_bg_stdv": 72.9283447265625,
  "summary_csf_k": 2.370704385587329,
  "summary_csf_mad": 564.9877319335938,
  "summary_csf_mean": 909.8876953125,
  "summary_csf_median": 734.8602905273438,
  "summary_csf_n": 7603.0,
  "summary_csf_p05": 300.7632232666016,
  "summary_csf_p95": 1761.0357421874999,
  "summary_csf_stdv": 519.8486938476562,
  "summary_gm_k": 1.0330357299353912,
  "summary_gm_mad": 59.78459548950195,
  "summary_gm_mean": 751.9913330078125,
  "summary_gm_median": 744.8657836914062,
  "summary_gm_n": 7497.0,
  "summary_gm_p05": 655.2293945312499,
  "summary_gm_p95": 874.1760864257812,
  "summary_gm_stdv": 66.926513671875,
  "summary_wm_k": -0.8762756219687189,
  "summary_wm_mad": 161.0099334716797,
  "summary_wm_mean": 852.5873413085938,
  "summary_wm_median": 881.4331665039062,
  "summary_wm_n": 8955.0,
  "summary_wm_p05": 622.43115234375,
  "summary_wm_p95": 1066.8708251953126,
  "summary_wm_stdv": 143.94044494628906,
  "tpm_overlap_csf": 0.08962717652320862,
  "tpm_overlap_gm": 0.3200177550315857,
  "tpm_overlap_wm": 0.31853893399238586,
  "wm2max": 0.37759924768072134
}