{
  "bids_meta": {
    "EchoTime": 0.095,
    "FlipAngle": 90,
    "MagneticFieldStrength": 3,
    "Manufacturer": "Siemens",
    "ManufacturersModelName": "TIM TRIO",
    "PulseSequenceType": "EPI",
    "RepetitionTime": 2,
    "acq_id": "epi",
    "modality": "T1w",
    "session_id": "mri",
    "subject_id": "15"
  },
  "cjv": 0.8023672546483748,
  "cnr": 1.465899034370294,
  "efc": 0.7024450859820707,
  "fber": 40.43534851074219,
  "fwhm_avg": 1.8790937783338666,
  "fwhm_x": 1.9933098415859667,
  "fwhm_y": 1.8018433333333332,
  "fwhm_z": 1.8421281600822996,
  "icvs_csf": 0.21098064454965834,
  "icvs_gm": 0.5439212435938973,
  "icvs_wm": 0.2450981118564444,
  "inu_med": 1.0499176979064941,
  "inu_range": 0.5719505965709686,
  "provenance": {
    "md5sum": "64e4890d26761f54c7b0d926b95c72a3",
    "mriqc_pred": 0,
    "settings": {
      "testing": false
    },
    "software": "mriqc",
    "version": "0.9.6",
    "warnings": {
      "large_rot_frame": false,
      "small_air_mask": true
    }
  },
  "qi_1": 0.0010802910431163219,
  "qi_2": 0.002002542799262381,
  "rpve_csf": 11.456763698630137,
  "rpve_gm": 4.298610881906397,
  "rpve_wm": 7.413679261924923,
  "size_x": 64,
  "size_y": 64,
  "size_z": 33,
  "snr_csf": 1.2778312680269805,
  "snr_gm": 10.102519046766707,
  "snr_total": 7.373939292040009,
  "snr_wm": 10.741467561326337,
  "snrd_csf": 11.37968545660497,
  "snrd_gm": 15.066677199964166,
  "snrd_total": 15.154823714737658,
  "snrd_wm": 19.018108487643836,
  "spacing_x": 3.000000238418579,
  "spacing_y": 3.0,
  "spacing_z": 3.9000000953674316,
  "summary_bg_k": 410.76096418027447,
  "summary_bg_mad": 37.824092864990234,
  "summary_bg_mean": 101.54649353027344,
  "summary_bg_median": 89.78524780273438,
  "summary_bg_n": 31439.0,
  "summary_bg_p05": 29.79894275665283,
  "summary_bg_p95": 201.77854766845692,
  "summary_bg_stdv": 79.7452163696289,
  "summary_csf_k": 0.5761789080902022,
  "summary_csf_mad": 472.2811584472656,
  "summary_csf_mean": 881.6776123046875,
  "summary_csf_median": 657.0025634765625,
  "summary_csf_n": 7267.0,
  "summary_csf_p05": 296.5916351318359,
  "summary_csf_p95": 1735.5202758789062,
  "summary_csf_stdv": 514.1190185546875,
  "summary_gm_k": 0.22218625956959936,
  "summary_gm_mad": 83.76644134521484,
  "summary_gm_mean": 874.40087890625,
  "summary_gm_median": 869.869873046875,
  "summary_gm_n": 15594.0,
  "summary_gm_p05": 740.1459381103516,
  "summary_gm_p95": 1022.2524078369138,
  "summary_gm_stdv": 86.10149383544922,
  "summary_wm_k": 0.7254189451905515,
  "summary_wm_mad": 99.28132629394531,
  "summary_wm_mean": 1100.8968505859375,
  "summary_wm_median": 1098.0045166015625,
  "summary_wm_n": 5484.0,
  "summary_wm_p05": 947.2578063964843,
  "summary_wm_p95": 1268.9544006347655,
  "summary_wm_stdv": 102.2117691040039,
  "tpm_overlap_csf": 0.1074647530913353,
  "tpm_overlap_gm": 0.3962866961956024,
  "tpm_overlap_wm": 0.24170778691768646,
  "wm2max": 0.4667363776383168
}