{
  "bids_meta": {
    "EchoTime": 0.00298,
    "FlipAngle": 9,
    "InversionTime": 0.9,
    "MagneticFieldStrength": 3,
    "Manufacturer": "Siemens",
    "ManufacturersModelName": "TIM TRIO",
    "PulseSequenceType": "MPRAGE",
    "RepetitionTime": 2.25,
    "acq_id": "mprage",
    "modality": "T1w",
    "session_id": "mri",
    "subject_id": "03"
  },
  "cjv": 0.327907017468705,
  "cnr": 4.05626925395846,
  "efc": 0.6486356574172598,
  "fber": 1835.6287841796875,
  "fwhm_avg": 5.101602474111331,
  "fwhm_x": 5.12041,
  "fwhm_y": 5.405757422333993,
  "fwhm_z": 4.77864,
  "icvs_csf": 0.23094095558939864,
  "icvs_gm": 0.38604147463424276,
  "icvs_wm": 0.38301756977635854,
  "inu_med": 0.8420884609222412,
  "inu_range": 0.3720625638961791,
  "provenance": {
    "md5sum": "808cd35058d79ed2c3ba5b83fc0dd7a9",
    "mriqc_pred": 0,
    "settings": {
      "testing": false
    },
    "software": "mriqc",
    "version": "0.9.6",
    "warnings": {
      "large_rot_frame": true,
      "small_air_mask": false
    }
  },
  "qi_1": 1.789895443589125e-05,
  "qi_2": 0.005888572046644578,
  "rpve_csf": 25.650090367631957,
  "rpve_gm": 14.777945802945803,
  "rpve_wm": 18.395265296507862,
  "size_x": 256,
  "size_y": 256,
  "size_z": 192,
  "snr_csf": 3.8456642022771743,
  "snr_gm": 13.636215976146902,
  "snr_total": 15.270038516217534,
  "snr_wm": 28.328235370228526,
  "snrd_csf": 41.04382224928063,
  "snrd_gm": 71.16652046988757,
  "snrd_total": 69.6163971345698,
  "snrd_wm": 96.63884868454114,
  "spacing_x": 1.0,
  "spacing_y": 1.0000004768371582,
  "spacing_z": 1.0,
  "summary_bg_k": 7.030211225036494,
  "summary_bg_mad": 6.779288291931152,
  "summary_bg_mean": 15.718613624572754,
  "summary_bg_median": 14.38240909576416,
  "summary_bg_n": 1333389.0,
  "summary_bg_p05": 5.810018730163575,
  "summary_bg_p95": 30.1137008666992,
  "summary_bg_stdv": 7.758861541748047,
  "summary_csf_k": -0.5794467465270592,
  "summary_csf_mad": 120.6844711303711,
  "summary_csf_mean": 433.11322021484375,
  "summary_csf_median": 424.717529296875,
  "summary_csf_n": 37772.0,
  "summary_csf_p05": 264.40794830322267,
  "summary_csf_p95": 620.01591796875,
  "summary_csf_stdv": 110.43915557861328,
  "summary_gm_k": 0.24180188026473326,
  "summary_gm_mad": 53.30852508544922,
  "summary_gm_mean": 736.7522583007812,
  "summary_gm_median": 736.42431640625,
  "summary_gm_n": 14452.0,
  "summary_gm_p05": 649.6386260986328,
  "summary_gm_p95": 826.2977722167968,
  "summary_gm_stdv": 54.00316619873047,
  "summary_wm_k": 0.6158037759130801,
  "summary_wm_mad": 33.1229133605957,
  "summary_wm_mean": 999.252685546875,
  "summary_wm_median": 1000.009521484375,
  "summary_wm_n": 227858.0,
  "summary_wm_p05": 940.1547546386719,
  "summary_wm_p95": 1055.4710632324218,
  "summary_wm_stdv": 35.30072784423828,
  "tpm_overlap_csf": 0.2249438315629959,
  "tpm_overlap_gm": 0.49485817551612854,
  "tpm_overlap_wm": 0.5700363516807556,
  "wm2max": 0.6094582731928629
}