{
  "bids_meta": {
    "EchoTime": 0.095,
    "FlipAngle": 90,
    "MagneticFieldStrength": 3,
    "Manufacturer": "Siemens",
    "ManufacturersModelName": "TIM TRIO",
    "PulseSequenceType": "EPI",
    "RepetitionTime": 2,
    "acq_id": "epi",
    "modality": "T1w",
    "session_id": "mri",
    "subject_id": "10"
  },
  "cjv": 1.4249304533490577,
  "cnr": 0.7994593481346942,
  "efc": 0.6960823142561826,
  "fber": 88.75420379638672,
  "fwhm_avg": 1.9670034520557629,
  "fwhm_x": 2.0540731700902644,
  "fwhm_y": 1.8529131860770238,
  "fwhm_z": 1.994024,
  "icvs_csf": 0.22263424240109178,
  "icvs_gm": 0.5369437085109946,
  "icvs_wm": 0.24042204908791362,
  "inu_med": 1.0044779777526855,
  "inu_range": 0.6148882836103438,
  "provenance": {
    "md5sum": "f829556ebd150cf8c234b5cb789fac2c",
    "mriqc_pred": 0,
    "settings": {
      "testing": false
    },
    "software": "mriqc",
    "version": "0.9.6",
    "warnings": {
      "large_rot_frame": false,
      "small_air_mask": true
    }
  },
  "qi_1": 0.00022177866489243733,
  "qi_2": 0.0025407746719906723,
  "rpve_csf": 9.844527156667404,
  "rpve_gm": 4.455956994809864,
  "rpve_wm": 6.9551300731164565,
  "size_x": 64,
  "size_y": 64,
  "size_z": 33,
  "snr_csf": 1.5193275012597,
  "snr_gm": 10.793013698520145,
  "snr_total": 6.578713073666691,
  "snr_wm": 7.423798021220226,
  "snrd_csf": 12.220159234693382,
  "snrd_gm": 13.84512545374939,
  "snrd_total": 14.060941428864064,
  "snrd_wm": 16.11753959814942,
  "spacing_x": 3.000000238418579,
  "spacing_y": 3.000000238418579,
  "spacing_z": 3.75,
  "summary_bg_k": 32.5561289441006,
  "summary_bg_mad": 37.003597259521484,
  "summary_bg_mean": 81.25759887695312,
  "summary_bg_median": 64.90460205078125,
  "summary_bg_n": 31556.0,
  "summary_bg_p05": 17.721693992614746,
  "summary_bg_p95": 182.43017578125,
  "summary_bg_stdv": 74.10360717773438,
  "summary_csf_k": 0.34955000511019163,
  "summary_csf_mad": 511.4019470214844,
  "summary_csf_mean": 856.8473510742188,
  "summary_csf_median": 690.2224731445312,
  "summary_csf_n": 7789.0,
  "summary_csf_p05": 304.2012573242188,
  "summary_csf_p95": 1602.7849609374998,
  "summary_csf_stdv": 454.26556396484375,
  "summary_gm_k": 0.25756756148562987,
  "summary_gm_mad": 71.32743072509766,
  "summary_gm_mean": 783.929931640625,
  "summary_gm_median": 782.0042724609375,
  "summary_gm_n": 17153.0,
  "summary_gm_p05": 670.0945922851563,
  "summary_gm_p95": 907.1601928710937,
  "summary_gm_stdv": 72.45256042480469,
  "summary_wm_k": -0.27022598479668014,
  "summary_wm_mad": 111.56401062011719,
  "summary_wm_mean": 891.0325927734375,
  "summary_wm_median": 910.3554077148438,
  "summary_wm_n": 5927.0,
  "summary_wm_p05": 661.9967895507813,
  "summary_wm_p95": 1064.0120849609375,
  "summary_wm_stdv": 122.61629486083984,
  "tpm_overlap_csf": 0.10398758947849274,
  "tpm_overlap_gm": 0.3566882908344269,
  "tpm_overlap_wm": 0.21392564475536346,
  "wm2max": 0.40868600673518896
}