{
  "aor": 0.0005395714285714285,
  "aqi": 0.005503758428571429,
  "bids_meta": {
    "EchoTime": 0.03,
    "FlipAngle": 78,
    "MagneticFieldStrength": 3,
    "Manufacturer": "Siemens",
    "ManufacturersModelName": "TIM TRIO",
    "PulseSequenceType": "EPI",
    "RepetitionTime": 2.0,
    "TaskName": "face recognition",
    "modality": "bold",
    "run_id": "01",
    "session_id": "mri",
    "subject_id": "04",
    "task_id": "facerecognition"
  },
  "dummy_trs": 0,
  "dvars_nstd": 27.21868473066984,
  "dvars_std": 1.1496312166985647,
  "dvars_vstd": 1.0072938466985644,
  "efc": 0.5877668064976406,
  "fber": 689.3301391601562,
  "fd_mean": 0.11674758200016705,
  "fd_num": 18,
  "fd_perc": 8.571428571428571,
  "fwhm_avg": 2.404647590541355,
  "fwhm_x": 2.4255,
  "fwhm_y": 2.789163333333333,
  "fwhm_z": 1.999279438290732,
  "gcor": 0.0346751,
  "gsr_x": -0.0044893985614180565,
  "gsr_y": 0.01913212239742279,
  "provenance": {
    "md5sum": "4065c0ce8e54781a23b56755978cabc4",
    "settings": {
      "fd_thres": 0.2,
      "hmc_fsl": false
    },
    "software": "mriqc",
    "version": "0.9.6"
  },
  "size_t": 210,
  "size_x": 64,
  "size_y": 64,
  "size_z": 33,
  "snr": 4.321901101108628,
  "spacing_tr": 2.0,
  "spacing_x": 3.0,
  "spacing_y": 3.0,
  "spacing_z": 3.9000000953674316,
  "summary_bg_k": 53.39591891452063,
  "summary_bg_mad": 8.810891151428223,
  "summary_bg_mean": 46.878849029541016,
  "summary_bg_median": 29.400001525878906,
  "summary_bg_n": 63221.0,
  "summary_bg_p05": 22.69523811340332,
  "summary_bg_p95": 120.18572235107422,
  "summary_bg_stdv": 56.184120178222656,
  "summary_fg_k": 2.113496195934035,
  "summary_fg_mad": 150.561767578125,
  "summary_fg_mean": 815.901611328125,
  "summary_fg_median": 823.8357543945312,
  "summary_fg_n": 38322.0,
  "summary_fg_p05": 494.23548126220703,
  "summary_fg_p95": 1107.7981445312498,
  "summary_fg_stdv": 190.61634826660156,
  "tsnr": 61.330135345458984
}