{
  "aor": 0.0009532857142857142,
  "aqi": 0.005337863571428572,
  "bids_meta": {
    "EchoTime": 0.03,
    "FlipAngle": 78,
    "MagneticFieldStrength": 3,
    "Manufacturer": "Siemens",
    "ManufacturersModelName": "TIM TRIO",
    "PulseSequenceType": "EPI",
    "RepetitionTime": 2.0,
    "TaskName": "face recognition",
    "modality": "bold",
    "run_id": "07",
    "session_id": "mri",
    "subject_id": "13",
    "task_id": "facerecognition"
  },
  "dummy_trs": 0,
  "dvars_nstd": 25.834248602105276,
  "dvars_std": 1.1789259988995213,
  "dvars_vstd": 1.0119641422488037,
  "efc": 0.5713855120096388,
  "fber": 922.6757202148438,
  "fd_mean": 0.14450879887074455,
  "fd_num": 43,
  "fd_perc": 20.476190476190474,
  "fwhm_avg": 2.425755795291748,
  "fwhm_x": 2.3496200000000003,
  "fwhm_y": 2.882016666666667,
  "fwhm_z": 2.0456307192085776,
  "gcor": 0.0347246,
  "gsr_x": -0.015666628256440163,
  "gsr_y": 0.03809620440006256,
  "provenance": {
    "md5sum": "a1deff5003de9a081b6d239642238691",
    "settings": {
      "fd_thres": 0.2,
      "hmc_fsl": false
    },
    "software": "mriqc",
    "version": "0.9.6"
  },
  "size_t": 210,
  "size_x": 64,
  "size_y": 64,
  "size_z": 33,
  "snr": 4.580606502072227,
  "spacing_tr": 2.0,
  "spacing_x": 3.0,
  "spacing_y": 3.0,
  "spacing_z": 3.9000000953674316,
  "summary_bg_k": 37.10428481355567,
  "summary_bg_mad": 6.537571430206299,
  "summary_bg_mean": 46.307334899902344,
  "summary_bg_median": 26.32857322692871,
  "summary_bg_n": 67236.0,
  "summary_bg_p05": 21.28095245361328,
  "summary_bg_p95": 142.1428680419922,
  "summary_bg_stdv": 57.69450759887695,
  "summary_fg_k": 2.1330513019482646,
  "summary_fg_mad": 153.67520141601562,
  "summary_fg_mean": 848.4608764648438,
  "summary_fg_median": 852.5000610351562,
  "summary_fg_n": 36003.0,
  "summary_fg_p05": 552.9366821289062,
  "summary_fg_p95": 1141.4152587890628,
  "summary_fg_stdv": 186.108154296875,
  "tsnr": 62.551475524902344
}