{
  "aor": 0.0027365714285714285,
  "aqi": 0.01592496952380952,
  "bids_meta": {
    "EchoTime": 0.03,
    "FlipAngle": 78,
    "MagneticFieldStrength": 3,
    "Manufacturer": "Siemens",
    "ManufacturersModelName": "TIM TRIO",
    "PulseSequenceType": "EPI",
    "RepetitionTime": 2.0,
    "TaskName": "face recognition",
    "modality": "bold",
    "run_id": "06",
    "session_id": "mri",
    "subject_id": "12",
    "task_id": "facerecognition"
  },
  "dummy_trs": 0,
  "dvars_nstd": 33.051501497368406,
  "dvars_std": 1.1381319843540667,
  "dvars_vstd": 0.9658159063157892,
  "efc": 0.5875511374212876,
  "fber": 770.6373901367188,
  "fd_mean": 0.1966298111426952,
  "fd_num": 65,
  "fd_perc": 30.952380952380953,
  "fwhm_avg": 2.342156160966931,
  "fwhm_x": 2.3123098162341265,
  "fwhm_y": 2.6700466666666665,
  "fwhm_z": 2.044112,
  "gcor": 0.0210441,
  "gsr_x": 0.001624027150683105,
  "gsr_y": 0.02691156230866909,
  "provenance": {
    "md5sum": "ca1336e1e9d806968ee9ab19eb7fe156",
    "settings": {
      "fd_thres": 0.2,
      "hmc_fsl": false
    },
    "software": "mriqc",
    "version": "0.9.6"
  },
  "size_t": 210,
  "size_x": 64,
  "size_y": 64,
  "size_z": 33,
  "snr": 4.395766661315426,
  "spacing_tr": 2.0,
  "spacing_x": 3.000000238418579,
  "spacing_y": 3.0,
  "spacing_z": 3.75,
  "summary_bg_k": 82.42986692386242,
  "summary_bg_mad": 8.154312133789062,
  "summary_bg_mean": 46.099639892578125,
  "summary_bg_median": 27.96666717529297,
  "summary_bg_n": 64089.0,
  "summary_bg_p05": 21.571430206298828,
  "summary_bg_p95": 118.25428924560543,
  "summary_bg_stdv": 64.79731750488281,
  "summary_fg_k": 2.020571936310909,
  "summary_fg_mad": 150.3499298095703,
  "summary_fg_mean": 826.8358764648438,
  "summary_fg_median": 822.7762451171875,
  "summary_fg_n": 38519.0,
  "summary_fg_p05": 533.8833618164062,
  "summary_fg_p95": 1136.2957641601563,
  "summary_fg_stdv": 187.17225646972656,
  "tsnr": 37.98208236694336
}