{
  "aor": 0.00044923444976076554,
  "aqi": 0.006743893062200957,
  "bids_meta": {
    "EchoTime": 0.03,
    "FlipAngle": 78,
    "MagneticFieldStrength": 3,
    "Manufacturer": "Siemens",
    "ManufacturersModelName": "TIM TRIO",
    "PulseSequenceType": "EPI",
    "RepetitionTime": 2.0,
    "TaskName": "face recognition",
    "modality": "bold",
    "run_id": "02",
    "session_id": "mri",
    "subject_id": "14",
    "task_id": "facerecognition"
  },
  "dummy_trs": 1,
  "dvars_nstd": 25.46481697350961,
  "dvars_std": 1.1042726330288457,
  "dvars_vstd": 0.952619469951923,
  "efc": 0.56915097353416,
  "fber": 823.121337890625,
  "fd_mean": 0.10258494008308269,
  "fd_num": 3,
  "fd_perc": 1.4354066985645932,
  "fwhm_avg": 2.3981,
  "fwhm_x": 2.3596833333333334,
  "fwhm_y": 2.77823,
  "fwhm_z": 2.0563866666666666,
  "gcor": 0.01295,
  "gsr_x": -0.0062778424471616745,
  "gsr_y": 0.036945831030607224,
  "provenance": {
    "md5sum": "9a43941f5323990caf7c93827ca20bd9",
    "settings": {
      "fd_thres": 0.2,
      "hmc_fsl": false
    },
    "software": "mriqc",
    "version": "0.9.6"
  },
  "size_t": 209,
  "size_x": 64,
  "size_y": 64,
  "size_z": 33,
  "snr": 4.467446000588765,
  "spacing_tr": 2.0,
  "spacing_x": 3.0,
  "spacing_y": 3.0,
  "spacing_z": 3.75,
  "summary_bg_k": 67.16757253147851,
  "summary_bg_mad": 6.746195316314697,
  "summary_bg_mean": 45.33521270751953,
  "summary_bg_median": 26.277511596679688,
  "summary_bg_n": 67799.0,
  "summary_bg_p05": 21.08133888244629,
  "summary_bg_p95": 128.92536010742185,
  "summary_bg_stdv": 59.25466537475586,
  "summary_fg_k": 2.0405944431829184,
  "summary_fg_mad": 145.05386352539062,
  "summary_fg_mean": 799.422119140625,
  "summary_fg_median": 800.081298828125,
  "summary_fg_n": 35131.0,
  "summary_fg_p05": 520.2392272949219,
  "summary_fg_p95": 1085.272705078125,
  "summary_fg_stdv": 179.08888244628906,
  "tsnr": 54.8745002746582
}