{
  "bids_meta": {
    "EchoTime": 0.095,
    "FlipAngle": 90,
    "MagneticFieldStrength": 3,
    "Manufacturer": "Siemens",
    "ManufacturersModelName": "TIM TRIO",
    "PulseSequenceType": "EPI",
    "RepetitionTime": 2,
    "acq_id": "epi",
    "modality": "T1w",
    "session_id": "mri",
    "subject_id": "01"
  },
  "cjv": 0.8075947812580537,
  "cnr": 1.556254475486995,
  "efc": 0.7235206818122071,
  "fber": 46.724334716796875,
  "fwhm_avg": 1.8843982222222222,
  "fwhm_x": 1.9516733333333331,
  "fwhm_y": 1.8147666666666666,
  "fwhm_z": 1.8867546666666668,
  "icvs_csf": 0.21309225129203804,
  "icvs_gm": 0.5107744050688626,
  "icvs_wm": 0.27613334363909936,
  "inu_med": 1.0257617235183716,
  "inu_range": 0.5138228118419649,
  "provenance": {
    "md5sum": "125cfbb6272f399abf797aa9f3f9d0a7",
    "mriqc_pred": 0,
    "settings": {
      "testing": false
    },
    "software": "mriqc",
    "version": "0.9.6",
    "warnings": {
      "large_rot_frame": false,
      "small_air_mask": true
    }
  },
  "qi_1": 0.0,
  "qi_2": 0.0032151365555553053,
  "rpve_csf": 10.840497588554754,
  "rpve_gm": 4.1307899036464155,
  "rpve_wm": 6.153945052709778,
  "size_x": 64,
  "size_y": 64,
  "size_z": 33,
  "snr_csf": 1.2790145967912385,
  "snr_gm": 9.821094200396676,
  "snr_total": 7.446233084066267,
  "snr_wm": 11.238590455010888,
  "snrd_csf": 12.39787575017945,
  "snrd_gm": 16.637985919667596,
  "snrd_total": 16.626875794860087,
  "snrd_wm": 20.844765714733214,
  "spacing_x": 3.0,
  "spacing_y": 3.0,
  "spacing_z": 3.75,
  "summary_bg_k": 14.537825182153387,
  "summary_bg_mad": 32.97247314453125,
  "summary_bg_mean": 90.722900390625,
  "summary_bg_median": 84.24258422851562,
  "summary_bg_n": 25166.0,
  "summary_bg_p05": 0.0,
  "summary_bg_p95": 170.9681396484375,
  "summary_bg_stdv": 50.269683837890625,
  "summary_csf_k": 0.6356338158662478,
  "summary_csf_mad": 459.13848876953125,
  "summary_csf_mean": 832.424560546875,
  "summary_csf_median": 623.974853515625,
  "summary_csf_n": 7730.0,
  "summary_csf_p05": 270.7587860107422,
  "summary_csf_p95": 1634.713049316405,
  "summary_csf_stdv": 487.8243713378906,
  "summary_gm_k": 0.26436990633382074,
  "summary_gm_mad": 82.63430786132812,
  "summary_gm_mean": 842.7601318359375,
  "summary_gm_median": 837.3760986328125,
  "summary_gm_n": 14116.0,
  "summary_gm_p05": 711.8993225097656,
  "summary_gm_p95": 991.1964416503906,
  "summary_gm_stdv": 85.25999450683594,
  "summary_wm_k": 0.5762673785429202,
  "summary_wm_mad": 88.35269165039062,
  "summary_wm_mean": 1056.4970703125,
  "summary_wm_median": 1049.099853515625,
  "summary_wm_n": 6366.0,
  "summary_wm_p05": 916.2436676025391,
  "summary_wm_p95": 1220.1776733398438,
  "summary_wm_stdv": 93.34066009521484,
  "tpm_overlap_csf": 0.11338189244270325,
  "tpm_overlap_gm": 0.41081276535987854,
  "tpm_overlap_wm": 0.30754590034484863,
  "wm2max": 0.4184301839448285
}