{
  "aor": 0.0009489047619047619,
  "aqi": 0.006444127380952381,
  "bids_meta": {
    "EchoTime": 0.03,
    "FlipAngle": 78,
    "MagneticFieldStrength": 3,
    "Manufacturer": "Siemens",
    "ManufacturersModelName": "TIM TRIO",
    "PulseSequenceType": "EPI",
    "RepetitionTime": 2.0,
    "TaskName": "face recognition",
    "modality": "bold",
    "run_id": "03",
    "session_id": "mri",
    "subject_id": "11",
    "task_id": "facerecognition"
  },
  "dummy_trs": 0,
  "dvars_nstd": 25.277885564880364,
  "dvars_std": 1.1567793119138758,
  "dvars_vstd": 1.015813332535885,
  "efc": 0.5704275073869232,
  "fber": 914.7867431640625,
  "fd_mean": 0.12426420679081931,
  "fd_num": 24,
  "fd_perc": 11.428571428571429,
  "fwhm_avg": 2.3802675555555552,
  "fwhm_x": 2.30912,
  "fwhm_y": 2.77784,
  "fwhm_z": 2.0538426666666667,
  "gcor": 0.0304724,
  "gsr_x": -0.010925237089395523,
  "gsr_y": 0.02820155955851078,
  "provenance": {
    "md5sum": "441412dcdd58106d2ce37990bd07ab6b",
    "settings": {
      "fd_thres": 0.2,
      "hmc_fsl": false
    },
    "software": "mriqc",
    "version": "0.9.6"
  },
  "size_t": 210,
  "size_x": 64,
  "size_y": 64,
  "size_z": 33,
  "snr": 4.989599960442997,
  "spacing_tr": 2.0,
  "spacing_x": 3.0,
  "spacing_y": 3.0,
  "spacing_z": 3.75,
  "summary_bg_k": 41.86526821629887,
  "summary_bg_mad": 5.697429180145264,
  "summary_bg_mean": 44.04566192626953,
  "summary_bg_median": 25.4952392578125,
  "summary_bg_n": 67950.0,
  "summary_bg_p05": 21.142858505249023,
  "summary_bg_p95": 123.20571746826164,
  "summary_bg_stdv": 58.8982048034668,
  "summary_fg_k": 2.8279306296922684,
  "summary_fg_mad": 127.58849334716797,
  "summary_fg_mean": 811.5076904296875,
  "summary_fg_median": 815.5714721679688,
  "summary_fg_n": 35299.0,
  "summary_fg_p05": 552.622412109375,
  "summary_fg_p95": 1065.2443481445312,
  "summary_fg_stdv": 163.45196533203125,
  "tsnr": 66.0648422241211
}