{
  "aor": 0.0005544285714285714,
  "aqi": 0.008552212047619048,
  "bids_meta": {
    "EchoTime": 0.03,
    "FlipAngle": 78,
    "MagneticFieldStrength": 3,
    "Manufacturer": "Siemens",
    "ManufacturersModelName": "TIM TRIO",
    "PulseSequenceType": "EPI",
    "RepetitionTime": 2.0,
    "TaskName": "face recognition",
    "modality": "bold",
    "run_id": "01",
    "session_id": "mri",
    "subject_id": "06",
    "task_id": "facerecognition"
  },
  "dummy_trs": 0,
  "dvars_nstd": 31.98781098373208,
  "dvars_std": 1.0480386449282302,
  "dvars_vstd": 0.9922965066985646,
  "efc": 0.6116077104378664,
  "fber": 364.7503662109375,
  "fd_mean": 0.07678491844361446,
  "fd_num": 5,
  "fd_perc": 2.380952380952381,
  "fwhm_avg": 2.4265057767501865,
  "fwhm_x": 2.3828566666666666,
  "fwhm_y": 2.886606437259798,
  "fwhm_z": 2.0100542263240944,
  "gcor": 0.00563377,
  "gsr_x": -0.008115163072943687,
  "gsr_y": 0.03542548418045044,
  "provenance": {
    "md5sum": "686dbc5ceb0d78670a84fc12159acc63",
    "settings": {
      "fd_thres": 0.2,
      "hmc_fsl": false
    },
    "software": "mriqc",
    "version": "0.9.6"
  },
  "size_t": 210,
  "size_x": 64,
  "size_y": 64,
  "size_z": 33,
  "snr": 4.145261371233152,
  "spacing_tr": 2.0,
  "spacing_x": 3.0,
  "spacing_y": 3.000000238418579,
  "spacing_z": 4.050000190734863,
  "summary_bg_k": 66.69842979622682,
  "summary_bg_mad": 6.629354953765869,
  "summary_bg_mean": 62.1861686706543,
  "summary_bg_median": 40.252384185791016,
  "summary_bg_n": 63258.0,
  "summary_bg_p05": 34.72785873413086,
  "summary_bg_p95": 163.5276298522946,
  "summary_bg_stdv": 71.28369903564453,
  "summary_fg_k": 1.9384130430679187,
  "summary_fg_mad": 153.57647705078125,
  "summary_fg_mean": 809.9244995117188,
  "summary_fg_median": 812.5762329101562,
  "summary_fg_n": 39143.0,
  "summary_fg_p05": 488.94953613281245,
  "summary_fg_p95": 1122.2129272460938,
  "summary_fg_stdv": 196.0228271484375,
  "tsnr": 42.5341682434082
}