{
  "aor": 0.0032899521531100477,
  "aqi": 0.007094141626794258,
  "bids_meta": {
    "EchoTime": 0.03,
    "FlipAngle": 78,
    "MagneticFieldStrength": 3,
    "Manufacturer": "Siemens",
    "ManufacturersModelName": "TIM TRIO",
    "PulseSequenceType": "EPI",
    "RepetitionTime": 2.0,
    "TaskName": "face recognition",
    "modality": "bold",
    "run_id": "07",
    "session_id": "mri",
    "subject_id": "09",
    "task_id": "facerecognition"
  },
  "dummy_trs": 1,
  "dvars_nstd": 27.43586269706731,
  "dvars_std": 1.1309472921634618,
  "dvars_vstd": 1.0304283528846154,
  "efc": 0.6038761679672957,
  "fber": 664.3297729492188,
  "fd_mean": 0.17995063975775027,
  "fd_num": 62,
  "fd_perc": 29.66507177033493,
  "fwhm_avg": 2.3284117069823,
  "fwhm_x": 2.2216033333333334,
  "fwhm_y": 2.6724397876135675,
  "fwhm_z": 2.091192,
  "gcor": 0.0193752,
  "gsr_x": -0.01387348584830761,
  "gsr_y": 0.043532222509384155,
  "provenance": {
    "md5sum": "3b40500ae7f911e54bee3fc8e3db4899",
    "settings": {
      "fd_thres": 0.2,
      "hmc_fsl": false
    },
    "software": "mriqc",
    "version": "0.9.6"
  },
  "size_t": 209,
  "size_x": 64,
  "size_y": 64,
  "size_z": 33,
  "snr": 4.118854421398735,
  "spacing_tr": 2.0,
  "spacing_x": 3.0,
  "spacing_y": 3.000000238418579,
  "spacing_z": 3.75,
  "summary_bg_k": 60.62774653572871,
  "summary_bg_mad": 8.391952514648438,
  "summary_bg_mean": 51.19599914550781,
  "summary_bg_median": 28.488037109375,
  "summary_bg_n": 62328.0,
  "summary_bg_p05": 21.985645294189453,
  "summary_bg_p95": 153.81769790649398,
  "summary_bg_stdv": 68.86869049072266,
  "summary_fg_k": 1.7584874205875085,
  "summary_fg_mad": 153.33224487304688,
  "summary_fg_mean": 786.0062255859375,
  "summary_fg_median": 782.3013916015625,
  "summary_fg_n": 40475.0,
  "summary_fg_p05": 482.1215148925781,
  "summary_fg_p95": 1096.912878417968,
  "summary_fg_stdv": 189.929443359375,
  "tsnr": 51.24481201171875
}