{
  "aor": 0.002467809523809524,
  "aqi": 0.009513609571428572,
  "bids_meta": {
    "EchoTime": 0.03,
    "FlipAngle": 78,
    "MagneticFieldStrength": 3,
    "Manufacturer": "Siemens",
    "ManufacturersModelName": "TIM TRIO",
    "PulseSequenceType": "EPI",
    "RepetitionTime": 2.0,
    "TaskName": "face recognition",
    "modality": "bold",
    "run_id": "07",
    "session_id": "mri",
    "subject_id": "12",
    "task_id": "facerecognition"
  },
  "dummy_trs": 0,
  "dvars_nstd": 32.578611246124396,
  "dvars_std": 1.2119117311004788,
  "dvars_vstd": 1.0049853396650716,
  "efc": 0.5857735116176026,
  "fber": 792.6766967773438,
  "fd_mean": 0.17977460142504054,
  "fd_num": 62,
  "fd_perc": 29.523809523809526,
  "fwhm_avg": 2.3095846061783765,
  "fwhm_x": 2.283356485201797,
  "fwhm_y": 2.628293333333333,
  "fwhm_z": 2.0171040000000002,
  "gcor": 0.024504,
  "gsr_x": 0.004011465702205896,
  "gsr_y": 0.02646040916442871,
  "provenance": {
    "md5sum": "e884c5a9cb7835927dfbc4aaf91aea39",
    "settings": {
      "fd_thres": 0.2,
      "hmc_fsl": false
    },
    "software": "mriqc",
    "version": "0.9.6"
  },
  "size_t": 210,
  "size_x": 64,
  "size_y": 64,
  "size_z": 33,
  "snr": 4.380308775654486,
  "spacing_tr": 2.0,
  "spacing_x": 3.000000238418579,
  "spacing_y": 3.0,
  "spacing_z": 3.75,
  "summary_bg_k": 82.39986873033646,
  "summary_bg_mad": 7.815432548522949,
  "summary_bg_mean": 44.742027282714844,
  "summary_bg_median": 27.571430206298828,
  "summary_bg_n": 64493.0,
  "summary_bg_p05": 21.4952392578125,
  "summary_bg_p95": 115.21714630126942,
  "summary_bg_stdv": 59.74398422241211,
  "summary_fg_k": 2.0632685849521533,
  "summary_fg_mad": 149.9122772216797,
  "summary_fg_mean": 826.3736572265625,
  "summary_fg_median": 822.9881591796875,
  "summary_fg_n": 38414.0,
  "summary_fg_p05": 530.5268981933593,
  "summary_fg_p95": 1134.2719604492188,
  "summary_fg_stdv": 187.8811492919922,
  "tsnr": 48.31371307373047
}