{
  "aor": 0.001212822966507177,
  "aqi": 0.006228266220095694,
  "bids_meta": {
    "EchoTime": 0.03,
    "FlipAngle": 78,
    "MagneticFieldStrength": 3,
    "Manufacturer": "Siemens",
    "ManufacturersModelName": "TIM TRIO",
    "PulseSequenceType": "EPI",
    "RepetitionTime": 2.0,
    "TaskName": "face recognition",
    "modality": "bold",
    "run_id": "04",
    "session_id": "mri",
    "subject_id": "02",
    "task_id": "facerecognition"
  },
  "dummy_trs": 1,
  "dvars_nstd": 24.17325735081731,
  "dvars_std": 1.0747028037980775,
  "dvars_vstd": 0.9914414395673076,
  "efc": 0.6109509230630464,
  "fber": 684.5633544921875,
  "fd_mean": 0.07124433049530493,
  "fd_num": 8,
  "fd_perc": 3.827751196172249,
  "fwhm_avg": 2.3292496670228444,
  "fwhm_x": 2.277913152301061,
  "fwhm_y": 2.7195666666666667,
  "fwhm_z": 1.9902691821008052,
  "gcor": 0.01308,
  "gsr_x": -0.014097343198955059,
  "gsr_y": 0.061569180339574814,
  "provenance": {
    "md5sum": "004823293ccf23b93613c49bdc15a4c8",
    "settings": {
      "fd_thres": 0.2,
      "hmc_fsl": false
    },
    "software": "mriqc",
    "version": "0.9.6"
  },
  "size_t": 209,
  "size_x": 64,
  "size_y": 64,
  "size_z": 33,
  "snr": 4.146279640164376,
  "spacing_tr": 2.0,
  "spacing_x": 3.000000238418579,
  "spacing_y": 3.0,
  "spacing_z": 3.9000000953674316,
  "summary_bg_k": 66.24235049377405,
  "summary_bg_mad": 7.576166152954102,
  "summary_bg_mean": 52.13945770263672,
  "summary_bg_median": 28.421051025390625,
  "summary_bg_n": 61731.0,
  "summary_bg_p05": 22.588516235351562,
  "summary_bg_p95": 168.73444366455078,
  "summary_bg_stdv": 67.6700210571289,
  "summary_fg_k": 1.7406655498178703,
  "summary_fg_mad": 153.21514892578125,
  "summary_fg_mean": 804.3634643554688,
  "summary_fg_median": 791.71044921875,
  "summary_fg_n": 41428.0,
  "summary_fg_p05": 526.5057342529296,
  "summary_fg_p95": 1139.4128784179688,
  "summary_fg_stdv": 190.94247436523438,
  "tsnr": 56.78419876098633
}