{
  "bids_meta": {
    "EchoTime": 0.00298,
    "FlipAngle": 9,
    "InversionTime": 0.9,
    "MagneticFieldStrength": 3,
    "Manufacturer": "Siemens",
    "ManufacturersModelName": "TIM TRIO",
    "PulseSequenceType": "MPRAGE",
    "RepetitionTime": 2.25,
    "acq_id": "mprage",
    "modality": "T1w",
    "session_id": "mri",
    "subject_id": "04"
  },
  "cjv": 0.30010156284781797,
  "cnr": 4.438613443090823,
  "efc": 0.5892877250070702,
  "fber": 2830.2763671875,
  "fwhm_avg": 5.002349582323283,
  "fwhm_x": 5.078339394614768,
  "fwhm_y": 5.432839352355081,
  "fwhm_z": 4.49587,
  "icvs_csf": 0.21640466055988436,
  "icvs_gm": 0.40738156631571937,
  "icvs_wm": 0.3762137731243963,
  "inu_med": 0.8599674701690674,
  "inu_range": 0.3223469316959381,
  "provenance": {
    "md5sum": "34187a2ca1194d87ebaa5cb174c734c3",
    "mriqc_pred": 0,
    "settings": {
      "testing": false
    },
    "software": "mriqc",
    "version": "0.9.6",
    "warnings": {
      "large_rot_frame": true,
      "small_air_mask": false
    }
  },
  "qi_1": 0.0007580596570365961,
  "qi_2": 0.007154659521874704,
  "rpve_csf": 26.283271910642085,
  "rpve_gm": 14.12396714928075,
  "rpve_wm": 18.299613266143208,
  "size_x": 256,
  "size_y": 256,
  "size_z": 192,
  "snr_csf": 3.8739827717583735,
  "snr_gm": 15.003397273342596,
  "snr_total": 15.940443714621736,
  "snr_wm": 28.943951098764245,
  "snrd_csf": 45.95052700735362,
  "snrd_gm": 83.37405034799465,
  "snrd_total": 81.03992063805042,
  "snrd_wm": 113.79518455880296,
  "spacing_x": 1.0000001192092896,
  "spacing_y": 1.0000001192092896,
  "spacing_z": 1.0,
  "summary_bg_k": 4.104179351732513,
  "summary_bg_mad": 5.757169246673584,
  "summary_bg_mean": 12.822542190551758,
  "summary_bg_median": 11.38498306274414,
  "summary_bg_n": 2130601.0,
  "summary_bg_p05": 4.426656246185303,
  "summary_bg_p95": 26.171016693115234,
  "summary_bg_stdv": 7.0170512199401855,
  "summary_csf_k": -0.8002653751820525,
  "summary_csf_mad": 129.0318603515625,
  "summary_csf_mean": 414.3136901855469,
  "summary_csf_median": 403.8013610839844,
  "summary_csf_n": 37019.0,
  "summary_csf_p05": 270.20576171875,
  "summary_csf_p95": 585.0232788085937,
  "summary_csf_stdv": 104.23275756835938,
  "summary_gm_k": 0.13355035229752632,
  "summary_gm_mad": 48.44401168823242,
  "summary_gm_mean": 733.1383056640625,
  "summary_gm_median": 732.6696166992188,
  "summary_gm_n": 23509.0,
  "summary_gm_p05": 653.81767578125,
  "summary_gm_p95": 813.739013671875,
  "summary_gm_stdv": 48.832542419433594,
  "summary_wm_k": 0.8863891910296307,
  "summary_wm_mad": 31.78306007385254,
  "summary_wm_mean": 999.4637451171875,
  "summary_wm_median": 1000.002685546875,
  "summary_wm_n": 224636.0,
  "summary_wm_p05": 941.9104156494141,
  "summary_wm_p95": 1054.438720703125,
  "summary_wm_stdv": 34.5495491027832,
  "tpm_overlap_csf": 0.23674340546131134,
  "tpm_overlap_gm": 0.5132638216018677,
  "tpm_overlap_wm": 0.5656741857528687,
  "wm2max": 0.6255948709819108
}