{
  "aor": 0.015476650717703348,
  "aqi": 0.014694791626794258,
  "bids_meta": {
    "EchoTime": 0.03,
    "FlipAngle": 78,
    "MagneticFieldStrength": 3,
    "Manufacturer": "Siemens",
    "ManufacturersModelName": "TIM TRIO",
    "PulseSequenceType": "EPI",
    "RepetitionTime": 2.0,
    "TaskName": "face recognition",
    "modality": "bold",
    "run_id": "07",
    "session_id": "mri",
    "subject_id": "16",
    "task_id": "facerecognition"
  },
  "dummy_trs": 1,
  "dvars_nstd": 28.94407155875001,
  "dvars_std": 1.108153238221154,
  "dvars_vstd": 1.0297745236538463,
  "efc": 0.649707392404994,
  "fber": 482.5188903808594,
  "fd_mean": 0.1485360082886011,
  "fd_num": 25,
  "fd_perc": 11.961722488038278,
  "fwhm_avg": 2.268673427524693,
  "fwhm_x": 2.207733333333333,
  "fwhm_y": 2.73405,
  "fwhm_z": 1.8642369492407458,
  "gcor": 0.00852061,
  "gsr_x": -0.006983888801187277,
  "gsr_y": 0.05242123827338219,
  "provenance": {
    "md5sum": "79ccd8e4e8b26296e82b825906f32635",
    "settings": {
      "fd_thres": 0.2,
      "hmc_fsl": false
    },
    "software": "mriqc",
    "version": "0.9.6"
  },
  "size_t": 209,
  "size_x": 64,
  "size_y": 64,
  "size_z": 33,
  "snr": 3.952584045266609,
  "spacing_tr": 2.0,
  "spacing_x": 3.0,
  "spacing_y": 3.0,
  "spacing_z": 4.050000190734863,
  "summary_bg_k": 62.76485625095694,
  "summary_bg_mad": 13.861268043518066,
  "summary_bg_mean": 65.25566101074219,
  "summary_bg_median": 35.56937789916992,
  "summary_bg_n": 53937.0,
  "summary_bg_p05": 25.01913833618164,
  "summary_bg_p95": 204.50333862304686,
  "summary_bg_stdv": 83.21939849853516,
  "summary_fg_k": 2.495612561752962,
  "summary_fg_mad": 164.81715393066406,
  "summary_fg_mean": 853.7886962890625,
  "summary_fg_median": 833.4592895507812,
  "summary_fg_n": 47733.0,
  "summary_fg_p05": 571.2392211914062,
  "summary_fg_p95": 1225.3607177734375,
  "summary_fg_stdv": 210.86219787597656,
  "tsnr": 41.36424255371094
}