{
  "aor": 0.012033523809523812,
  "aqi": 0.010369382619047619,
  "bids_meta": {
    "EchoTime": 0.03,
    "FlipAngle": 78,
    "MagneticFieldStrength": 3,
    "Manufacturer": "Siemens",
    "ManufacturersModelName": "TIM TRIO",
    "PulseSequenceType": "EPI",
    "RepetitionTime": 2.0,
    "TaskName": "face recognition",
    "modality": "bold",
    "run_id": "09",
    "session_id": "mri",
    "subject_id": "09",
    "task_id": "facerecognition"
  },
  "dummy_trs": 0,
  "dvars_nstd": 26.75976868239234,
  "dvars_std": 1.1410703878468895,
  "dvars_vstd": 1.1469225647368417,
  "efc": 0.6005676683133242,
  "fber": 695.302978515625,
  "fd_mean": 0.24565563948905936,
  "fd_num": 88,
  "fd_perc": 41.904761904761905,
  "fwhm_avg": 2.369817261313621,
  "fwhm_x": 2.2505533333333334,
  "fwhm_y": 2.718653117274196,
  "fwhm_z": 2.140245333333333,
  "gcor": 0.0162957,
  "gsr_x": -0.011784820817410946,
  "gsr_y": 0.04131108894944191,
  "provenance": {
    "md5sum": "9b690b27295efe20a3342a8c5e42f946",
    "settings": {
      "fd_thres": 0.2,
      "hmc_fsl": false
    },
    "software": "mriqc",
    "version": "0.9.6"
  },
  "size_t": 210,
  "size_x": 64,
  "size_y": 64,
  "size_z": 33,
  "snr": 4.094810758852152,
  "spacing_tr": 2.0,
  "spacing_x": 3.0,
  "spacing_y": 3.000000238418579,
  "spacing_z": 3.75,
  "summary_bg_k": 64.0716339507904,
  "summary_bg_mad": 8.634391784667969,
  "summary_bg_mean": 50.42144012451172,
  "summary_bg_median": 28.457143783569336,
  "summary_bg_n": 62548.0,
  "summary_bg_p05": 21.419048309326172,
  "summary_bg_p95": 151.2838165283202,
  "summary_bg_stdv": 64.81107330322266,
  "summary_fg_k": 1.6705998999794076,
  "summary_fg_mad": 157.28994750976562,
  "summary_fg_mean": 791.4395141601562,
  "summary_fg_median": 787.8619384765625,
  "summary_fg_n": 40397.0,
  "summary_fg_p05": 477.4057312011719,
  "summary_fg_p95": 1109.0771484374998,
  "summary_fg_stdv": 192.402587890625,
  "tsnr": 40.461570739746094
}