{
  "aor": 0.0019156190476190477,
  "aqi": 0.005410605047619047,
  "bids_meta": {
    "EchoTime": 0.03,
    "FlipAngle": 78,
    "MagneticFieldStrength": 3,
    "Manufacturer": "Siemens",
    "ManufacturersModelName": "TIM TRIO",
    "PulseSequenceType": "EPI",
    "RepetitionTime": 2.0,
    "TaskName": "face recognition",
    "modality": "bold",
    "run_id": "03",
    "session_id": "mri",
    "subject_id": "02",
    "task_id": "facerecognition"
  },
  "dummy_trs": 0,
  "dvars_nstd": 24.29338228851674,
  "dvars_std": 1.0824385685645936,
  "dvars_vstd": 1.000397195023923,
  "efc": 0.6110421482157493,
  "fber": 682.8394775390625,
  "fd_mean": 0.06804520395589894,
  "fd_num": 10,
  "fd_perc": 4.761904761904762,
  "fwhm_avg": 2.320121291095442,
  "fwhm_x": 2.2729931526920675,
  "fwhm_y": 2.6984066666666666,
  "fwhm_z": 1.9889640539275915,
  "gcor": 0.0213736,
  "gsr_x": -0.014195782132446766,
  "gsr_y": 0.05963903293013573,
  "provenance": {
    "md5sum": "1ce9170a8e199bdbe687d46cb7138397",
    "settings": {
      "fd_thres": 0.2,
      "hmc_fsl": false
    },
    "software": "mriqc",
    "version": "0.9.6"
  },
  "size_t": 210,
  "size_x": 64,
  "size_y": 64,
  "size_z": 33,
  "snr": 4.178300679951193,
  "spacing_tr": 2.0,
  "spacing_x": 3.000000238418579,
  "spacing_y": 3.0,
  "spacing_z": 3.9000000953674316,
  "summary_bg_k": 60.62121700821537,
  "summary_bg_mad": 7.349472522735596,
  "summary_bg_mean": 51.239986419677734,
  "summary_bg_median": 28.304763793945312,
  "summary_bg_n": 61382.0,
  "summary_bg_p05": 22.65714454650879,
  "summary_bg_p95": 164.42190856933584,
  "summary_bg_stdv": 65.16150665283203,
  "summary_fg_k": 1.7116967534158487,
  "summary_fg_mad": 151.55372619628906,
  "summary_fg_mean": 800.3285522460938,
  "summary_fg_median": 788.3905029296875,
  "summary_fg_n": 41464.0,
  "summary_fg_p05": 526.6969268798829,
  "summary_fg_p95": 1130.8447998046875,
  "summary_fg_stdv": 188.68460083007812,
  "tsnr": 58.74250411987305
}