{
  "aor": 0.0014203333333333333,
  "aqi": 0.009049426523809525,
  "bids_meta": {
    "EchoTime": 0.03,
    "FlipAngle": 78,
    "MagneticFieldStrength": 3,
    "Manufacturer": "Siemens",
    "ManufacturersModelName": "TIM TRIO",
    "PulseSequenceType": "EPI",
    "RepetitionTime": 2.0,
    "TaskName": "face recognition",
    "modality": "bold",
    "run_id": "02",
    "session_id": "mri",
    "subject_id": "01",
    "task_id": "facerecognition"
  },
  "dummy_trs": 0,
  "dvars_nstd": 28.346554952296653,
  "dvars_std": 1.1029790877033496,
  "dvars_vstd": 1.008549910669857,
  "efc": 0.6237343604811098,
  "fber": 475.0706481933594,
  "fd_mean": 0.10595130532018093,
  "fd_num": 19,
  "fd_perc": 9.047619047619047,
  "fwhm_avg": 2.3329773333333335,
  "fwhm_x": 2.2865733333333336,
  "fwhm_y": 2.7496733333333334,
  "fwhm_z": 1.9626853333333334,
  "gcor": 0.0357005,
  "gsr_x": -0.004105638712644577,
  "gsr_y": 0.051328226923942566,
  "provenance": {
    "md5sum": "cb42bc6822a21280a57a66bf4dbff1df",
    "settings": {
      "fd_thres": 0.2,
      "hmc_fsl": false
    },
    "software": "mriqc",
    "version": "0.9.6"
  },
  "size_t": 210,
  "size_x": 64,
  "size_y": 64,
  "size_z": 33,
  "snr": 4.492302347538469,
  "spacing_tr": 2.0,
  "spacing_x": 3.0,
  "spacing_y": 3.0,
  "spacing_z": 3.75,
  "summary_bg_k": 12.935963528544956,
  "summary_bg_mad": 12.683309555053711,
  "summary_bg_mean": 74.10809326171875,
  "summary_bg_median": 33.2928581237793,
  "summary_bg_n": 63512.0,
  "summary_bg_p05": 23.71904945373535,
  "summary_bg_p95": 300.447393798828,
  "summary_bg_stdv": 96.92375183105469,
  "summary_fg_k": 2.561551989610665,
  "summary_fg_mad": 131.6409454345703,
  "summary_fg_mean": 776.0230102539062,
  "summary_fg_median": 777.1286010742188,
  "summary_fg_n": 38363.0,
  "summary_fg_p05": 498.37193603515624,
  "summary_fg_p95": 1051.4209716796877,
  "summary_fg_stdv": 172.98890686035156,
  "tsnr": 48.4427490234375
}