{
  "aor": 0.0006262380952380953,
  "aqi": 0.008764908619047619,
  "bids_meta": {
    "EchoTime": 0.03,
    "FlipAngle": 78,
    "MagneticFieldStrength": 3,
    "Manufacturer": "Siemens",
    "ManufacturersModelName": "TIM TRIO",
    "PulseSequenceType": "EPI",
    "RepetitionTime": 2.0,
    "TaskName": "face recognition",
    "modality": "bold",
    "run_id": "02",
    "session_id": "mri",
    "subject_id": "06",
    "task_id": "facerecognition"
  },
  "dummy_trs": 0,
  "dvars_nstd": 32.03910308354065,
  "dvars_std": 1.0597116554545458,
  "dvars_vstd": 1.0018999693779904,
  "efc": 0.611912806019426,
  "fber": 365.02105712890625,
  "fd_mean": 0.0770418304170954,
  "fd_num": 9,
  "fd_perc": 4.285714285714286,
  "fwhm_avg": 2.4088268886966877,
  "fwhm_x": 2.36695,
  "fwhm_y": 2.863209772452531,
  "fwhm_z": 1.9963208936375327,
  "gcor": 0.0145527,
  "gsr_x": -0.009222742170095444,
  "gsr_y": 0.03569794446229935,
  "provenance": {
    "md5sum": "df69a4fe61377bb30405b69729c0a40e",
    "settings": {
      "fd_thres": 0.2,
      "hmc_fsl": false
    },
    "software": "mriqc",
    "version": "0.9.6"
  },
  "size_t": 210,
  "size_x": 64,
  "size_y": 64,
  "size_z": 33,
  "snr": 4.204047074193296,
  "spacing_tr": 2.0,
  "spacing_x": 3.0,
  "spacing_y": 3.000000238418579,
  "spacing_z": 4.050000190734863,
  "summary_bg_k": 68.83980358630356,
  "summary_bg_mad": 7.003534317016602,
  "summary_bg_mean": 63.18354415893555,
  "summary_bg_median": 40.4428596496582,
  "summary_bg_n": 63484.0,
  "summary_bg_p05": 34.42380905151367,
  "summary_bg_p95": 168.63024978637688,
  "summary_bg_stdv": 74.2574462890625,
  "summary_fg_k": 1.9080075116116406,
  "summary_fg_mad": 153.30111694335938,
  "summary_fg_mean": 814.7570190429688,
  "summary_fg_median": 816.1381225585938,
  "summary_fg_n": 38920.0,
  "summary_fg_p05": 499.00740814208984,
  "summary_fg_p95": 1126.4980957031246,
  "summary_fg_stdv": 194.12904357910156,
  "tsnr": 42.47040557861328
}