{
  "aor": 0.0008026190476190476,
  "aqi": 0.007263140523809525,
  "bids_meta": {
    "EchoTime": 0.03,
    "FlipAngle": 78,
    "MagneticFieldStrength": 3,
    "Manufacturer": "Siemens",
    "ManufacturersModelName": "TIM TRIO",
    "PulseSequenceType": "EPI",
    "RepetitionTime": 2.0,
    "TaskName": "face recognition",
    "modality": "bold",
    "run_id": "05",
    "session_id": "mri",
    "subject_id": "08",
    "task_id": "facerecognition"
  },
  "dummy_trs": 0,
  "dvars_nstd": 26.271253540095692,
  "dvars_std": 1.176566714114833,
  "dvars_vstd": 0.9940623019617226,
  "efc": 0.5936578267098902,
  "fber": 707.073974609375,
  "fd_mean": 0.08505936146427055,
  "fd_num": 2,
  "fd_perc": 0.9523809523809523,
  "fwhm_avg": 2.2525104444444444,
  "fwhm_x": 2.17346,
  "fwhm_y": 2.54805,
  "fwhm_z": 2.0360213333333332,
  "gcor": 0.00965656,
  "gsr_x": 0.0039888606406748295,
  "gsr_y": 0.02265656553208828,
  "provenance": {
    "md5sum": "80e2d53f6a9a7ea7f0ccfaf63800be44",
    "settings": {
      "fd_thres": 0.2,
      "hmc_fsl": false
    },
    "software": "mriqc",
    "version": "0.9.6"
  },
  "size_t": 210,
  "size_x": 64,
  "size_y": 64,
  "size_z": 33,
  "snr": 4.772909721073078,
  "spacing_tr": 2.0,
  "spacing_x": 3.0,
  "spacing_y": 3.0,
  "spacing_z": 3.75,
  "summary_bg_k": 27.606971124954075,
  "summary_bg_mad": 7.483611106872559,
  "summary_bg_mean": 52.02047348022461,
  "summary_bg_median": 26.871429443359375,
  "summary_bg_n": 66625.0,
  "summary_bg_p05": 21.16190528869629,
  "summary_bg_p95": 175.45143737792958,
  "summary_bg_stdv": 70.9919204711914,
  "summary_fg_k": 2.461779496194529,
  "summary_fg_mad": 128.08981323242188,
  "summary_fg_mean": 757.3867797851562,
  "summary_fg_median": 758.82861328125,
  "summary_fg_n": 36487.0,
  "summary_fg_p05": 514.9385864257813,
  "summary_fg_p95": 1011.8514648437499,
  "summary_fg_stdv": 158.98440551757812,
  "tsnr": 59.13604736328125
}