{
  "bids_meta": {
    "EchoTime": 0.00298,
    "FlipAngle": 9,
    "InversionTime": 0.9,
    "MagneticFieldStrength": 3,
    "Manufacturer": "Siemens",
    "ManufacturersModelName": "TIM TRIO",
    "PulseSequenceType": "MPRAGE",
    "RepetitionTime": 2.25,
    "acq_id": "mprage",
    "modality": "T1w",
    "session_id": "mri",
    "subject_id": "10"
  },
  "cjv": 0.29876002879438335,
  "cnr": 4.411827032656948,
  "efc": 0.6521370232628658,
  "fber": 1921.1287841796875,
  "fwhm_avg": 4.906326521829295,
  "fwhm_x": 4.895410291789191,
  "fwhm_y": 5.305408735091988,
  "fwhm_z": 4.518160538606708,
  "icvs_csf": 0.2330503923947736,
  "icvs_gm": 0.4141521225265698,
  "icvs_wm": 0.35279748507865655,
  "inu_med": 0.849411129951477,
  "inu_range": 0.33303449153900133,
  "provenance": {
    "md5sum": "867a44359616b6e0efa1995e13dcd8dd",
    "mriqc_pred": 0,
    "settings": {
      "testing": false
    },
    "software": "mriqc",
    "version": "0.9.6",
    "warnings": {
      "large_rot_frame": true,
      "small_air_mask": false
    }
  },
  "qi_1": 4.366738229033465e-05,
  "qi_2": 0.005904832514325058,
  "rpve_csf": 24.363000921054685,
  "rpve_gm": 13.822583414538425,
  "rpve_wm": 19.0833749543696,
  "size_x": 256,
  "size_y": 256,
  "size_z": 192,
  "snr_csf": 3.8980190779013224,
  "snr_gm": 13.823618741323136,
  "snr_total": 15.296813017506375,
  "snr_wm": 28.168801233294666,
  "snrd_csf": 37.02373948839461,
  "snrd_gm": 74.10005240803758,
  "snrd_total": 71.35332308431566,
  "snrd_wm": 102.93617735651479,
  "spacing_x": 0.9999999403953552,
  "spacing_y": 1.000000238418579,
  "spacing_z": 0.9999998807907104,
  "summary_bg_k": 23.482542077452116,
  "summary_bg_mad": 6.364541530609131,
  "summary_bg_mean": 15.04098892211914,
  "summary_bg_median": 13.493927001953125,
  "summary_bg_n": 1353888.0,
  "summary_bg_p05": 5.730199623107911,
  "summary_bg_p95": 29.615826320648182,
  "summary_bg_stdv": 7.7379631996154785,
  "summary_csf_k": 0.1700656339671589,
  "summary_csf_mad": 91.21688842773438,
  "summary_csf_mean": 374.51947021484375,
  "summary_csf_median": 359.67950439453125,
  "summary_csf_n": 39884.0,
  "summary_csf_p05": 251.68388671875002,
  "summary_csf_p95": 549.6098083496094,
  "summary_csf_stdv": 92.27122497558594,
  "summary_gm_k": 0.19986318488325194,
  "summary_gm_mad": 50.91947937011719,
  "summary_gm_mean": 720.0087280273438,
  "summary_gm_median": 719.8697509765625,
  "summary_gm_n": 22533.0,
  "summary_gm_p05": 636.0810424804688,
  "summary_gm_p95": 806.6003784179687,
  "summary_gm_stdv": 52.07419204711914,
  "summary_wm_k": 0.9117735368509932,
  "summary_wm_mad": 32.77461242675781,
  "summary_wm_mean": 999.617431640625,
  "summary_wm_median": 1000.0079345703125,
  "summary_wm_n": 209978.0,
  "summary_wm_p05": 941.2801757812499,
  "summary_wm_p95": 1056.0999328613282,
  "summary_wm_stdv": 35.500465393066406,
  "tpm_overlap_csf": 0.22982598841190338,
  "tpm_overlap_gm": 0.49761253595352173,
  "tpm_overlap_wm": 0.5512948036193848,
  "wm2max": 0.6508242153185333
}