{
  "aor": 0.003164714285714286,
  "aqi": 0.006907709047619048,
  "bids_meta": {
    "EchoTime": 0.03,
    "FlipAngle": 78,
    "MagneticFieldStrength": 3,
    "Manufacturer": "Siemens",
    "ManufacturersModelName": "TIM TRIO",
    "PulseSequenceType": "EPI",
    "RepetitionTime": 2.0,
    "TaskName": "face recognition",
    "modality": "bold",
    "run_id": "09",
    "session_id": "mri",
    "subject_id": "02",
    "task_id": "facerecognition"
  },
  "dummy_trs": 0,
  "dvars_nstd": 26.27113284784691,
  "dvars_std": 1.1165018119138757,
  "dvars_vstd": 1.0169044371291867,
  "efc": 0.6118168032093111,
  "fber": 667.7301635742188,
  "fd_mean": 0.11499782764979873,
  "fd_num": 31,
  "fd_perc": 14.761904761904763,
  "fwhm_avg": 2.3242845389170124,
  "fwhm_x": 2.277246485687376,
  "fwhm_y": 2.7153533333333333,
  "fwhm_z": 1.9802537977303285,
  "gcor": 0.0228525,
  "gsr_x": -0.01627896912395954,
  "gsr_y": 0.06614334881305695,
  "provenance": {
    "md5sum": "d4444c72ad476d7f04abd451b6371afa",
    "settings": {
      "fd_thres": 0.2,
      "hmc_fsl": false
    },
    "software": "mriqc",
    "version": "0.9.6"
  },
  "size_t": 210,
  "size_x": 64,
  "size_y": 64,
  "size_z": 33,
  "snr": 4.128074300392189,
  "spacing_tr": 2.0,
  "spacing_x": 3.000000238418579,
  "spacing_y": 3.0,
  "spacing_z": 3.9000000953674316,
  "summary_bg_k": 54.30981889740487,
  "summary_bg_mad": 8.56379508972168,
  "summary_bg_mean": 54.41545486450195,
  "summary_bg_median": 29.21904945373535,
  "summary_bg_n": 62243.0,
  "summary_bg_p05": 22.680953979492188,
  "summary_bg_p95": 178.34619750976555,
  "summary_bg_stdv": 70.4294204711914,
  "summary_fg_k": 1.744188155691793,
  "summary_fg_mad": 156.28749084472656,
  "summary_fg_mean": 816.9282836914062,
  "summary_fg_median": 804.0619506835938,
  "summary_fg_n": 41221.0,
  "summary_fg_p05": 535.94287109375,
  "summary_fg_p95": 1157.3619384765625,
  "summary_fg_stdv": 194.77658081054688,
  "tsnr": 52.93971633911133
}