{
  "aor": 0.0012854761904761906,
  "aqi": 0.006008488476190475,
  "bids_meta": {
    "EchoTime": 0.03,
    "FlipAngle": 78,
    "MagneticFieldStrength": 3,
    "Manufacturer": "Siemens",
    "ManufacturersModelName": "TIM TRIO",
    "PulseSequenceType": "EPI",
    "RepetitionTime": 2.0,
    "TaskName": "face recognition",
    "modality": "bold",
    "run_id": "03",
    "session_id": "mri",
    "subject_id": "08",
    "task_id": "facerecognition"
  },
  "dummy_trs": 0,
  "dvars_nstd": 26.390205191578954,
  "dvars_std": 1.1880312962679418,
  "dvars_vstd": 1.0191315073205747,
  "efc": 0.592971530274584,
  "fber": 716.7250366210938,
  "fd_mean": 0.10365134653513494,
  "fd_num": 6,
  "fd_perc": 2.857142857142857,
  "fwhm_avg": 2.2669822222222225,
  "fwhm_x": 2.19212,
  "fwhm_y": 2.56392,
  "fwhm_z": 2.044906666666667,
  "gcor": 0.0272873,
  "gsr_x": 0.003855272429063916,
  "gsr_y": 0.021322738379240036,
  "provenance": {
    "md5sum": "9b970fa99075c43623a3db9a2013cf53",
    "settings": {
      "fd_thres": 0.2,
      "hmc_fsl": false
    },
    "software": "mriqc",
    "version": "0.9.6"
  },
  "size_t": 210,
  "size_x": 64,
  "size_y": 64,
  "size_z": 33,
  "snr": 4.759947906189365,
  "spacing_tr": 2.0,
  "spacing_x": 3.0,
  "spacing_y": 3.0,
  "spacing_z": 3.75,
  "summary_bg_k": 28.19503075304457,
  "summary_bg_mad": 7.130611896514893,
  "summary_bg_mean": 50.86630630493164,
  "summary_bg_median": 26.52857208251953,
  "summary_bg_n": 66488.0,
  "summary_bg_p05": 21.04762077331543,
  "summary_bg_p95": 169.1645294189451,
  "summary_bg_stdv": 69.43678283691406,
  "summary_fg_k": 2.519161901493481,
  "summary_fg_mad": 127.18608093261719,
  "summary_fg_mean": 751.1900024414062,
  "summary_fg_median": 752.6952514648438,
  "summary_fg_n": 36687.0,
  "summary_fg_p05": 509.891455078125,
  "summary_fg_p95": 1003.4366821289061,
  "summary_fg_stdv": 158.1288299560547,
  "tsnr": 62.383941650390625
}