{
  "aor": 0.0011163333333333335,
  "aqi": 0.009740954666666668,
  "bids_meta": {
    "EchoTime": 0.03,
    "FlipAngle": 78,
    "MagneticFieldStrength": 3,
    "Manufacturer": "Siemens",
    "ManufacturersModelName": "TIM TRIO",
    "PulseSequenceType": "EPI",
    "RepetitionTime": 2.0,
    "TaskName": "face recognition",
    "modality": "bold",
    "run_id": "04",
    "session_id": "mri",
    "subject_id": "01",
    "task_id": "facerecognition"
  },
  "dummy_trs": 0,
  "dvars_nstd": 29.449578645789476,
  "dvars_std": 1.1060986365550243,
  "dvars_vstd": 0.9975278090430626,
  "efc": 0.6254889973214826,
  "fber": 464.52899169921875,
  "fd_mean": 0.11440213127900037,
  "fd_num": 28,
  "fd_perc": 13.333333333333334,
  "fwhm_avg": 2.3356673333333333,
  "fwhm_x": 2.2902,
  "fwhm_y": 2.753716666666667,
  "fwhm_z": 1.9630853333333333,
  "gcor": 0.0333795,
  "gsr_x": -0.004637409932911396,
  "gsr_y": 0.05127991363406181,
  "provenance": {
    "md5sum": "5b78dd8e96078bbaff008d996c4afaa9",
    "settings": {
      "fd_thres": 0.2,
      "hmc_fsl": false
    },
    "software": "mriqc",
    "version": "0.9.6"
  },
  "size_t": 210,
  "size_x": 64,
  "size_y": 64,
  "size_z": 33,
  "snr": 4.471546210789623,
  "spacing_tr": 2.0,
  "spacing_x": 3.0,
  "spacing_y": 3.0,
  "spacing_z": 3.75,
  "summary_bg_k": 13.168193608029888,
  "summary_bg_mad": 13.49521255493164,
  "summary_bg_mean": 76.60521697998047,
  "summary_bg_median": 33.99285888671875,
  "summary_bg_n": 63648.0,
  "summary_bg_p05": 23.900001525878906,
  "summary_bg_p95": 310.16811523437497,
  "summary_bg_stdv": 100.6917953491211,
  "summary_fg_k": 2.570811777931186,
  "summary_fg_mad": 133.34950256347656,
  "summary_fg_mean": 785.2200927734375,
  "summary_fg_median": 785.7428588867188,
  "summary_fg_n": 38297.0,
  "summary_fg_p05": 503.9628845214844,
  "summary_fg_p95": 1063.1410400390625,
  "summary_fg_stdv": 175.71832275390625,
  "tsnr": 47.956275939941406
}