{
  "aor": 0.0005219523809523809,
  "aqi": 0.004302206666666667,
  "bids_meta": {
    "EchoTime": 0.03,
    "FlipAngle": 78,
    "MagneticFieldStrength": 3,
    "Manufacturer": "Siemens",
    "ManufacturersModelName": "TIM TRIO",
    "PulseSequenceType": "EPI",
    "RepetitionTime": 2.0,
    "TaskName": "face recognition",
    "modality": "bold",
    "run_id": "01",
    "session_id": "mri",
    "subject_id": "05",
    "task_id": "facerecognition"
  },
  "dummy_trs": 0,
  "dvars_nstd": 24.099110361626792,
  "dvars_std": 1.1115693619617222,
  "dvars_vstd": 1.0054232329186603,
  "efc": 0.5792403742491746,
  "fber": 810.8027954101562,
  "fd_mean": 0.05960172093977939,
  "fd_num": 0,
  "fd_perc": 0.0,
  "fwhm_avg": 2.3837694814106505,
  "fwhm_x": 2.3120266666666667,
  "fwhm_y": 2.7988764442319516,
  "fwhm_z": 2.040405333333333,
  "gcor": 0.0470326,
  "gsr_x": -0.014300677925348282,
  "gsr_y": 0.03512929752469063,
  "provenance": {
    "md5sum": "3d3480982275efd89fbff24dc9cac20e",
    "settings": {
      "fd_thres": 0.2,
      "hmc_fsl": false
    },
    "software": "mriqc",
    "version": "0.9.6"
  },
  "size_t": 210,
  "size_x": 64,
  "size_y": 64,
  "size_z": 33,
  "snr": 4.415040074060934,
  "spacing_tr": 2.0,
  "spacing_x": 3.0,
  "spacing_y": 3.000000238418579,
  "spacing_z": 3.75,
  "summary_bg_k": 81.49767143094226,
  "summary_bg_mad": 5.605648517608643,
  "summary_bg_mean": 42.82979965209961,
  "summary_bg_median": 26.35714340209961,
  "summary_bg_n": 65219.0,
  "summary_bg_p05": 22.0,
  "summary_bg_p95": 107.98095703125,
  "summary_bg_stdv": 58.24332046508789,
  "summary_fg_k": 2.134143458961555,
  "summary_fg_mad": 146.8411407470703,
  "summary_fg_mean": 797.2496337890625,
  "summary_fg_median": 797.7285766601562,
  "summary_fg_n": 37347.0,
  "summary_fg_p05": 518.1557373046875,
  "summary_fg_p95": 1085.2448242187495,
  "summary_fg_stdv": 180.68191528320312,
  "tsnr": 64.68345642089844
}