{
  "bids_meta": {
    "EchoTime": 0.00298,
    "FlipAngle": 9,
    "InversionTime": 0.9,
    "MagneticFieldStrength": 3,
    "Manufacturer": "Siemens",
    "ManufacturersModelName": "TIM TRIO",
    "PulseSequenceType": "MPRAGE",
    "RepetitionTime": 2.25,
    "acq_id": "mprage",
    "modality": "T1w",
    "session_id": "mri",
    "subject_id": "06"
  },
  "cjv": 0.36475067808774486,
  "cnr": 3.632992944610197,
  "efc": 0.6446911966046368,
  "fber": 825.56396484375,
  "fwhm_avg": 4.639199822546662,
  "fwhm_x": 4.4657594676399865,
  "fwhm_y": 5.15645,
  "fwhm_z": 4.29539,
  "icvs_csf": 0.21742212269453798,
  "icvs_gm": 0.4003282454885233,
  "icvs_wm": 0.3822496318169387,
  "inu_med": 0.909790575504303,
  "inu_range": 0.35438213944435115,
  "provenance": {
    "md5sum": "125b66a3906176933ddc1a1b5c267707",
    "mriqc_pred": 0,
    "settings": {
      "testing": false
    },
    "software": "mriqc",
    "version": "0.9.6",
    "warnings": {
      "large_rot_frame": true,
      "small_air_mask": false
    }
  },
  "qi_1": 0.0008138137269675241,
  "qi_2": 0.004999690973053869,
  "rpve_csf": 23.94867730756389,
  "rpve_gm": 13.226075871795391,
  "rpve_wm": 16.69500011363682,
  "size_x": 256,
  "size_y": 256,
  "size_z": 192,
  "snr_csf": 3.6805465995023656,
  "snr_gm": 12.93382936007286,
  "snr_total": 14.075354014086676,
  "snr_wm": 25.611686082684795,
  "snrd_csf": 25.14498838885677,
  "snrd_gm": 49.768982457594994,
  "snrd_total": 47.263455845139354,
  "snrd_wm": 66.8763966889663,
  "spacing_x": 1.0000001192092896,
  "spacing_y": 1.0,
  "spacing_z": 1.0,
  "summary_bg_k": 2.542314875973143,
  "summary_bg_mad": 9.796379089355469,
  "summary_bg_mean": 24.668746948242188,
  "summary_bg_median": 22.752696990966797,
  "summary_bg_n": 1767263.0,
  "summary_bg_p05": 10.432622051239013,
  "summary_bg_p95": 45.48539505004882,
  "summary_bg_stdv": 11.083986282348633,
  "summary_csf_k": 10.691786969100486,
  "summary_csf_mad": 92.9061508178711,
  "summary_csf_mean": 390.8797912597656,
  "summary_csf_median": 375.997802734375,
  "summary_csf_n": 31880.0,
  "summary_csf_p05": 255.70768966674802,
  "summary_csf_p95": 569.2620056152343,
  "summary_csf_stdv": 102.15653991699219,
  "summary_gm_k": 0.1097635036991007,
  "summary_gm_mad": 56.27934265136719,
  "summary_gm_mean": 745.7000122070312,
  "summary_gm_median": 744.205078125,
  "summary_gm_n": 20921.0,
  "summary_gm_p05": 652.4645385742188,
  "summary_gm_p95": 843.2140502929688,
  "summary_gm_stdv": 57.538047790527344,
  "summary_wm_k": 0.5810694665250606,
  "summary_wm_mad": 37.02768325805664,
  "summary_wm_mean": 999.9678955078125,
  "summary_wm_median": 1000.0155029296875,
  "summary_wm_n": 251149.0,
  "summary_wm_p05": 935.74013671875,
  "summary_wm_p95": 1063.557861328125,
  "summary_wm_stdv": 39.045204162597656,
  "tpm_overlap_csf": 0.22612634301185608,
  "tpm_overlap_gm": 0.4994580149650574,
  "tpm_overlap_wm": 0.5610700845718384,
  "wm2max": 0.6083161642752078
}