{
  "aor": 0.003808285714285715,
  "aqi": 0.017968326333333333,
  "bids_meta": {
    "EchoTime": 0.03,
    "FlipAngle": 78,
    "MagneticFieldStrength": 3,
    "Manufacturer": "Siemens",
    "ManufacturersModelName": "TIM TRIO",
    "PulseSequenceType": "EPI",
    "RepetitionTime": 2.0,
    "TaskName": "face recognition",
    "modality": "bold",
    "run_id": "08",
    "session_id": "mri",
    "subject_id": "04",
    "task_id": "facerecognition"
  },
  "dummy_trs": 0,
  "dvars_nstd": 29.08975415023924,
  "dvars_std": 1.0765387947368417,
  "dvars_vstd": 0.9549175394736841,
  "efc": 0.5894607389850134,
  "fber": 663.8797607421875,
  "fd_mean": 0.15963427354955725,
  "fd_num": 50,
  "fd_perc": 23.80952380952381,
  "fwhm_avg": 2.4578047692751466,
  "fwhm_x": 2.4387,
  "fwhm_y": 2.8430066666666662,
  "fwhm_z": 2.0917076411587727,
  "gcor": 0.0110197,
  "gsr_x": -0.006358478218317032,
  "gsr_y": 0.016688622534275055,
  "provenance": {
    "md5sum": "190bd250efcab33e4c0328e706d93172",
    "settings": {
      "fd_thres": 0.2,
      "hmc_fsl": false
    },
    "software": "mriqc",
    "version": "0.9.6"
  },
  "size_t": 210,
  "size_x": 64,
  "size_y": 64,
  "size_z": 33,
  "snr": 4.39977354667056,
  "spacing_tr": 2.0,
  "spacing_x": 3.0,
  "spacing_y": 3.0,
  "spacing_z": 3.9000000953674316,
  "summary_bg_k": 61.24460434865429,
  "summary_bg_mad": 10.766517639160156,
  "summary_bg_mean": 51.31245422363281,
  "summary_bg_median": 31.142858505249023,
  "summary_bg_n": 63650.0,
  "summary_bg_p05": 22.561904907226562,
  "summary_bg_p95": 133.95286178588864,
  "summary_bg_stdv": 66.27093505859375,
  "summary_fg_k": 1.8561192228483119,
  "summary_fg_mad": 157.0746612548828,
  "summary_fg_mean": 849.8023071289062,
  "summary_fg_median": 854.1785888671875,
  "summary_fg_n": 37948.0,
  "summary_fg_p05": 527.4347778320313,
  "summary_fg_p95": 1153.6950744628907,
  "summary_fg_stdv": 194.13893127441406,
  "tsnr": 35.341182708740234
}