{
  "bids_meta": {
    "EchoTime": 0.00298,
    "FlipAngle": 9,
    "InversionTime": 0.9,
    "MagneticFieldStrength": 3,
    "Manufacturer": "Siemens",
    "ManufacturersModelName": "TIM TRIO",
    "PulseSequenceType": "MPRAGE",
    "RepetitionTime": 2.25,
    "acq_id": "mprage",
    "modality": "T1w",
    "session_id": "mri",
    "subject_id": "08"
  },
  "cjv": 0.3136408824486083,
  "cnr": 4.225601650754141,
  "efc": 0.6146475242462234,
  "fber": 2225.168701171875,
  "fwhm_avg": 4.523982836629169,
  "fwhm_x": 4.522570269566194,
  "fwhm_y": 4.920418240321312,
  "fwhm_z": 4.12896,
  "icvs_csf": 0.225044589453055,
  "icvs_gm": 0.41935633066364625,
  "icvs_wm": 0.35559907988329875,
  "inu_med": 0.8439494371414185,
  "inu_range": 0.3064343333244324,
  "provenance": {
    "md5sum": "6a0a6bbe7e6a8bd0c15f4c6aeaf86426",
    "mriqc_pred": 0,
    "settings": {
      "testing": false
    },
    "software": "mriqc",
    "version": "0.9.6",
    "warnings": {
      "large_rot_frame": true,
      "small_air_mask": false
    }
  },
  "qi_1": 0.0007318299050610873,
  "qi_2": 0.0063375909791933355,
  "rpve_csf": 26.74836816857975,
  "rpve_gm": 14.695590436669224,
  "rpve_wm": 20.53514592454473,
  "size_x": 256,
  "size_y": 256,
  "size_z": 192,
  "snr_csf": 3.867475140723901,
  "snr_gm": 14.542176052488843,
  "snr_total": 15.4922146063644,
  "snr_wm": 28.066992625880452,
  "snrd_csf": 36.92457093905311,
  "snrd_gm": 69.35587075776975,
  "snrd_total": 66.83055785243754,
  "snrd_wm": 94.21123186048975,
  "spacing_x": 0.9999999403953552,
  "spacing_y": 1.0000003576278687,
  "spacing_z": 1.0,
  "summary_bg_k": 3.3248719795666153,
  "summary_bg_mad": 6.954010486602783,
  "summary_bg_mean": 15.924004554748535,
  "summary_bg_median": 14.386007308959961,
  "summary_bg_n": 2299238.0,
  "summary_bg_p05": 5.8086795091629035,
  "summary_bg_p95": 31.214484596252436,
  "summary_bg_stdv": 8.133260726928711,
  "summary_csf_k": 2.1772810068947157,
  "summary_csf_mad": 96.44117736816406,
  "summary_csf_mean": 408.9666442871094,
  "summary_csf_median": 391.9395446777344,
  "summary_csf_n": 26324.0,
  "summary_csf_p05": 268.5606750488281,
  "summary_csf_p95": 592.4757629394531,
  "summary_csf_stdv": 101.34056091308594,
  "summary_gm_k": 0.1824693734677445,
  "summary_gm_mad": 49.409141540527344,
  "summary_gm_mean": 737.9866943359375,
  "summary_gm_median": 736.184814453125,
  "summary_gm_n": 16614.0,
  "summary_gm_p05": 657.7103332519531,
  "summary_gm_p95": 825.0522674560547,
  "summary_gm_stdv": 50.62259292602539,
  "summary_wm_k": 0.7121944551301791,
  "summary_wm_mad": 33.33864212036133,
  "summary_wm_mean": 998.8753051757812,
  "summary_wm_median": 1000.0145263671875,
  "summary_wm_n": 188997.0,
  "summary_wm_p05": 938.2540649414062,
  "summary_wm_p95": 1054.4081298828125,
  "summary_wm_stdv": 35.62946319580078,
  "tpm_overlap_csf": 0.22034133970737457,
  "tpm_overlap_gm": 0.5078651309013367,
  "tpm_overlap_wm": 0.5494620203971863,
  "wm2max": 0.6628668646424318
}