{
  "aor": 0.002639521531100478,
  "aqi": 0.008044703157894737,
  "bids_meta": {
    "EchoTime": 0.03,
    "FlipAngle": 78,
    "MagneticFieldStrength": 3,
    "Manufacturer": "Siemens",
    "ManufacturersModelName": "TIM TRIO",
    "PulseSequenceType": "EPI",
    "RepetitionTime": 2.0,
    "TaskName": "face recognition",
    "modality": "bold",
    "run_id": "06",
    "session_id": "mri",
    "subject_id": "10",
    "task_id": "facerecognition"
  },
  "dummy_trs": 1,
  "dvars_nstd": 27.163673987932704,
  "dvars_std": 1.1089858314903842,
  "dvars_vstd": 0.9881448005288458,
  "efc": 0.5865152288788885,
  "fber": 698.7283935546875,
  "fd_mean": 0.12202191070987946,
  "fd_num": 27,
  "fd_perc": 12.91866028708134,
  "fwhm_avg": 2.380923010118512,
  "fwhm_x": 2.363339812178627,
  "fwhm_y": 2.7650164469229024,
  "fwhm_z": 2.014412771254007,
  "gcor": 0.022502,
  "gsr_x": -0.007457096129655838,
  "gsr_y": 0.047220971435308456,
  "provenance": {
    "md5sum": "d1c33cdb294b38b669af8c71bd67ba8c",
    "settings": {
      "fd_thres": 0.2,
      "hmc_fsl": false
    },
    "software": "mriqc",
    "version": "0.9.6"
  },
  "size_t": 209,
  "size_x": 64,
  "size_y": 64,
  "size_z": 33,
  "snr": 3.9645184406230487,
  "spacing_tr": 2.0,
  "spacing_x": 3.000000238418579,
  "spacing_y": 3.000000238418579,
  "spacing_z": 3.9000000953674316,
  "summary_bg_k": 69.70721490431322,
  "summary_bg_mad": 9.739774703979492,
  "summary_bg_mean": 56.47810745239258,
  "summary_bg_median": 29.94736671447754,
  "summary_bg_n": 65233.0,
  "summary_bg_p05": 22.531099319458008,
  "summary_bg_p95": 174.10908203124995,
  "summary_bg_stdv": 83.43203735351562,
  "summary_fg_k": 1.7840774784506905,
  "summary_fg_mad": 174.85838317871094,
  "summary_fg_mean": 856.3495483398438,
  "summary_fg_median": 847.440185546875,
  "summary_fg_n": 37692.0,
  "summary_fg_p05": 527.3956848144531,
  "summary_fg_p95": 1209.9305908203123,
  "summary_fg_stdv": 213.75331115722656,
  "tsnr": 47.31187438964844
}