{
  "bids_meta": {
    "EchoTime": 0.00298,
    "FlipAngle": 9,
    "InversionTime": 0.9,
    "MagneticFieldStrength": 3,
    "Manufacturer": "Siemens",
    "ManufacturersModelName": "TIM TRIO",
    "PulseSequenceType": "MPRAGE",
    "RepetitionTime": 2.25,
    "acq_id": "mprage",
    "modality": "T1w",
    "session_id": "mri",
    "subject_id": "02"
  },
  "cjv": 0.3115247650953407,
  "cnr": 4.289826388731722,
  "efc": 0.6096099775164335,
  "fber": 2765.767333984375,
  "fwhm_avg": 4.899553139280104,
  "fwhm_x": 4.883509417840312,
  "fwhm_y": 5.32621,
  "fwhm_z": 4.48894,
  "icvs_csf": 0.22324498859708233,
  "icvs_gm": 0.4040843017090357,
  "icvs_wm": 0.372670709693882,
  "inu_med": 0.7366365790367126,
  "inu_range": 0.27022994756698604,
  "provenance": {
    "md5sum": "00536e32640d8778e9b07151027c51fe",
    "mriqc_pred": 0,
    "settings": {
      "testing": false
    },
    "software": "mriqc",
    "version": "0.9.6",
    "warnings": {
      "large_rot_frame": true,
      "small_air_mask": false
    }
  },
  "qi_1": 0.0006877098444363158,
  "qi_2": 0.005638556427405373,
  "rpve_csf": 23.943852790768158,
  "rpve_gm": 13.322927584372026,
  "rpve_wm": 17.395009587307158,
  "size_x": 256,
  "size_y": 256,
  "size_z": 192,
  "snr_csf": 4.021235327822888,
  "snr_gm": 13.163069453212128,
  "snr_total": 15.83754013470625,
  "snr_wm": 30.32831562308373,
  "snrd_csf": 34.78822347072213,
  "snrd_gm": 77.70445188478331,
  "snrd_total": 73.30526487154279,
  "snrd_wm": 107.42311925912291,
  "spacing_x": 1.0000001192092896,
  "spacing_y": 1.0,
  "spacing_z": 1.0,
  "summary_bg_k": 4.25333738523008,
  "summary_bg_mad": 6.098716735839844,
  "summary_bg_mean": 13.344463348388672,
  "summary_bg_median": 11.917040824890137,
  "summary_bg_n": 2458960.0,
  "summary_bg_p05": 4.626105618476868,
  "summary_bg_p95": 26.833814525604225,
  "summary_bg_stdv": 7.215138912200928,
  "summary_csf_k": 1.0813940218767186,
  "summary_csf_mad": 61.257720947265625,
  "summary_csf_mean": 345.94793701171875,
  "summary_csf_median": 323.8463439941406,
  "summary_csf_n": 51616.0,
  "summary_csf_p05": 250.5366554260254,
  "summary_csf_p95": 512.5016326904297,
  "summary_csf_stdv": 80.53326416015625,
  "summary_gm_k": 0.05527759413831701,
  "summary_gm_mad": 54.756561279296875,
  "summary_gm_mean": 722.8848266601562,
  "summary_gm_median": 723.35693359375,
  "summary_gm_n": 26558.0,
  "summary_gm_p05": 631.2782135009766,
  "summary_gm_p95": 811.5908386230468,
  "summary_gm_stdv": 54.95248031616211,
  "summary_wm_k": 0.6008813067615377,
  "summary_wm_mad": 31.427837371826172,
  "summary_wm_mean": 1000.6768188476562,
  "summary_wm_median": 1000.0103759765625,
  "summary_wm_n": 248650.0,
  "summary_wm_p05": 948.3169891357422,
  "summary_wm_p95": 1055.2870361328123,
  "summary_wm_stdv": 32.97276306152344,
  "tpm_overlap_csf": 0.24606908857822418,
  "tpm_overlap_gm": 0.4995220899581909,
  "tpm_overlap_wm": 0.5570383071899414,
  "wm2max": 0.6814711496561533
}