{
  "aor": 0.00610747619047619,
  "aqi": 0.010883371333333334,
  "bids_meta": {
    "EchoTime": 0.03,
    "FlipAngle": 78,
    "MagneticFieldStrength": 3,
    "Manufacturer": "Siemens",
    "ManufacturersModelName": "TIM TRIO",
    "PulseSequenceType": "EPI",
    "RepetitionTime": 2.0,
    "TaskName": "face recognition",
    "modality": "bold",
    "run_id": "08",
    "session_id": "mri",
    "subject_id": "01",
    "task_id": "facerecognition"
  },
  "dummy_trs": 0,
  "dvars_nstd": 28.569193543397127,
  "dvars_std": 1.1076848306220104,
  "dvars_vstd": 1.0792151791866031,
  "efc": 0.6236603348950902,
  "fber": 481.3424377441406,
  "fd_mean": 0.19660792251276288,
  "fd_num": 62,
  "fd_perc": 29.523809523809526,
  "fwhm_avg": 2.296597111111111,
  "fwhm_x": 2.2500233333333335,
  "fwhm_y": 2.6901200000000003,
  "fwhm_z": 1.949648,
  "gcor": 0.0138217,
  "gsr_x": 0.004400799050927162,
  "gsr_y": 0.05922801047563553,
  "provenance": {
    "md5sum": "f1e45a6bc90a1c49656f975dc7d1a0a0",
    "settings": {
      "fd_thres": 0.2,
      "hmc_fsl": false
    },
    "software": "mriqc",
    "version": "0.9.6"
  },
  "size_t": 210,
  "size_x": 64,
  "size_y": 64,
  "size_z": 33,
  "snr": 4.579986881811058,
  "spacing_tr": 2.0,
  "spacing_x": 3.0,
  "spacing_y": 3.0,
  "spacing_z": 3.75,
  "summary_bg_k": 10.323869900881107,
  "summary_bg_mad": 13.922344207763672,
  "summary_bg_mean": 73.83745574951172,
  "summary_bg_median": 33.614288330078125,
  "summary_bg_n": 64560.0,
  "summary_bg_p05": 23.119049072265625,
  "summary_bg_p95": 296.46381835937484,
  "summary_bg_stdv": 94.68392944335938,
  "summary_fg_k": 2.464686384365752,
  "summary_fg_mad": 134.0202178955078,
  "summary_fg_mean": 787.230224609375,
  "summary_fg_median": 786.7142944335938,
  "summary_fg_n": 38015.0,
  "summary_fg_p05": 517.1981079101563,
  "summary_fg_p95": 1058.7595825195312,
  "summary_fg_stdv": 171.76991271972656,
  "tsnr": 42.81953048706055
}