{
  "aor": 0.0007149047619047619,
  "aqi": 0.00525036242857143,
  "bids_meta": {
    "EchoTime": 0.03,
    "FlipAngle": 78,
    "MagneticFieldStrength": 3,
    "Manufacturer": "Siemens",
    "ManufacturersModelName": "TIM TRIO",
    "PulseSequenceType": "EPI",
    "RepetitionTime": 2.0,
    "TaskName": "face recognition",
    "modality": "bold",
    "run_id": "04",
    "session_id": "mri",
    "subject_id": "08",
    "task_id": "facerecognition"
  },
  "dummy_trs": 0,
  "dvars_nstd": 26.788124951052616,
  "dvars_std": 1.2190783885167475,
  "dvars_vstd": 1.0154669062200958,
  "efc": 0.5931476291060185,
  "fber": 710.006103515625,
  "fd_mean": 0.07945786373907605,
  "fd_num": 1,
  "fd_perc": 0.47619047619047616,
  "fwhm_avg": 2.2619813333333334,
  "fwhm_x": 2.1871133333333335,
  "fwhm_y": 2.5624066666666665,
  "fwhm_z": 2.036424,
  "gcor": 0.0277943,
  "gsr_x": 0.004354380536824465,
  "gsr_y": 0.022687891498208046,
  "provenance": {
    "md5sum": "a6c63e9c4b0186ab24a8dcf9523c2096",
    "settings": {
      "fd_thres": 0.2,
      "hmc_fsl": false
    },
    "software": "mriqc",
    "version": "0.9.6"
  },
  "size_t": 210,
  "size_x": 64,
  "size_y": 64,
  "size_z": 33,
  "snr": 4.781410850823513,
  "spacing_tr": 2.0,
  "spacing_x": 3.0,
  "spacing_y": 3.0,
  "spacing_z": 3.75,
  "summary_bg_k": 27.160769216916837,
  "summary_bg_mad": 7.610691547393799,
  "summary_bg_mean": 51.38994598388672,
  "summary_bg_median": 26.72381019592285,
  "summary_bg_n": 66590.0,
  "summary_bg_p05": 20.687857913970948,
  "summary_bg_p95": 170.90143737792957,
  "summary_bg_stdv": 70.2985610961914,
  "summary_fg_k": 2.4774409111880162,
  "summary_fg_mad": 127.74382019042969,
  "summary_fg_mean": 755.1715087890625,
  "summary_fg_median": 756.0238647460938,
  "summary_fg_n": 36586.0,
  "summary_fg_p05": 517.7738037109375,
  "summary_fg_p95": 1008.3690795898438,
  "summary_fg_stdv": 158.1151580810547,
  "tsnr": 66.3673324584961
}