{
  "aor": 0.0008035238095238095,
  "aqi": 0.006102099476190476,
  "bids_meta": {
    "EchoTime": 0.03,
    "FlipAngle": 78,
    "MagneticFieldStrength": 3,
    "Manufacturer": "Siemens",
    "ManufacturersModelName": "TIM TRIO",
    "PulseSequenceType": "EPI",
    "RepetitionTime": 2.0,
    "TaskName": "face recognition",
    "modality": "bold",
    "run_id": "03",
    "session_id": "mri",
    "subject_id": "03",
    "task_id": "facerecognition"
  },
  "dummy_trs": 0,
  "dvars_nstd": 27.612713161722496,
  "dvars_std": 1.1544421658851671,
  "dvars_vstd": 1.0087456534928232,
  "efc": 0.5890718376716731,
  "fber": 600.4519653320312,
  "fd_mean": 0.13690589499841402,
  "fd_num": 29,
  "fd_perc": 13.80952380952381,
  "fwhm_avg": 2.3745198123454276,
  "fwhm_x": 2.3425866666666666,
  "fwhm_y": 2.7303933333333332,
  "fwhm_z": 2.0505794370362835,
  "gcor": 0.0353488,
  "gsr_x": -0.00288640009239316,
  "gsr_y": 0.03897509351372719,
  "provenance": {
    "md5sum": "3fed39fc2edc35b1523d8971473261c4",
    "settings": {
      "fd_thres": 0.2,
      "hmc_fsl": false
    },
    "software": "mriqc",
    "version": "0.9.6"
  },
  "size_t": 210,
  "size_x": 64,
  "size_y": 64,
  "size_z": 33,
  "snr": 4.2954829396915875,
  "spacing_tr": 2.0,
  "spacing_x": 3.0,
  "spacing_y": 3.0,
  "spacing_z": 3.9000000953674316,
  "summary_bg_k": 12.883298673465834,
  "summary_bg_mad": 11.098336219787598,
  "summary_bg_mean": 59.61811065673828,
  "summary_bg_median": 32.28095245361328,
  "summary_bg_n": 66863.0,
  "summary_bg_p05": 23.96190643310547,
  "summary_bg_p95": 206.99430084228482,
  "summary_bg_stdv": 67.62664031982422,
  "summary_fg_k": 2.1485252975996323,
  "summary_fg_mad": 159.33033752441406,
  "summary_fg_mean": 849.6295166015625,
  "summary_fg_median": 846.7285766601562,
  "summary_fg_n": 35929.0,
  "summary_fg_p05": 542.3276611328125,
  "summary_fg_p95": 1166.1410400390623,
  "summary_fg_stdv": 197.11795043945312,
  "tsnr": 57.963809967041016
}