{
  "aor": 0.0016966190476190475,
  "aqi": 0.006014735238095238,
  "bids_meta": {
    "EchoTime": 0.03,
    "FlipAngle": 78,
    "MagneticFieldStrength": 3,
    "Manufacturer": "Siemens",
    "ManufacturersModelName": "TIM TRIO",
    "PulseSequenceType": "EPI",
    "RepetitionTime": 2.0,
    "TaskName": "face recognition",
    "modality": "bold",
    "run_id": "06",
    "session_id": "mri",
    "subject_id": "13",
    "task_id": "facerecognition"
  },
  "dummy_trs": 0,
  "dvars_nstd": 25.27640298009569,
  "dvars_std": 1.1867409921052638,
  "dvars_vstd": 1.0270201873205742,
  "efc": 0.5713221096853944,
  "fber": 925.6176147460938,
  "fd_mean": 0.1299725756213431,
  "fd_num": 32,
  "fd_perc": 15.238095238095237,
  "fwhm_avg": 2.4411110088222068,
  "fwhm_x": 2.3599900000000003,
  "fwhm_y": 2.899953333333333,
  "fwhm_z": 2.063389693133288,
  "gcor": 0.0501667,
  "gsr_x": -0.014149592258036137,
  "gsr_y": 0.03767041116952896,
  "provenance": {
    "md5sum": "a7e147ce01736d5b96ba4090dcf69a69",
    "settings": {
      "fd_thres": 0.2,
      "hmc_fsl": false
    },
    "software": "mriqc",
    "version": "0.9.6"
  },
  "size_t": 210,
  "size_x": 64,
  "size_y": 64,
  "size_z": 33,
  "snr": 4.5355990485027124,
  "spacing_tr": 2.0,
  "spacing_x": 3.0,
  "spacing_y": 3.0,
  "spacing_z": 3.9000000953674316,
  "summary_bg_k": 39.40217366217432,
  "summary_bg_mad": 6.438730239868164,
  "summary_bg_mean": 45.70852279663086,
  "summary_bg_median": 26.238096237182617,
  "summary_bg_n": 67014.0,
  "summary_bg_p05": 21.241191959381105,
  "summary_bg_p95": 138.82382202148438,
  "summary_bg_stdv": 56.56668472290039,
  "summary_fg_k": 2.128977399813773,
  "summary_fg_mad": 153.54823303222656,
  "summary_fg_mean": 845.306640625,
  "summary_fg_median": 849.2381591796875,
  "summary_fg_n": 36172.0,
  "summary_fg_p05": 544.7090911865234,
  "summary_fg_p95": 1137.6177124023436,
  "summary_fg_stdv": 187.23577880859375,
  "tsnr": 58.9957160949707
}