{
  "aor": 0.005022380952380953,
  "aqi": 0.011817584857142857,
  "bids_meta": {
    "EchoTime": 0.03,
    "FlipAngle": 78,
    "MagneticFieldStrength": 3,
    "Manufacturer": "Siemens",
    "ManufacturersModelName": "TIM TRIO",
    "PulseSequenceType": "EPI",
    "RepetitionTime": 2.0,
    "TaskName": "face recognition",
    "modality": "bold",
    "run_id": "05",
    "session_id": "mri",
    "subject_id": "01",
    "task_id": "facerecognition"
  },
  "dummy_trs": 0,
  "dvars_nstd": 26.873129886076544,
  "dvars_std": 1.1051998070813391,
  "dvars_vstd": 1.0665029522488036,
  "efc": 0.62586862435867,
  "fber": 452.4156188964844,
  "fd_mean": 0.11712741353423135,
  "fd_num": 25,
  "fd_perc": 11.904761904761905,
  "fwhm_avg": 2.3715484444444446,
  "fwhm_x": 2.3225666666666664,
  "fwhm_y": 2.7861666666666665,
  "fwhm_z": 2.005912,
  "gcor": 0.0117805,
  "gsr_x": -0.0037127076648175716,
  "gsr_y": 0.0520428828895092,
  "provenance": {
    "md5sum": "175310323596bdee35ef5bb9ab5bb75c",
    "settings": {
      "fd_thres": 0.2,
      "hmc_fsl": false
    },
    "software": "mriqc",
    "version": "0.9.6"
  },
  "size_t": 210,
  "size_x": 64,
  "size_y": 64,
  "size_z": 33,
  "snr": 4.419595141050151,
  "spacing_tr": 2.0,
  "spacing_x": 3.0,
  "spacing_y": 3.0,
  "spacing_z": 3.75,
  "summary_bg_k": 12.477612022169607,
  "summary_bg_mad": 14.667177200317383,
  "summary_bg_mean": 76.92736053466797,
  "summary_bg_median": 34.578575134277344,
  "summary_bg_n": 63558.0,
  "summary_bg_p05": 22.85238265991211,
  "summary_bg_p95": 309.2078674316403,
  "summary_bg_stdv": 100.18795013427734,
  "summary_fg_k": 2.5081339137080576,
  "summary_fg_mad": 135.4534149169922,
  "summary_fg_mean": 786.89990234375,
  "summary_fg_median": 788.9952392578125,
  "summary_fg_n": 38517.0,
  "summary_fg_p05": 497.73145751953126,
  "summary_fg_p95": 1068.9238281249998,
  "summary_fg_stdv": 178.51974487304688,
  "tsnr": 42.0274772644043
}