{
  "aor": 0.0009042380952380952,
  "aqi": 0.007110567095238096,
  "bids_meta": {
    "EchoTime": 0.03,
    "FlipAngle": 78,
    "MagneticFieldStrength": 3,
    "Manufacturer": "Siemens",
    "ManufacturersModelName": "TIM TRIO",
    "PulseSequenceType": "EPI",
    "RepetitionTime": 2.0,
    "TaskName": "face recognition",
    "modality": "bold",
    "run_id": "01",
    "session_id": "mri",
    "subject_id": "02",
    "task_id": "facerecognition"
  },
  "dummy_trs": 0,
  "dvars_nstd": 22.70221534086124,
  "dvars_std": 1.0243838285645932,
  "dvars_vstd": 0.9726764802392343,
  "efc": 0.6105705653253137,
  "fber": 672.9593505859375,
  "fd_mean": 0.06155578902944227,
  "fd_num": 6,
  "fd_perc": 2.857142857142857,
  "fwhm_avg": 2.342068640766771,
  "fwhm_x": 2.296829817464366,
  "fwhm_y": 2.72513,
  "fwhm_z": 2.0042461048359477,
  "gcor": 0.0155756,
  "gsr_x": -0.013903562910854816,
  "gsr_y": 0.05790068209171295,
  "provenance": {
    "md5sum": "78df218c60f3a88bd9812714aa09d1cc",
    "settings": {
      "fd_thres": 0.2,
      "hmc_fsl": false
    },
    "software": "mriqc",
    "version": "0.9.6"
  },
  "size_t": 210,
  "size_x": 64,
  "size_y": 64,
  "size_z": 33,
  "snr": 4.126992415599853,
  "spacing_tr": 2.0,
  "spacing_x": 3.000000238418579,
  "spacing_y": 3.0,
  "spacing_z": 3.9000000953674316,
  "summary_bg_k": 82.43667125291779,
  "summary_bg_mad": 7.7165937423706055,
  "summary_bg_mean": 50.531951904296875,
  "summary_bg_median": 28.27142906188965,
  "summary_bg_n": 61264.0,
  "summary_bg_p05": 21.990476608276367,
  "summary_bg_p95": 159.80977554321282,
  "summary_bg_stdv": 67.23998260498047,
  "summary_fg_k": 1.7605003224588502,
  "summary_fg_mad": 149.88409423828125,
  "summary_fg_mean": 788.3082885742188,
  "summary_fg_median": 777.550048828125,
  "summary_fg_n": 41636.0,
  "summary_fg_p05": 511.8309783935547,
  "summary_fg_p95": 1116.5892944335938,
  "summary_fg_stdv": 188.40371704101562,
  "tsnr": 53.773048400878906
}