{
  "aor": 0.0026722488038277512,
  "aqi": 0.00634193081339713,
  "bids_meta": {
    "EchoTime": 0.03,
    "FlipAngle": 78,
    "MagneticFieldStrength": 3,
    "Manufacturer": "Siemens",
    "ManufacturersModelName": "TIM TRIO",
    "PulseSequenceType": "EPI",
    "RepetitionTime": 2.0,
    "TaskName": "face recognition",
    "modality": "bold",
    "run_id": "03",
    "session_id": "mri",
    "subject_id": "16",
    "task_id": "facerecognition"
  },
  "dummy_trs": 1,
  "dvars_nstd": 30.02114943355769,
  "dvars_std": 1.184820902644231,
  "dvars_vstd": 1.035452529326923,
  "efc": 0.650499640419379,
  "fber": 489.21844482421875,
  "fd_mean": 0.1332265727905637,
  "fd_num": 25,
  "fd_perc": 11.961722488038278,
  "fwhm_avg": 2.2653133454030034,
  "fwhm_x": 2.19868,
  "fwhm_y": 2.7446699999999997,
  "fwhm_z": 1.8525900362090104,
  "gcor": 0.0228466,
  "gsr_x": -0.009610461071133614,
  "gsr_y": 0.0551430769264698,
  "provenance": {
    "md5sum": "183501b8985acf87ac650f8eaf805916",
    "settings": {
      "fd_thres": 0.2,
      "hmc_fsl": false
    },
    "software": "mriqc",
    "version": "0.9.6"
  },
  "size_t": 209,
  "size_x": 64,
  "size_y": 64,
  "size_z": 33,
  "snr": 3.9350409440238963,
  "spacing_tr": 2.0,
  "spacing_x": 3.0,
  "spacing_y": 3.0,
  "spacing_z": 4.050000190734863,
  "summary_bg_k": 67.01242452149224,
  "summary_bg_mad": 13.26539134979248,
  "summary_bg_mean": 64.60250091552734,
  "summary_bg_median": 35.03349304199219,
  "summary_bg_n": 53464.0,
  "summary_bg_p05": 24.82775115966797,
  "summary_bg_p95": 201.31506423950196,
  "summary_bg_stdv": 86.13272857666016,
  "summary_fg_k": 2.44920900195204,
  "summary_fg_mad": 164.28515625,
  "summary_fg_mean": 847.6582641601562,
  "summary_fg_median": 827.1817626953125,
  "summary_fg_n": 48047.0,
  "summary_fg_p05": 565.0540405273437,
  "summary_fg_p95": 1218.4545410156245,
  "summary_fg_stdv": 210.20700073242188,
  "tsnr": 55.19445037841797
}