{
  "aor": 0.002557095238095238,
  "aqi": 0.006310831380952381,
  "bids_meta": {
    "EchoTime": 0.03,
    "FlipAngle": 78,
    "MagneticFieldStrength": 3,
    "Manufacturer": "Siemens",
    "ManufacturersModelName": "TIM TRIO",
    "PulseSequenceType": "EPI",
    "RepetitionTime": 2.0,
    "TaskName": "face recognition",
    "modality": "bold",
    "run_id": "05",
    "session_id": "mri",
    "subject_id": "03",
    "task_id": "facerecognition"
  },
  "dummy_trs": 0,
  "dvars_nstd": 27.21030890578946,
  "dvars_std": 1.1435810331100476,
  "dvars_vstd": 1.0297177721531108,
  "efc": 0.5892772207326568,
  "fber": 616.6712646484375,
  "fd_mean": 0.15122765823785347,
  "fd_num": 34,
  "fd_perc": 16.19047619047619,
  "fwhm_avg": 2.374065453631276,
  "fwhm_x": 2.36423,
  "fwhm_y": 2.73931,
  "fwhm_z": 2.0186563608938277,
  "gcor": 0.0333781,
  "gsr_x": 0.0003309358435217291,
  "gsr_y": 0.041946738958358765,
  "provenance": {
    "md5sum": "848b5993d5ec6566846a6385a26a620c",
    "settings": {
      "fd_thres": 0.2,
      "hmc_fsl": false
    },
    "software": "mriqc",
    "version": "0.9.6"
  },
  "size_t": 210,
  "size_x": 64,
  "size_y": 64,
  "size_z": 33,
  "snr": 4.342550506054803,
  "spacing_tr": 2.0,
  "spacing_x": 3.0,
  "spacing_y": 3.0,
  "spacing_z": 3.9000000953674316,
  "summary_bg_k": 13.432730651828056,
  "summary_bg_mad": 10.759456634521484,
  "summary_bg_mean": 58.922611236572266,
  "summary_bg_median": 31.809524536132812,
  "summary_bg_n": 66960.0,
  "summary_bg_p05": 23.80476188659668,
  "summary_bg_p95": 201.89096374511715,
  "summary_bg_stdv": 66.86143493652344,
  "summary_fg_k": 2.149668784044935,
  "summary_fg_mad": 156.1604461669922,
  "summary_fg_mean": 846.799560546875,
  "summary_fg_median": 844.8095703125,
  "summary_fg_n": 35963.0,
  "summary_fg_p05": 540.8686096191407,
  "summary_fg_p95": 1159.807666015625,
  "summary_fg_stdv": 194.53955078125,
  "tsnr": 55.51968765258789
}