{
  "aor": 0.0005386602870813398,
  "aqi": 0.0035016580382775113,
  "bids_meta": {
    "EchoTime": 0.03,
    "FlipAngle": 78,
    "MagneticFieldStrength": 3,
    "Manufacturer": "Siemens",
    "ManufacturersModelName": "TIM TRIO",
    "PulseSequenceType": "EPI",
    "RepetitionTime": 2.0,
    "TaskName": "face recognition",
    "modality": "bold",
    "run_id": "01",
    "session_id": "mri",
    "subject_id": "10",
    "task_id": "facerecognition"
  },
  "dummy_trs": 1,
  "dvars_nstd": 26.57249548788462,
  "dvars_std": 1.166393971778846,
  "dvars_vstd": 1.0013868125000007,
  "efc": 0.5874319770246579,
  "fber": 695.50830078125,
  "fd_mean": 0.06397125098380366,
  "fd_num": 0,
  "fd_perc": 0.0,
  "fwhm_avg": 2.3825861724219153,
  "fwhm_x": 2.3551198128318935,
  "fwhm_y": 2.7759131127235803,
  "fwhm_z": 2.016725591710272,
  "gcor": 0.0323487,
  "gsr_x": -0.008782162331044674,
  "gsr_y": 0.044915422797203064,
  "provenance": {
    "md5sum": "d0bdfaa07cfc20a7003903c6a6345328",
    "settings": {
      "fd_thres": 0.2,
      "hmc_fsl": false
    },
    "software": "mriqc",
    "version": "0.9.6"
  },
  "size_t": 209,
  "size_x": 64,
  "size_y": 64,
  "size_z": 33,
  "snr": 3.9311112839903357,
  "spacing_tr": 2.0,
  "spacing_x": 3.000000238418579,
  "spacing_y": 3.000000238418579,
  "spacing_z": 3.9000000953674316,
  "summary_bg_k": 64.26965181806763,
  "summary_bg_mad": 8.987834930419922,
  "summary_bg_mean": 55.53068542480469,
  "summary_bg_median": 29.421051025390625,
  "summary_bg_n": 64673.0,
  "summary_bg_p05": 22.66985511779785,
  "summary_bg_p95": 174.25741271972652,
  "summary_bg_stdv": 82.4140396118164,
  "summary_fg_k": 1.755074637134638,
  "summary_fg_mad": 172.05987548828125,
  "summary_fg_mean": 833.894287109375,
  "summary_fg_median": 826.653076171875,
  "summary_fg_n": 37912.0,
  "summary_fg_p05": 505.54016418457036,
  "summary_fg_p95": 1182.8133544921875,
  "summary_fg_stdv": 210.2820587158203,
  "tsnr": 64.89669799804688
}