{
  "aor": 0.0024566190476190473,
  "aqi": 0.006310432523809525,
  "bids_meta": {
    "EchoTime": 0.03,
    "FlipAngle": 78,
    "MagneticFieldStrength": 3,
    "Manufacturer": "Siemens",
    "ManufacturersModelName": "TIM TRIO",
    "PulseSequenceType": "EPI",
    "RepetitionTime": 2.0,
    "TaskName": "face recognition",
    "modality": "bold",
    "run_id": "04",
    "session_id": "mri",
    "subject_id": "03",
    "task_id": "facerecognition"
  },
  "dummy_trs": 0,
  "dvars_nstd": 28.28715111760767,
  "dvars_std": 1.1488711006220094,
  "dvars_vstd": 1.0171430564114834,
  "efc": 0.5892948137534799,
  "fber": 602.6943359375,
  "fd_mean": 0.15494741783395563,
  "fd_num": 39,
  "fd_perc": 18.571428571428573,
  "fwhm_avg": 2.3722180175658654,
  "fwhm_x": 2.347096666666667,
  "fwhm_y": 2.7302933333333335,
  "fwhm_z": 2.0392640526975963,
  "gcor": 0.0336611,
  "gsr_x": -0.0018984529888257384,
  "gsr_y": 0.03981615602970123,
  "provenance": {
    "md5sum": "902d399bce3c576a38507e17dd0ed833",
    "settings": {
      "fd_thres": 0.2,
      "hmc_fsl": false
    },
    "software": "mriqc",
    "version": "0.9.6"
  },
  "size_t": 210,
  "size_x": 64,
  "size_y": 64,
  "size_z": 33,
  "snr": 4.275905121544259,
  "spacing_tr": 2.0,
  "spacing_x": 3.0,
  "spacing_y": 3.0,
  "spacing_z": 3.9000000953674316,
  "summary_bg_k": 13.092052973422515,
  "summary_bg_mad": 11.179527282714844,
  "summary_bg_mean": 59.99590301513672,
  "summary_bg_median": 32.34762191772461,
  "summary_bg_n": 66984.0,
  "summary_bg_p05": 24.009525299072266,
  "summary_bg_p95": 207.05977554321285,
  "summary_bg_stdv": 68.18216705322266,
  "summary_fg_k": 2.1999252555041435,
  "summary_fg_mad": 160.3964080810547,
  "summary_fg_mean": 852.5064086914062,
  "summary_fg_median": 849.29052734375,
  "summary_fg_n": 35869.0,
  "summary_fg_p05": 541.4828857421876,
  "summary_fg_p95": 1173.0028564453123,
  "summary_fg_stdv": 198.61962890625,
  "tsnr": 55.3045539855957
}