{
  "aor": 0.0005392344497607656,
  "aqi": 0.007315572918660288,
  "bids_meta": {
    "EchoTime": 0.03,
    "FlipAngle": 78,
    "MagneticFieldStrength": 3,
    "Manufacturer": "Siemens",
    "ManufacturersModelName": "TIM TRIO",
    "PulseSequenceType": "EPI",
    "RepetitionTime": 2.0,
    "TaskName": "face recognition",
    "modality": "bold",
    "run_id": "03",
    "session_id": "mri",
    "subject_id": "14",
    "task_id": "facerecognition"
  },
  "dummy_trs": 1,
  "dvars_nstd": 25.46089017374999,
  "dvars_std": 1.093893400528846,
  "dvars_vstd": 0.9526546273557691,
  "efc": 0.5689210839010395,
  "fber": 827.60400390625,
  "fd_mean": 0.10921017218880899,
  "fd_num": 5,
  "fd_perc": 2.3923444976076556,
  "fwhm_avg": 2.413628888888889,
  "fwhm_x": 2.36644,
  "fwhm_y": 2.8027266666666666,
  "fwhm_z": 2.07172,
  "gcor": 0.0131105,
  "gsr_x": -0.006224260665476322,
  "gsr_y": 0.03777070343494415,
  "provenance": {
    "md5sum": "0d9ee5050ca31e717f0d476ba4e40fff",
    "settings": {
      "fd_thres": 0.2,
      "hmc_fsl": false
    },
    "software": "mriqc",
    "version": "0.9.6"
  },
  "size_t": 209,
  "size_x": 64,
  "size_y": 64,
  "size_z": 33,
  "snr": 4.441279290300134,
  "spacing_tr": 2.0,
  "spacing_x": 3.0,
  "spacing_y": 3.0,
  "spacing_z": 3.75,
  "summary_bg_k": 70.0463939756705,
  "summary_bg_mad": 6.781664848327637,
  "summary_bg_mean": 45.14772415161133,
  "summary_bg_median": 26.267942428588867,
  "summary_bg_n": 67824.0,
  "summary_bg_p05": 20.966506958007812,
  "summary_bg_p95": 128.5227172851562,
  "summary_bg_stdv": 58.49454879760742,
  "summary_fg_k": 2.0896328332376113,
  "summary_fg_mad": 146.4441680908203,
  "summary_fg_mean": 801.5062866210938,
  "summary_fg_median": 802.368408203125,
  "summary_fg_n": 35143.0,
  "summary_fg_p05": 520.9019104003906,
  "summary_fg_p95": 1087.8392333984377,
  "summary_fg_stdv": 180.6589813232422,
  "tsnr": 54.42189025878906
}