{
  "bids_meta": {
    "EchoTime": 0.095,
    "FlipAngle": 90,
    "MagneticFieldStrength": 3,
    "Manufacturer": "Siemens",
    "ManufacturersModelName": "TIM TRIO",
    "PulseSequenceType": "EPI",
    "RepetitionTime": 2,
    "acq_id": "epi",
    "modality": "T1w",
    "session_id": "mri",
    "subject_id": "11"
  },
  "cjv": 3.6283732797257264,
  "cnr": 0.36991806674792793,
  "efc": 0.6734384664324772,
  "fber": 65.43228149414062,
  "fwhm_avg": 1.855937777777778,
  "fwhm_x": 1.8993266666666668,
  "fwhm_y": 1.7491,
  "fwhm_z": 1.9193866666666668,
  "icvs_csf": 0.20527680392084788,
  "icvs_gm": 0.3088190662823527,
  "icvs_wm": 0.48590412979679937,
  "inu_med": 1.1252309083938599,
  "inu_range": 0.5513116657733914,
  "provenance": {
    "md5sum": "1adaa04cbfe5d7436920cc04b81be448",
    "mriqc_pred": 1,
    "settings": {
      "testing": false
    },
    "software": "mriqc",
    "version": "0.9.6",
    "warnings": {
      "large_rot_frame": false,
      "small_air_mask": true
    }
  },
  "qi_1": 0.0,
  "qi_2": 0.0030585405184153443,
  "rpve_csf": 12.215162227243678,
  "rpve_gm": 6.561194759144185,
  "rpve_wm": 3.7596151736344754,
  "size_x": 64,
  "size_y": 64,
  "size_z": 33,
  "snr_csf": 1.7319524877154642,
  "snr_gm": 15.329367380190227,
  "snr_total": 7.805771232441653,
  "snr_wm": 6.355993829419267,
  "snrd_csf": 20.888863782608098,
  "snrd_gm": 16.147036038075974,
  "snrd_total": 18.123345355367128,
  "snrd_wm": 17.334136245417316,
  "spacing_x": 3.0,
  "spacing_y": 3.0,
  "spacing_z": 3.75,
  "summary_bg_k": 39.46017890826064,
  "summary_bg_mad": 36.80424499511719,
  "summary_bg_mean": 98.43451690673828,
  "summary_bg_median": 83.56797790527344,
  "summary_bg_n": 30902.0,
  "summary_bg_p05": 29.612633609771727,
  "summary_bg_p95": 213.00033721923813,
  "summary_bg_stdv": 74.36209106445312,
  "summary_csf_k": -0.8589977577160921,
  "summary_csf_mad": 909.2858276367188,
  "summary_csf_mean": 1142.7767333984375,
  "summary_csf_median": 1173.494384765625,
  "summary_csf_n": 6643.0,
  "summary_csf_p05": 336.05327148437505,
  "summary_csf_p95": 2295.4585937499996,
  "summary_csf_stdv": 677.5047607421875,
  "summary_gm_k": 1.5499887969629151,
  "summary_gm_mad": 57.66724395751953,
  "summary_gm_mean": 908.7523803710938,
  "summary_gm_median": 907.1080322265625,
  "summary_gm_n": 2302.0,
  "summary_gm_p05": 815.4123626708985,
  "summary_gm_p95": 1005.4229675292968,
  "summary_gm_stdv": 59.16167068481445,
  "summary_wm_k": -0.8138212654071686,
  "summary_wm_mad": 184.30499267578125,
  "summary_wm_mean": 988.5777587890625,
  "summary_wm_median": 973.7969360351562,
  "summary_wm_n": 12090.0,
  "summary_wm_p05": 769.7220642089844,
  "summary_wm_p95": 1243.4601501464845,
  "summary_wm_stdv": 153.20289611816406,
  "tpm_overlap_csf": 0.1092740073800087,
  "tpm_overlap_gm": 0.2883751094341278,
  "tpm_overlap_wm": 0.36267152428627014,
  "wm2max": 0.34857794910123086
}