onset	duration	run_number	trial_number	image_blank_size	image_blank_num
16215.50714	32.0087368	1	1	1	59
16247.66201	31.9952175	1	2	2	13
16279.81461	31.9961979	1	3	2	77
16311.95193	31.9980994	1	4	1	49
16344.11576	31.9988179	1	5	2	39
16376.27664	31.9985477	1	6	1	45
16408.42214	31.995618	1	7	2	40
16440.55934	31.9967921	1	8	1	6
16472.67961	29.9965018	1	9	1	41
