onset	duration	run_number	trial_number	image_blank_size	image_blank_num
16604.80431	32.0099749	2	10	1	11
16636.94261	31.9952377	2	11	2	81
16669.09542	31.9959736	2	12	1	31
16701.21601	31.9960659	2	13	2	17
16733.35513	31.9985131	2	14	1	88
16765.49925	31.9985296	2	15	2	28
16797.66101	31.9959272	2	16	2	58
16829.80766	31.9958376	2	17	2	57
16861.94364	29.9965013	2	18	1	52
