subject	channel	event	intensity_db	n1_window_start	n1_window_end	p2_window_start	p2_window_end	n1_latency	n1_amplitude	p2_latency	p2_amplitude	slope_between_points_uV_per_s	lin_offset_uV	lin_slope_uV_per_dB	lin_rmse_uV
sub-57900	E1	DI10	100	0.202	0.302	0.266	0.366	0.236	3.89424061775208	0.312	-2.82003664970398	-88.3457535191586	3.6125153183937	-0.0727136760950088	2.28268867966715
sub-57900	E1	DIN6	60	0.202	0.302	0.266	0.366	0.264	1.84089541435242	0.304	-1.30123698711395	-78.5533100366593	3.6125153183937	-0.0727136760950088	2.28268867966715
sub-57900	E1	DIN7	70	0.202	0.302	0.266	0.366	0.292	-0.878752887248993	0.312	-1.39782154560089	-25.9534329175949	3.6125153183937	-0.0727136760950088	2.28268867966715
sub-57900	E1	DIN8	80	0.202	0.302	0.266	0.366	0.22	1.50751996040344	0.272	1.50625097751617	-0.0244035170628474	3.6125153183937	-0.0727136760950088	2.28268867966715
sub-57900	E1	DIN9	90	0.202	0.302	0.266	0.366	0.228	3.41539192199707	0.276	2.76924538612366	-13.4613861640294	3.6125153183937	-0.0727136760950088	2.28268867966715
sub-57900	E2	DI10	100	0.202	0.302	0.266	0.366	0.208	2.48005867004395	0.34	-2.84395933151245	-40.3334697087606	7.91826710700989	-0.113096883296967	1.37453866841125
sub-57900	E2	DIN6	60	0.202	0.302	0.266	0.366	0.288	-1.54009699821472	0.288	-1.54009699821472	n/a	7.91826710700989	-0.113096883296967	1.37453866841125
sub-57900	E2	DIN7	70	0.202	0.302	0.266	0.366	0.26	-1.38727283477783	0.312	-1.21814656257629	3.25242831156804	7.91826710700989	-0.113096883296967	1.37453866841125
sub-57900	E2	DIN8	80	0.202	0.302	0.266	0.366	0.28	-2.05876588821411	0.28	-2.05876588821411	n/a	7.91826710700989	-0.113096883296967	1.37453866841125
sub-57900	E2	DIN9	90	0.202	0.302	0.266	0.366	0.3	-2.21860146522522	0.32	-2.71112751960754	-24.6263027191162	7.91826710700989	-0.113096883296967	1.37453866841125
sub-57900	E3	DI10	100	0.202	0.302	0.266	0.366	0.26	-2.42593431472778	0.36	-1.71654093265533	7.09393382072449	0.90200276374817	-0.00734496116638185	0.437252297852376
sub-57900	E3	DIN6	60	0.202	0.302	0.266	0.366	0.22	-2.26210379600525	0.348	-1.56807744503021	5.42208086699247	0.90200276374817	-0.00734496116638185	0.437252297852376
sub-57900	E3	DIN7	70	0.202	0.302	0.266	0.366	0.264	-1.67963707447052	0.348	-1.43098318576813	2.96016534169515	0.90200276374817	-0.00734496116638185	0.437252297852376
sub-57900	E3	DIN8	80	0.202	0.302	0.266	0.366	0.248	-2.6562397480011	0.268	-2.21970772743225	21.8266010284424	0.90200276374817	-0.00734496116638185	0.437252297852376
sub-57900	E3	DIN9	90	0.202	0.302	0.266	0.366	0.212	1.47919380664825	0.288	0.962617516517639	-6.79705644908704	0.90200276374817	-0.00734496116638185	0.437252297852376
sub-57900	E4	DI10	100	0.202	0.302	0.266	0.366	0.26	-3.47920703887939	0.268	-1.8850382566452	199.271097779274	-0.897678613662721	0.0281090450286865	0.668424429850654
sub-57900	E4	DIN6	60	0.202	0.302	0.266	0.366	0.22	-2.74159836769104	0.348	-1.39027917385101	10.5571812018752	-0.897678613662721	0.0281090450286865	0.668424429850654
sub-57900	E4	DIN7	70	0.202	0.302	0.266	0.366	0.264	-1.94909155368805	0.268	-1.64098024368286	77.0278275012969	-0.897678613662721	0.0281090450286865	0.668424429850654
sub-57900	E4	DIN8	80	0.202	0.302	0.266	0.366	0.252	-3.43568062782288	0.268	-2.56737160682678	54.2693138122558	-0.897678613662721	0.0281090450286865	0.668424429850654
sub-57900	E4	DIN9	90	0.202	0.302	0.266	0.366	0.252	-1.55438578128815	0.292	1.07893085479736	65.8329159021378	-0.897678613662721	0.0281090450286865	0.668424429850654
sub-57900	E5	DI10	100	0.202	0.302	0.266	0.366	0.256	-4.16196823120117	0.268	-2.2240252494812	161.495248476664	-0.918434071540834	0.0322718906402588	0.85778108015806
sub-57900	E5	DIN6	60	0.202	0.302	0.266	0.366	0.22	-3.33441424369812	0.348	-1.57446491718292	13.7496041134	-0.918434071540834	0.0322718906402588	0.85778108015806
sub-57900	E5	DIN7	70	0.202	0.302	0.266	0.366	0.264	-2.16490483283997	0.268	-1.78171133995056	95.798373222351	-0.918434071540834	0.0322718906402588	0.85778108015806
sub-57900	E5	DIN8	80	0.202	0.302	0.266	0.366	0.252	-3.77602028846741	0.268	-2.79491543769836	61.3190531730651	-0.918434071540834	0.0322718906402588	0.85778108015806
sub-57900	E5	DIN9	90	0.202	0.302	0.266	0.366	0.252	-2.1117045879364	0.292	1.14269065856934	81.3598811626435	-0.918434071540834	0.0322718906402588	0.85778108015806
sub-57900	E6	DI10	100	0.202	0.302	0.266	0.366	0.256	-4.50807523727417	0.268	-2.46940112113953	169.889509677887	-1.16878280639649	0.0363998746871949	0.866284096733011
sub-57900	E6	DIN6	60	0.202	0.302	0.266	0.366	0.224	-3.1829149723053	0.344	-1.43071532249451	14.6016637484233	-1.16878280639649	0.0363998746871949	0.866284096733011
sub-57900	E6	DIN7	70	0.202	0.302	0.266	0.366	0.228	-2.1350884437561	0.268	-1.82051002979279	7.86446034908295	-1.16878280639649	0.0363998746871949	0.866284096733011
sub-57900	E6	DIN8	80	0.202	0.302	0.266	0.366	0.252	-4.11079120635986	0.268	-2.8818244934082	76.8104195594787	-1.16878280639649	0.0363998746871949	0.866284096733011
sub-57900	E6	DIN9	90	0.202	0.302	0.266	0.366	0.252	-2.04796862602234	0.292	1.33364832401276	84.5404237508774	-1.16878280639649	0.0363998746871949	0.866284096733011
sub-57900	E7	DI10	100	0.202	0.302	0.266	0.366	0.256	-4.87429618835449	0.268	-2.65108013153076	185.268004735311	-1.18771874904633	0.0388052535057068	0.960495215804514
sub-57900	E7	DIN6	60	0.202	0.302	0.266	0.366	0.224	-3.36945295333862	0.344	-1.42898809909821	16.1705404520035	-1.18771874904633	0.0388052535057068	0.960495215804514
sub-57900	E7	DIN7	70	0.202	0.302	0.266	0.366	0.228	-2.24269390106201	0.268	-1.80693829059601	10.8938902616501	-1.18771874904633	0.0388052535057068	0.960495215804514
sub-57900	E7	DIN8	80	0.202	0.302	0.266	0.366	0.252	-4.14131450653076	0.268	-2.90802192687988	77.0807862281799	-1.18771874904633	0.0388052535057068	0.960495215804514
sub-57900	E7	DIN9	90	0.202	0.302	0.266	0.366	0.252	-2.30236268043518	0.292	1.44841587543488	93.7694638967514	-1.18771874904633	0.0388052535057068	0.960495215804514
sub-57900	E8	DI10	100	0.202	0.302	0.266	0.366	0.244	-5.98786544799805	0.32	2.92487978935242	117.272963649348	-6.33301265239715	0.129832750558853	2.33585800090503
sub-57900	E8	DIN6	60	0.202	0.302	0.266	0.366	0.224	-3.43116974830627	0.284	1.16673588752747	76.631760597229	-6.33301265239715	0.129832750558853	2.33585800090503
sub-57900	E8	DIN7	70	0.202	0.302	0.266	0.366	0.228	-1.97234296798706	0.268	-1.48417580127716	12.2041791677475	-6.33301265239715	0.129832750558853	2.33585800090503
sub-57900	E8	DIN8	80	0.202	0.302	0.266	0.366	0.252	-3.88281202316284	0.268	-2.45535612106323	89.2159938812255	-6.33301265239715	0.129832750558853	2.33585800090503
sub-57900	E8	DIN9	90	0.202	0.302	0.266	0.366	0.252	-2.61515617370605	0.292	2.22660684585571	121.044075489044	-6.33301265239715	0.129832750558853	2.33585800090503
sub-57900	E9	DI10	100	0.202	0.302	0.266	0.366	0.248	-5.99143886566162	0.32	3.59490871429443	133.143716388279	-6.10474038124084	0.133888393640518	2.05988312053447
sub-57900	E9	DIN6	60	0.202	0.302	0.266	0.366	0.224	-2.90911197662354	0.284	1.13775956630707	67.4478590488434	-6.10474038124084	0.133888393640518	2.05988312053447
sub-57900	E9	DIN7	70	0.202	0.302	0.266	0.366	0.228	-1.6486701965332	0.316	1.22795403003693	32.6889116655697	-6.10474038124084	0.133888393640518	2.05988312053447
sub-57900	E9	DIN8	80	0.202	0.302	0.266	0.366	0.252	-3.39079236984253	0.268	-2.05549168586731	83.4562927484512	-6.10474038124084	0.133888393640518	2.05988312053447
sub-57900	E9	DIN9	90	0.202	0.302	0.266	0.366	0.252	-2.61578917503357	0.304	2.57072234153748	99.7406060879047	-6.10474038124084	0.133888393640518	2.05988312053447
sub-57900	E10	DI10	100	0.202	0.302	0.266	0.366	0.236	5.12414789199829	0.34	-2.6849250793457	-75.0872401090768	8.41427040100097	-0.140327070951462	1.80331408924915
sub-57900	E10	DIN6	60	0.202	0.302	0.266	0.366	0.292	-1.37065327167511	0.292	-1.37065327167511	n/a	8.41427040100097	-0.140327070951462	1.80331408924915
sub-57900	E10	DIN7	70	0.202	0.302	0.266	0.366	0.204	1.73216986656189	0.312	-1.33733379840851	-28.4213302312074	8.41427040100097	-0.140327070951462	1.80331408924915
sub-57900	E10	DIN8	80	0.202	0.302	0.266	0.366	0.28	-1.85626065731049	0.356	-3.55309557914734	-22.326775287327	8.41427040100097	-0.140327070951462	1.80331408924915
sub-57900	E10	DIN9	90	0.202	0.302	0.266	0.366	0.3	-2.19107460975647	0.32	-3.67513942718506	-74.2032408714294	8.41427040100097	-0.140327070951462	1.80331408924915
sub-57900	E11	DI10	100	0.202	0.302	0.266	0.366	0.208	2.37618923187256	0.348	-3.25681948661804	-40.2357765606472	8.40334453582764	-0.119388582706451	1.55189664227373
sub-57900	E11	DIN6	60	0.202	0.302	0.266	0.366	0.232	-2.09051871299744	0.324	-2.32412576675415	-2.53920710605124	8.40334453582764	-0.119388582706451	1.55189664227373
sub-57900	E11	DIN7	70	0.202	0.302	0.266	0.366	0.26	-2.47230243682861	0.352	-1.58839774131775	9.60765973381375	8.40334453582764	-0.119388582706451	1.55189664227373
sub-57900	E11	DIN8	80	0.202	0.302	0.266	0.366	0.28	-2.80400824546814	0.352	-3.30385732650757	-6.94234834776985	8.40334453582764	-0.119388582706451	1.55189664227373
sub-57900	E11	DIN9	90	0.202	0.302	0.266	0.366	0.3	-2.20646905899048	0.304	-2.46261930465698	-64.0375614166259	8.40334453582764	-0.119388582706451	1.55189664227373
sub-57900	E12	DI10	100	0.202	0.302	0.266	0.366	0.224	-2.36136603355408	0.36	-3.52934074401855	-8.58804934165057	6.27354693412781	-0.0903189611434937	1.24756390715299
sub-57900	E12	DIN6	60	0.202	0.302	0.266	0.366	0.22	-3.820068359375	0.324	-2.69524478912354	10.8156112524179	6.27354693412781	-0.0903189611434937	1.24756390715299
sub-57900	E12	DIN7	70	0.202	0.302	0.266	0.366	0.26	-2.75774335861206	0.352	-2.40707516670227	3.81161078162815	6.27354693412781	-0.0903189611434937	1.24756390715299
sub-57900	E12	DIN8	80	0.202	0.302	0.266	0.366	0.244	-2.84672975540161	0.352	-3.81846523284912	-8.99755071710657	6.27354693412781	-0.0903189611434937	1.24756390715299
sub-57900	E12	DIN9	90	0.202	0.302	0.266	0.366	0.212	2.21086144447327	0.304	-1.88476991653442	-44.5177321848662	6.27354693412781	-0.0903189611434937	1.24756390715299
sub-57900	E13	DI10	100	0.202	0.302	0.266	0.366	0.26	-2.50116515159607	0.36	-3.03536486625671	-5.34199714660645	3.70886142253876	-0.0426163971424103	0.375165734108568
sub-57900	E13	DIN6	60	0.202	0.302	0.266	0.366	0.22	-3.95634055137634	0.324	-2.39563918113708	15.0067439446082	3.70886142253876	-0.0426163971424103	0.375165734108568
sub-57900	E13	DIN7	70	0.202	0.302	0.266	0.366	0.264	-2.56896376609802	0.272	-2.20724654197693	45.2146530151367	3.70886142253876	-0.0426163971424103	0.375165734108568
sub-57900	E13	DIN8	80	0.202	0.302	0.266	0.366	0.252	-3.49826574325562	0.352	-3.67861604690552	-1.80350303649902	3.70886142253876	-0.0426163971424103	0.375165734108568
sub-57900	E13	DIN9	90	0.202	0.302	0.266	0.366	0.264	-1.87378513813019	0.268	-1.58390545845032	72.4699199199676	3.70886142253876	-0.0426163971424103	0.375165734108568
sub-57900	E14	DI10	100	0.202	0.302	0.266	0.366	0.26	-2.9342474937439	0.36	-2.37391376495361	5.60333728790283	3.08151724338532	-0.0292534983158112	0.491426776423216
sub-57900	E14	DIN6	60	0.202	0.302	0.266	0.366	0.22	-3.87762212753296	0.324	-1.85966634750366	19.4034209618202	3.08151724338532	-0.0292534983158112	0.491426776423216
sub-57900	E14	DIN7	70	0.202	0.302	0.266	0.366	0.264	-2.37664914131165	0.272	-1.98969352245331	48.3694523572921	3.08151724338532	-0.0292534983158112	0.491426776423216
sub-57900	E14	DIN8	80	0.202	0.302	0.266	0.366	0.252	-3.788254737854	0.268	-3.42416286468506	22.7557420730591	3.08151724338532	-0.0292534983158112	0.491426776423216
sub-57900	E14	DIN9	90	0.202	0.302	0.266	0.366	0.264	-1.90191793441772	0.364	-1.52506804466248	3.76849889755249	3.08151724338532	-0.0292534983158112	0.491426776423216
sub-57900	E15	DI10	100	0.202	0.302	0.266	0.366	0.26	-4.76904106140137	0.268	-2.61708402633667	268.994629383087	0.852933359146119	0.00618054032325744	0.645969242165645
sub-57900	E15	DIN6	60	0.202	0.302	0.266	0.366	0.22	-3.82705330848694	0.344	-1.75739371776581	16.6908031509769	0.852933359146119	0.00618054032325744	0.645969242165645
sub-57900	E15	DIN7	70	0.202	0.302	0.266	0.366	0.264	-2.46299767494202	0.268	-1.96357071399689	124.856740236282	0.852933359146119	0.00618054032325744	0.645969242165645
sub-57900	E15	DIN8	80	0.202	0.302	0.266	0.366	0.252	-4.63927602767944	0.268	-3.57632279396057	66.4345771074294	0.852933359146119	0.00618054032325744	0.645969242165645
sub-57900	E15	DIN9	90	0.202	0.302	0.266	0.366	0.252	-2.52076816558838	0.268	-1.56788206100464	59.5553815364837	0.852933359146119	0.00618054032325744	0.645969242165645
sub-57900	E16	DI10	100	0.202	0.302	0.266	0.366	0.244	-5.61014556884766	0.268	-2.37632775306702	134.74240899086	-2.16950068473816	0.0584836304187775	1.29303056687839
sub-57900	E16	DIN6	60	0.202	0.302	0.266	0.366	0.224	-3.88852739334106	0.344	-1.35826623439789	21.0855096578598	-2.16950068473816	0.0584836304187775	1.29303056687839
sub-57900	E16	DIN7	70	0.202	0.302	0.266	0.366	0.264	-2.36536407470703	0.268	-1.87689793109894	122.116535902023	-2.16950068473816	0.0584836304187775	1.29303056687839
sub-57900	E16	DIN8	80	0.202	0.302	0.266	0.366	0.252	-4.43709325790405	0.268	-3.07340550422668	85.2304846048354	-2.16950068473816	0.0584836304187775	1.29303056687839
sub-57900	E16	DIN9	90	0.202	0.302	0.266	0.366	0.252	-2.75250673294067	0.292	2.17720913887024	123.242896795273	-2.16950068473816	0.0584836304187775	1.29303056687839
sub-57900	E17	DI10	100	0.202	0.302	0.266	0.366	0.244	-5.82206344604492	0.32	2.92902970314026	115.145962489279	-5.67712574005127	0.122703186273575	2.34441894908989
sub-57900	E17	DIN6	60	0.202	0.302	0.266	0.366	0.22	-3.39905691146851	0.284	1.42651689052582	75.3995906561613	-5.67712574005127	0.122703186273575	2.34441894908989
sub-57900	E17	DIN7	70	0.202	0.302	0.266	0.366	0.264	-2.20457124710083	0.268	-1.51310431957245	172.866731882095	-5.67712574005127	0.122703186273575	2.34441894908989
sub-57900	E17	DIN8	80	0.202	0.302	0.266	0.366	0.252	-4.10082292556763	0.268	-2.78405785560608	82.2978168725967	-5.67712574005127	0.122703186273575	2.34441894908989
sub-57900	E17	DIN9	90	0.202	0.302	0.266	0.366	0.252	-2.57630634307861	0.292	2.53444051742554	127.768671512604	-5.67712574005127	0.122703186273575	2.34441894908989
sub-57900	E18	DI10	100	0.202	0.302	0.266	0.366	0.248	3.33568739891052	0.34	-3.24597120285034	-71.5397674104442	6.80227382183075	-0.11658381819725	1.63494024876709
sub-57900	E18	DIN6	60	0.202	0.302	0.266	0.366	0.232	-2.38682389259338	0.348	-2.21363210678101	1.4930326363136	6.80227382183075	-0.11658381819725	1.63494024876709
sub-57900	E18	DIN7	70	0.202	0.302	0.266	0.366	0.204	1.93518567085266	0.276	-1.44658672809601	-46.9690610965093	6.80227382183075	-0.11658381819725	1.63494024876709
sub-57900	E18	DIN8	80	0.202	0.302	0.266	0.366	0.3	-2.321209192276	0.356	-3.62267470359802	-23.2404555593218	6.80227382183075	-0.11658381819725	1.63494024876709
sub-57900	E18	DIN9	90	0.202	0.302	0.266	0.366	0.3	-1.73724055290222	0.32	-3.26769399642944	-76.522672176361	6.80227382183075	-0.11658381819725	1.63494024876709
sub-57900	E19	DI10	100	0.202	0.302	0.266	0.366	0.3	-2.43908929824829	0.336	-4.18752002716064	-48.5675202475653	2.60445175170899	-0.0394181036949158	0.489021845278213
sub-57900	E19	DIN6	60	0.202	0.302	0.266	0.366	0.232	-2.97343635559082	0.344	-2.7983181476593	1.56355542795999	2.60445175170899	-0.0394181036949158	0.489021845278213
sub-57900	E19	DIN7	70	0.202	0.302	0.266	0.366	0.272	-1.80600202083588	0.272	-1.80600202083588	n/a	2.60445175170899	-0.0394181036949158	0.489021845278213
sub-57900	E19	DIN8	80	0.202	0.302	0.266	0.366	0.28	-2.99488353729248	0.352	-4.0718412399292	-14.9577458699544	2.60445175170899	-0.0394181036949158	0.489021845278213
sub-57900	E19	DIN9	90	0.202	0.302	0.266	0.366	0.3	-2.58353710174561	0.34	-2.67824959754944	-2.36781239509582	2.60445175170899	-0.0394181036949158	0.489021845278213
sub-57900	E20	DI10	100	0.202	0.302	0.266	0.366	0.208	2.10680079460144	0.36	-3.50016140937805	-36.8879092367072	12.4782022476196	-0.178379113674164	0.849734026130684
sub-57900	E20	DIN6	60	0.202	0.302	0.266	0.366	0.22	-3.35802865028381	0.324	-2.43626165390015	8.8631441959968	12.4782022476196	-0.178379113674164	0.849734026130684
sub-57900	E20	DIN7	70	0.202	0.302	0.266	0.366	0.264	-2.86406874656677	0.272	-2.42826008796692	54.4760823249816	12.4782022476196	-0.178379113674164	0.849734026130684
sub-57900	E20	DIN8	80	0.202	0.302	0.266	0.366	0.264	-3.31378436088562	0.352	-3.68038773536682	-4.16594743728638	12.4782022476196	-0.178379113674164	0.849734026130684
sub-57900	E20	DIN9	90	0.202	0.302	0.266	0.366	0.212	1.92072701454163	0.356	-2.42391729354858	-30.1711410284042	12.4782022476196	-0.178379113674164	0.849734026130684
sub-57900	E21	DI10	100	0.202	0.302	0.266	0.366	0.26	-3.8216278553009	0.364	-2.89558625221252	8.90424618354211	1.85492033958435	-0.0138812184333801	0.382550520185337
sub-57900	E21	DIN6	60	0.202	0.302	0.266	0.366	0.22	-3.71474170684814	0.344	-2.21755862236023	12.0740571329671	1.85492033958435	-0.0138812184333801	0.382550520185337
sub-57900	E21	DIN7	70	0.202	0.302	0.266	0.366	0.264	-3.14522361755371	0.272	-2.61362981796265	66.449224948883	1.85492033958435	-0.0138812184333801	0.382550520185337
sub-57900	E21	DIN8	80	0.202	0.302	0.266	0.366	0.252	-4.41091537475586	0.268	-3.92937445640564	30.0963073968887	1.85492033958435	-0.0138812184333801	0.382550520185337
sub-57900	E21	DIN9	90	0.202	0.302	0.266	0.366	0.26	-2.40811967849731	0.268	-2.12236475944519	35.7193648815155	1.85492033958435	-0.0138812184333801	0.382550520185337
sub-57900	E22	DI10	100	0.202	0.302	0.266	0.366	0.26	-3.92313098907471	0.36	-2.76070880889893	11.6242218017578	1.38722410202026	-0.00673284769058229	0.363301598962133
sub-57900	E22	DIN6	60	0.202	0.302	0.266	0.366	0.22	-3.77342486381531	0.344	-2.34973406791687	11.4813773862777	1.38722410202026	-0.00673284769058229	0.363301598962133
sub-57900	E22	DIN7	70	0.202	0.302	0.266	0.366	0.264	-3.34282255172729	0.272	-2.70046496391296	80.2946984767913	1.38722410202026	-0.00673284769058229	0.363301598962133
sub-57900	E22	DIN8	80	0.202	0.302	0.266	0.366	0.252	-4.44637107849121	0.268	-3.92347025871277	32.6813012361526	1.38722410202026	-0.00673284769058229	0.363301598962133
sub-57900	E22	DIN9	90	0.202	0.302	0.266	0.366	0.26	-2.63507032394409	0.268	-2.14346027374268	61.4512562751769	1.38722410202026	-0.00673284769058229	0.363301598962133
sub-57900	E23	DI10	100	0.202	0.302	0.266	0.366	0.26	-3.82111382484436	0.36	-2.4667272567749	13.5438656806946	1.31244592666626	-0.00438090562820435	0.353670205472046
sub-57900	E23	DIN6	60	0.202	0.302	0.266	0.366	0.224	-3.63715291023254	0.36	-2.23676180839539	10.2969933958615	1.31244592666626	-0.00438090562820435	0.353670205472046
sub-57900	E23	DIN7	70	0.202	0.302	0.266	0.366	0.264	-3.49450159072876	0.272	-2.67390966415405	102.573990821838	1.31244592666626	-0.00438090562820435	0.353670205472046
sub-57900	E23	DIN8	80	0.202	0.302	0.266	0.366	0.252	-4.35072088241577	0.268	-3.59073352813721	47.4992096424102	1.31244592666626	-0.00438090562820435	0.353670205472046
sub-57900	E23	DIN9	90	0.202	0.302	0.266	0.366	0.256	-2.90786075592041	0.268	-2.43335032463074	39.542535940806	1.31244592666626	-0.00438090562820435	0.353670205472046
sub-57900	E24	DI10	100	0.202	0.302	0.266	0.366	0.252	-4.3329291343689	0.348	-1.75749611854553	26.8274272481601	-1.38382544517517	0.0326694273948669	0.497480852612332
sub-57900	E24	DIN6	60	0.202	0.302	0.266	0.366	0.224	-3.20397329330444	0.36	-2.1970329284668	7.40397327086505	-1.38382544517517	0.0326694273948669	0.497480852612332
sub-57900	E24	DIN7	70	0.202	0.302	0.266	0.366	0.264	-3.11771202087402	0.268	-2.37795424461365	184.939444065094	-1.38382544517517	0.0326694273948669	0.497480852612332
sub-57900	E24	DIN8	80	0.202	0.302	0.266	0.366	0.252	-4.54568862915039	0.268	-3.58889126777649	59.7998350858688	-1.38382544517517	0.0326694273948669	0.497480852612332
sub-57900	E24	DIN9	90	0.202	0.302	0.266	0.366	0.26	-2.93906879425049	0.268	-2.06935358047485	108.714401721954	-1.38382544517517	0.0326694273948669	0.497480852612332
sub-57900	E25	DI10	100	0.202	0.302	0.266	0.366	0.3	-2.62224650382996	0.34	-3.87886762619019	-31.4155280590057	2.42798602581024	-0.0397906911373139	0.709651484183591
sub-57900	E25	DIN6	60	0.202	0.302	0.266	0.366	0.232	-3.25372314453125	0.348	-3.10146522521973	1.31256826992693	2.42798602581024	-0.0397906911373139	0.709651484183591
sub-57900	E25	DIN7	70	0.202	0.302	0.266	0.366	0.264	-1.90500843524933	0.272	-1.59627175331116	38.5920852422714	2.42798602581024	-0.0397906911373139	0.709651484183591
sub-57900	E25	DIN8	80	0.202	0.302	0.266	0.366	0.228	-2.14458680152893	0.356	-4.27273225784302	-16.6261363774538	2.42798602581024	-0.0397906911373139	0.709651484183591
sub-57900	E25	DIN9	90	0.202	0.302	0.266	0.366	0.3	-2.09809827804565	0.32	-2.95067262649536	-42.6287174224853	2.42798602581024	-0.0397906911373139	0.709651484183591
sub-57900	E26	DI10	100	0.202	0.302	0.266	0.366	0.3	-2.54518604278564	0.34	-3.72490119934082	-29.4928789138794	2.20802874565125	-0.0326852965354919	0.528374451433282
sub-57900	E26	DIN6	60	0.202	0.302	0.266	0.366	0.232	-2.58030343055725	0.344	-2.27095532417297	2.76203666414533	2.20802874565125	-0.0326852965354919	0.528374451433282
sub-57900	E26	DIN7	70	0.202	0.302	0.266	0.366	0.264	-2.33953428268433	0.272	-2.11481237411499	28.090238571167	2.20802874565125	-0.0326852965354919	0.528374451433282
sub-57900	E26	DIN8	80	0.202	0.302	0.266	0.366	0.264	-2.93454742431641	0.352	-4.25719594955444	-15.030096877705	2.20802874565125	-0.0326852965354919	0.528374451433282
sub-57900	E26	DIN9	90	0.202	0.302	0.266	0.366	0.3	-2.44154596328735	0.32	-2.50722718238831	-3.2840609550476	2.20802874565125	-0.0326852965354919	0.528374451433282
sub-57900	E27	DI10	100	0.202	0.302	0.266	0.366	0.3	-3.08975052833557	0.364	-4.66095161437988	-24.5500169694424	3.23521280288696	-0.0454502129554749	0.224472816898314
sub-57900	E27	DIN6	60	0.202	0.302	0.266	0.366	0.22	-2.7932026386261	0.344	-2.45917916297913	2.69373770683043	3.23521280288696	-0.0454502129554749	0.224472816898314
sub-57900	E27	DIN7	70	0.202	0.302	0.266	0.366	0.272	-3.46774363517761	0.272	-3.46774363517761	n/a	3.23521280288696	-0.0454502129554749	0.224472816898314
sub-57900	E27	DIN8	80	0.202	0.302	0.266	0.366	0.252	-3.90618491172791	0.352	-3.93845629692078	-0.322713851928711	3.23521280288696	-0.0454502129554749	0.224472816898314
sub-57900	E27	DIN9	90	0.202	0.302	0.266	0.366	0.264	-2.41788220405579	0.348	-3.1524543762207	-8.74490681148711	3.23521280288696	-0.0454502129554749	0.224472816898314
sub-57900	E28	DI10	100	0.202	0.302	0.266	0.366	0.26	-3.37819814682007	0.364	-3.76825499534607	-3.75054662044232	2.40220336914063	-0.028707377910614	0.206967951370263
sub-57900	E28	DIN6	60	0.202	0.302	0.266	0.366	0.22	-2.960688829422	0.344	-2.01339030265808	7.6395042480961	2.40220336914063	-0.028707377910614	0.206967951370263
sub-57900	E28	DIN7	70	0.202	0.302	0.266	0.366	0.264	-2.84585070610046	0.272	-2.82217288017273	2.95972824096679	2.40220336914063	-0.028707377910614	0.206967951370263
sub-57900	E28	DIN8	80	0.202	0.302	0.266	0.366	0.264	-3.8419942855835	0.356	-3.72249889373779	1.2988629548446	2.40220336914063	-0.028707377910614	0.206967951370263
sub-57900	E28	DIN9	90	0.202	0.302	0.266	0.366	0.26	-2.29736948013306	0.352	-2.46971869468689	-1.87336102775906	2.40220336914063	-0.028707377910614	0.206967951370263
sub-57900	E29	DI10	100	0.202	0.302	0.266	0.366	0.256	-3.5715594291687	0.356	-3.07255053520203	4.99008893966675	1.17469754219055	-0.00999861240386964	0.269863647906458
sub-57900	E29	DIN6	60	0.202	0.302	0.266	0.366	0.22	-2.7348906993866	0.364	-1.83226299285889	6.26824796199799	1.17469754219055	-0.00999861240386964	0.269863647906458
sub-57900	E29	DIN7	70	0.202	0.302	0.266	0.366	0.264	-2.95598769187927	0.268	-2.66174387931824	73.5609531402587	1.17469754219055	-0.00999861240386964	0.269863647906458
sub-57900	E29	DIN8	80	0.202	0.302	0.266	0.366	0.264	-3.7812807559967	0.36	-3.70473861694336	0.797313948472341	1.17469754219055	-0.00999861240386964	0.269863647906458
sub-57900	E29	DIN9	90	0.202	0.302	0.266	0.366	0.252	-2.44836831092834	0.352	-2.3467481136322	1.01620197296143	1.17469754219055	-0.00999861240386964	0.269863647906458
sub-57900	E30	DI10	100	0.202	0.302	0.266	0.366	0.256	-3.70663928985596	0.356	-3.22196125984192	4.84678030014038	0.992712974548341	-0.00930188417434693	0.342836679423747
sub-57900	E30	DIN6	60	0.202	0.302	0.266	0.366	0.22	-2.76770639419556	0.268	-1.92034697532654	17.6533212264379	0.992712974548341	-0.00930188417434693	0.342836679423747
sub-57900	E30	DIN7	70	0.202	0.302	0.266	0.366	0.264	-3.00241827964783	0.268	-2.8966703414917	26.436984539032	0.992712974548341	-0.00930188417434693	0.342836679423747
sub-57900	E30	DIN8	80	0.202	0.302	0.266	0.366	0.264	-3.78190660476685	0.364	-3.8778030872345	-0.958964824676514	0.992712974548341	-0.00930188417434693	0.342836679423747
sub-57900	E30	DIN9	90	0.202	0.302	0.266	0.366	0.252	-2.5815966129303	0.352	-2.6806743144989	-0.990777015686035	0.992712974548341	-0.00930188417434693	0.342836679423747
sub-57900	E31	DI10	100	0.202	0.302	0.266	0.366	0.248	3.15251541137695	0.34	-3.90981936454773	-76.7645084339639	3.40970530509948	-0.0853274476528167	1.61742017525647
sub-57900	E31	DIN6	60	0.202	0.302	0.266	0.366	0.232	-1.95615041255951	0.348	-3.64461135864258	-14.5556978110609	3.40970530509948	-0.0853274476528167	1.61742017525647
sub-57900	E31	DIN7	70	0.202	0.302	0.266	0.366	0.216	1.84552490711212	0.328	-1.77982974052429	-32.3692379253251	3.40970530509948	-0.0853274476528167	1.61742017525647
sub-57900	E31	DIN8	80	0.202	0.302	0.266	0.366	0.292	-1.30944347381592	0.356	-4.60539388656616	-51.4992251992226	3.40970530509948	-0.0853274476528167	1.61742017525647
sub-57900	E31	DIN9	90	0.202	0.302	0.266	0.366	0.3	-2.65007734298706	0.32	-4.06042909622192	-70.5175876617431	3.40970530509948	-0.0853274476528167	1.61742017525647
sub-57900	E32	DI10	100	0.202	0.302	0.266	0.366	0.248	2.67461085319519	0.34	-4.28352975845337	-75.631963170093	-1.87467818260193	-0.0202473247051239	2.1878565943118
sub-57900	E32	DIN6	60	0.202	0.302	0.266	0.366	0.264	1.19752895832062	0.348	-3.01918005943298	-50.1989168780191	-1.87467818260193	-0.0202473247051239	2.1878565943118
sub-57900	E32	DIN7	70	0.202	0.302	0.266	0.366	0.216	1.69018375873566	0.328	-2.10956478118896	-33.926326249327	-1.87467818260193	-0.0202473247051239	2.1878565943118
sub-57900	E32	DIN8	80	0.202	0.302	0.266	0.366	0.264	-2.14151835441589	0.356	-4.29762315750122	-23.4359217726666	-1.87467818260193	-0.0202473247051239	2.1878565943118
sub-57900	E32	DIN9	90	0.202	0.302	0.266	0.366	0.3	-3.06455826759338	0.32	-3.40617609024048	-17.0808911323547	-1.87467818260193	-0.0202473247051239	2.1878565943118
sub-57900	E33	DI10	100	0.202	0.302	0.266	0.366	0.3	-3.10730886459351	0.32	-4.6877326965332	-79.0211915969848	-4.84186265468597	0.0337278771400452	1.44656382617679
sub-57900	E33	DIN6	60	0.202	0.302	0.266	0.366	0.232	-1.98619735240936	0.356	-3.09814667701721	-8.96733326296653	-4.84186265468597	0.0337278771400452	1.44656382617679
sub-57900	E33	DIN7	70	0.202	0.302	0.266	0.366	0.216	2.19583439826965	0.316	-2.51603078842163	-47.1186518669128	-4.84186265468597	0.0337278771400452	1.44656382617679
sub-57900	E33	DIN8	80	0.202	0.302	0.266	0.366	0.244	-2.56797170639038	0.352	-5.47976732254028	-26.9610705199065	-4.84186265468597	0.0337278771400452	1.44656382617679
sub-57900	E33	DIN9	90	0.202	0.302	0.266	0.366	0.296	-2.72747611999512	0.352	-3.12960457801819	-7.18086532184056	-4.84186265468597	0.0337278771400452	1.44656382617679
sub-57900	E34	DI10	100	0.202	0.302	0.266	0.366	0.3	-2.94166350364685	0.364	-4.31475782394409	-21.4545987546444	3.573801445961	-0.0675825834274293	1.62238089446315
sub-57900	E34	DIN6	60	0.202	0.302	0.266	0.366	0.252	-1.7553676366806	0.324	-2.45839548110962	-9.76427561706967	3.573801445961	-0.0675825834274293	1.62238089446315
sub-57900	E34	DIN7	70	0.202	0.302	0.266	0.366	0.272	-2.34183931350708	0.272	-2.34183931350708	n/a	3.573801445961	-0.0675825834274293	1.62238089446315
sub-57900	E34	DIN8	80	0.202	0.302	0.266	0.366	0.268	-3.06137013435364	0.348	-4.7311487197876	-20.8722323179245	3.573801445961	-0.0675825834274293	1.62238089446315
sub-57900	E34	DIN9	90	0.202	0.302	0.266	0.366	0.208	2.45033168792725	0.348	-2.96779370307922	-38.7008956500462	3.573801445961	-0.0675825834274293	1.62238089446315
sub-57900	E35	DI10	100	0.202	0.302	0.266	0.366	0.228	-3.84202599525452	0.364	-4.20794582366943	-2.6905869736391	4.14705667495728	-0.0669406533241273	1.86942284247117
sub-57900	E35	DIN6	60	0.202	0.302	0.266	0.366	0.22	-2.76444053649902	0.364	-2.45861959457397	2.12375654114617	4.14705667495728	-0.0669406533241273	1.86942284247117
sub-57900	E35	DIN7	70	0.202	0.302	0.266	0.366	0.268	-3.17057085037231	0.268	-3.17057085037231	n/a	4.14705667495728	-0.0669406533241273	1.86942284247117
sub-57900	E35	DIN8	80	0.202	0.302	0.266	0.366	0.244	-3.54114532470703	0.348	-4.17144060134888	-6.06053150617159	4.14705667495728	-0.0669406533241273	1.86942284247117
sub-57900	E35	DIN9	90	0.202	0.302	0.266	0.366	0.208	2.39407587051392	0.344	-2.95650792121887	-39.3425278803882	4.14705667495728	-0.0669406533241273	1.86942284247117
sub-57900	E36	DI10	100	0.202	0.302	0.266	0.366	0.228	-4.60147142410278	0.36	-4.46133708953857	1.06162374669855	1.48793544769287	-0.0181188845634461	0.353053595968919
sub-57900	E36	DIN6	60	0.202	0.302	0.266	0.366	0.22	-3.54802203178406	0.32	-2.82337379455566	7.24648237228394	1.48793544769287	-0.0181188845634461	0.353053595968919
sub-57900	E36	DIN7	70	0.202	0.302	0.266	0.366	0.268	-3.75407862663269	0.268	-3.75407862663269	n/a	1.48793544769287	-0.0181188845634461	0.353053595968919
sub-57900	E36	DIN8	80	0.202	0.302	0.266	0.366	0.244	-3.91273307800293	0.34	-3.94253158569336	-0.310401121775309	1.48793544769287	-0.0181188845634461	0.353053595968919
sub-57900	E36	DIN9	90	0.202	0.302	0.266	0.366	0.272	-2.74422860145569	0.34	-3.38708925247192	-9.45383310317993	1.48793544769287	-0.0181188845634461	0.353053595968919
sub-57900	E37	DI10	100	0.202	0.302	0.266	0.366	0.236	4.41855144500732	0.332	-3.82472372055054	-85.8674496412277	10.8885179042816	-0.188184878826141	0.892072483978591
sub-57900	E37	DIN6	60	0.202	0.302	0.266	0.366	0.276	2.04441356658936	0.276	2.04441356658936	n/a	10.8885179042816	-0.188184878826141	0.892072483978591
sub-57900	E37	DIN7	70	0.202	0.302	0.266	0.366	0.22	1.6641948223114	0.352	-2.03558111190796	-28.0286055622679	10.8885179042816	-0.188184878826141	0.892072483978591
sub-57900	E37	DIN8	80	0.202	0.302	0.266	0.366	0.3	-2.35361671447754	0.348	-5.21021413803101	-59.5124463240306	10.8885179042816	-0.188184878826141	0.892072483978591
sub-57900	E37	DIN9	90	0.202	0.302	0.266	0.366	0.24	2.29471898078918	0.32	-3.73699450492859	-75.3964185714722	10.8885179042816	-0.188184878826141	0.892072483978591
sub-57900	E38	DI10	100	0.202	0.302	0.266	0.366	0.3	-4.21289873123169	0.32	-5.3125901222229	-54.9845695495605	-3.89416880607605	0.0128143835067748	1.79752074838963
sub-57900	E38	DIN6	60	0.202	0.302	0.266	0.366	0.26	1.54410433769226	0.324	-2.58960103988647	-64.5891465246677	-3.89416880607605	0.0128143835067748	1.79752074838963
sub-57900	E38	DIN7	70	0.202	0.302	0.266	0.366	0.28	-2.45590400695801	0.316	-3.19026041030884	-20.3987889819675	-3.89416880607605	0.0128143835067748	1.79752074838963
sub-57900	E38	DIN8	80	0.202	0.302	0.266	0.366	0.228	-3.07582330703735	0.348	-5.93221473693848	-23.8032619158427	-3.89416880607605	0.0128143835067748	1.79752074838963
sub-57900	E38	DIN9	90	0.202	0.302	0.266	0.366	0.208	2.22994184494019	0.348	-3.2910041809082	-39.4353287560599	-3.89416880607605	0.0128143835067748	1.79752074838963
sub-57900	E39	DI10	100	0.202	0.302	0.266	0.366	0.3	-3.00725221633911	0.32	-4.67888021469116	-83.5813999176025	0.488070464134217	-0.0192137694358826	0.729123472242552
sub-57900	E39	DIN6	60	0.202	0.302	0.266	0.366	0.252	-1.30010759830475	0.324	-2.24995350837708	-13.1923043065601	0.488070464134217	-0.0192137694358826	0.729123472242552
sub-57900	E39	DIN7	70	0.202	0.302	0.266	0.366	0.268	-2.68241119384766	0.268	-2.68241119384766	n/a	0.488070464134217	-0.0192137694358826	0.729123472242552
sub-57900	E39	DIN8	80	0.202	0.302	0.266	0.366	0.244	-2.72422218322754	0.348	-4.8700909614563	-20.633353636815	0.488070464134217	-0.0192137694358826	0.729123472242552
sub-57900	E39	DIN9	90	0.202	0.302	0.266	0.366	0.296	-2.58209824562073	0.344	-3.05991101264954	-9.95443264643352	0.488070464134217	-0.0192137694358826	0.729123472242552
sub-57900	E40	DI10	100	0.202	0.302	0.266	0.366	0.228	-5.80679655075073	0.36	-5.35264301300049	3.44055710416852	0.881491470336916	-0.00991764545440676	0.440468895361719
sub-57900	E40	DIN6	60	0.202	0.302	0.266	0.366	0.22	-3.97448682785034	0.32	-3.20490407943726	7.69582748413086	0.881491470336916	-0.00991764545440676	0.440468895361719
sub-57900	E40	DIN7	70	0.202	0.302	0.266	0.366	0.268	-3.78630352020264	0.268	-3.78630352020264	n/a	0.881491470336916	-0.00991764545440676	0.440468895361719
sub-57900	E40	DIN8	80	0.202	0.302	0.266	0.366	0.244	-3.88000249862671	0.34	-4.30243349075317	-4.40032283465067	0.881491470336916	-0.00991764545440676	0.440468895361719
sub-57900	E40	DIN9	90	0.202	0.302	0.266	0.366	0.292	-3.15862059593201	0.34	-3.519526720047	-7.51887758572896	0.881491470336916	-0.00991764545440676	0.440468895361719
sub-57900	E41	DI10	100	0.202	0.302	0.266	0.366	0.228	-4.09367561340332	0.352	-3.92017483711243	1.39919980879753	0.768753910064699	-0.0115368676185608	0.403615490594559
sub-57900	E41	DIN6	60	0.202	0.302	0.266	0.366	0.216	-2.97848415374756	0.32	-2.69328093528748	2.74233863903926	0.768753910064699	-0.0115368676185608	0.403615490594559
sub-57900	E41	DIN7	70	0.202	0.302	0.266	0.366	0.268	-3.2340841293335	0.268	-3.2340841293335	n/a	0.768753910064699	-0.0115368676185608	0.403615490594559
sub-57900	E41	DIN8	80	0.202	0.302	0.266	0.366	0.264	-3.53245186805725	0.348	-3.83185148239136	-3.56428112302508	0.768753910064699	-0.0115368676185608	0.403615490594559
sub-57900	E41	DIN9	90	0.202	0.302	0.266	0.366	0.252	-2.38080334663391	0.344	-3.31108522415161	-10.1117595382359	0.768753910064699	-0.0115368676185608	0.403615490594559
sub-57900	E42	DI10	100	0.202	0.302	0.266	0.366	0.256	-3.17264580726624	0.356	-1.94420254230499	12.2844326496124	-0.0634747266769397	0.00760026216506957	0.424876433237027
sub-57900	E42	DIN6	60	0.202	0.302	0.266	0.366	0.22	-2.50294327735901	0.36	-1.81329250335693	4.92607695715768	-0.0634747266769397	0.00760026216506957	0.424876433237027
sub-57900	E42	DIN7	70	0.202	0.302	0.266	0.366	0.264	-3.03231549263	0.268	-2.4263961315155	151.479840278625	-0.0634747266769397	0.00760026216506957	0.424876433237027
sub-57900	E42	DIN8	80	0.202	0.302	0.266	0.366	0.264	-3.59454607963562	0.356	-3.68418884277344	-0.974377860193668	-0.0634747266769397	0.00760026216506957	0.424876433237027
sub-57900	E42	DIN9	90	0.202	0.302	0.266	0.366	0.256	-2.7641327381134	0.352	-2.47577214241028	3.00375620524089	-0.0634747266769397	0.00760026216506957	0.424876433237027
sub-57900	E43	DI10	100	0.202	0.302	0.266	0.366	0.256	-3.49269771575928	0.348	-1.93367946147919	16.945850590001	-0.64821126461029	0.0172425961494446	0.42279524149955
sub-57900	E43	DIN6	60	0.202	0.302	0.266	0.366	0.22	-2.46472692489624	0.36	-1.63458609580994	5.92957735061646	-0.64821126461029	0.0172425961494446	0.42279524149955
sub-57900	E43	DIN7	70	0.202	0.302	0.266	0.366	0.264	-2.90062379837036	0.268	-2.44121193885803	114.852964878082	-0.64821126461029	0.0172425961494446	0.42279524149955
sub-57900	E43	DIN8	80	0.202	0.302	0.266	0.366	0.264	-3.41092395782471	0.356	-3.32942938804626	0.885810541070026	-0.64821126461029	0.0172425961494446	0.42279524149955
sub-57900	E43	DIN9	90	0.202	0.302	0.266	0.366	0.252	-2.78241515159607	0.352	-2.05649852752686	7.25916624069214	-0.64821126461029	0.0172425961494446	0.42279524149955
sub-57900	E44	DI10	100	0.202	0.302	0.266	0.366	0.248	-5.04675722122192	0.32	2.57771348953247	105.895426538255	-10.6515492677689	0.170603317022324	1.31792024887193
sub-57900	E44	DIN6	60	0.202	0.302	0.266	0.366	0.224	-2.50344467163086	0.268	-1.29522061347961	27.4596376852556	-10.6515492677689	0.170603317022324	1.31792024887193
sub-57900	E44	DIN7	70	0.202	0.302	0.266	0.366	0.264	-2.17366480827332	0.268	-1.72889292240143	111.192971467972	-10.6515492677689	0.170603317022324	1.31792024887193
sub-57900	E44	DIN8	80	0.202	0.302	0.266	0.366	0.252	-3.46666359901428	0.268	-2.43316006660461	64.5939707756042	-10.6515492677689	0.170603317022324	1.31792024887193
sub-57900	E44	DIN9	90	0.202	0.302	0.266	0.366	0.252	-2.81007099151611	0.304	1.86253929138184	89.8578900557298	-10.6515492677689	0.170603317022324	1.31792024887193
sub-57900	E45	DI10	100	0.202	0.302	0.266	0.366	0.248	-5.18089246749878	0.32	3.66345596313477	122.838172647688	-7.34629786014557	0.142260444164276	1.8173141598968
sub-57900	E45	DIN6	60	0.202	0.302	0.266	0.366	0.224	-2.03091764450073	0.316	1.0501743555069	33.4901304348655	-7.34629786014557	0.142260444164276	1.8173141598968
sub-57900	E45	DIN7	70	0.202	0.302	0.266	0.366	0.252	-1.19758284091949	0.316	1.0290721654892	34.7914844751358	-7.34629786014557	0.142260444164276	1.8173141598968
sub-57900	E45	DIN8	80	0.202	0.302	0.266	0.366	0.252	-2.60404896736145	0.272	-1.50964260101318	54.7203183174133	-7.34629786014557	0.142260444164276	1.8173141598968
sub-57900	E45	DIN9	90	0.202	0.302	0.266	0.366	0.252	-2.42100834846497	0.32	2.50517821311951	72.4439200233011	-7.34629786014557	0.142260444164276	1.8173141598968
sub-57900	E46	DI10	100	0.202	0.302	0.266	0.366	0.248	3.98294258117676	0.32	-3.93708276748657	-110.000352064768	3.61149473190307	-0.0831132388114929	2.37719113156852
sub-57900	E46	DIN6	60	0.202	0.302	0.266	0.366	0.264	1.39601707458496	0.348	-1.92753827571869	-39.5661351226625	3.61149473190307	-0.0831132388114929	2.37719113156852
sub-57900	E46	DIN7	70	0.202	0.302	0.266	0.366	0.272	-1.39504933357239	0.328	-2.58053708076477	-21.1694240570068	3.61149473190307	-0.0831132388114929	2.37719113156852
sub-57900	E46	DIN8	80	0.202	0.302	0.266	0.366	0.3	-1.30825173854828	0.356	-3.76313352584839	-43.8371747732163	3.61149473190307	-0.0831132388114929	2.37719113156852
sub-57900	E46	DIN9	90	0.202	0.302	0.266	0.366	0.3	-3.28392004966736	0.32	-3.58779168128967	-15.1935815811157	3.61149473190307	-0.0831132388114929	2.37719113156852
sub-57900	E47	DI10	100	0.202	0.302	0.266	0.366	0.3	-3.61709380149841	0.32	-3.94267988204956	-16.2793040275574	-6.15240595340729	0.0586597120761871	1.09687514848126
sub-57900	E47	DIN6	60	0.202	0.302	0.266	0.366	0.216	1.23453450202942	0.352	-1.6465870141983	-21.1847170310862	-6.15240595340729	0.0586597120761871	1.09687514848126
sub-57900	E47	DIN7	70	0.202	0.302	0.266	0.366	0.28	-1.74266803264618	0.328	-2.49756836891174	-15.7270903388659	-6.15240595340729	0.0586597120761871	1.09687514848126
sub-57900	E47	DIN8	80	0.202	0.302	0.266	0.366	0.3	-1.76601493358612	0.348	-5.10255193710327	-69.511187573274	-6.15240595340729	0.0586597120761871	1.09687514848126
sub-57900	E47	DIN9	90	0.202	0.302	0.266	0.366	0.3	-3.47391533851624	0.3	-3.47391533851624	n/a	-6.15240595340729	0.0586597120761871	1.09687514848126
sub-57900	E48	DI10	100	0.202	0.302	0.266	0.366	0.3	-2.97799110412598	0.32	-5.02504348754883	-102.352619171142	-0.0771884679794314	-0.0135704469680786	0.877112839282265
sub-57900	E48	DIN6	60	0.202	0.302	0.266	0.366	0.3	-1.57206881046295	0.352	-3.0405170917511	-28.2393900247721	-0.0771884679794314	-0.0135704469680786	0.877112839282265
sub-57900	E48	DIN7	70	0.202	0.302	0.266	0.366	0.268	-2.69976925849915	0.268	-2.69976925849915	n/a	-0.0771884679794314	-0.0135704469680786	0.877112839282265
sub-57900	E48	DIN8	80	0.202	0.302	0.266	0.366	0.272	-2.27443790435791	0.356	-4.37322187423706	-24.9855234509423	-0.0771884679794314	-0.0135704469680786	0.877112839282265
sub-57900	E48	DIN9	90	0.202	0.302	0.266	0.366	0.3	-3.19384813308716	0.34	-3.39368462562561	-4.9959123134613	-0.0771884679794314	-0.0135704469680786	0.877112839282265
sub-57900	E49	DI10	100	0.202	0.302	0.266	0.366	0.3	-2.52244758605957	0.32	-2.80971574783325	-14.3634080886841	-1.29528865814209	0.00898310899734497	0.364596924949994
sub-57900	E49	DIN6	60	0.202	0.302	0.266	0.366	0.212	-1.74359393119812	0.32	-2.82695269584656	-10.0310996726707	-1.29528865814209	0.00898310899734497	0.364596924949994
sub-57900	E49	DIN7	70	0.202	0.302	0.266	0.366	0.272	-2.52784585952759	0.272	-2.52784585952759	n/a	-1.29528865814209	0.00898310899734497	0.364596924949994
sub-57900	E49	DIN8	80	0.202	0.302	0.266	0.366	0.276	-3.16303682327271	0.348	-3.98173928260803	-11.3708674907684	-1.29528865814209	0.00898310899734497	0.364596924949994
sub-57900	E49	DIN9	90	0.202	0.302	0.266	0.366	0.3	-2.14048099517822	0.344	-2.83435130119324	-15.7697796821594	-1.29528865814209	0.00898310899734497	0.364596924949994
sub-57900	E50	DI10	100	0.202	0.302	0.266	0.366	0.252	-1.85332453250885	0.332	-1.68698441982269	2.07925140857696	0.760091638565065	-0.00987420082092287	0.324372266186623
sub-57900	E50	DIN6	60	0.202	0.302	0.266	0.366	0.264	-1.45396327972412	0.324	-1.22553253173828	3.80717913309733	0.760091638565065	-0.00987420082092287	0.324372266186623
sub-57900	E50	DIN7	70	0.202	0.302	0.266	0.366	0.264	-2.52614188194275	0.284	-2.16260075569153	18.1770563125611	0.760091638565065	-0.00987420082092287	0.324372266186623
sub-57900	E50	DIN8	80	0.202	0.302	0.266	0.366	0.276	-2.65262937545776	0.332	-3.06046581268311	-7.2827935218811	0.760091638565065	-0.00987420082092287	0.324372266186623
sub-57900	E50	DIN9	90	0.202	0.302	0.266	0.366	0.256	-2.1463782787323	0.356	-2.646075963974	-4.99697685241699	0.760091638565065	-0.00987420082092287	0.324372266186623
sub-57900	E51	DI10	100	0.202	0.302	0.266	0.366	0.252	-2.61896395683289	0.284	1.28455626964569	121.985007077456	-1.70785835981369	0.038688884973526	1.29172328098683
sub-57900	E51	DIN6	60	0.202	0.302	0.266	0.366	0.236	-1.25008749961853	0.316	0.643156707286835	23.6655525863171	-1.70785835981369	0.038688884973526	1.29172328098683
sub-57900	E51	DIN7	70	0.202	0.302	0.266	0.366	0.264	-2.39869499206543	0.268	-1.76240277290344	159.073054790497	-1.70785835981369	0.038688884973526	1.29172328098683
sub-57900	E51	DIN8	80	0.202	0.302	0.266	0.366	0.26	-2.6929087638855	0.332	-2.67433190345764	0.258011950386895	-1.70785835981369	0.038688884973526	1.29172328098683
sub-57900	E51	DIN9	90	0.202	0.302	0.266	0.366	0.256	-2.35341215133667	0.352	-1.86878347396851	5.04821538925171	-1.70785835981369	0.038688884973526	1.29172328098683
sub-57900	E52	DI10	100	0.202	0.302	0.266	0.366	0.252	-3.53389382362366	0.284	2.10883164405823	176.335170865059	-8.15624473094941	0.131208205223084	0.886573315364695
sub-57900	E52	DIN6	60	0.202	0.302	0.266	0.366	0.256	-2.14389133453369	0.36	-1.48845112323761	6.30230972400078	-8.15624473094941	0.131208205223084	0.886573315364695
sub-57900	E52	DIN7	70	0.202	0.302	0.266	0.366	0.264	-2.78134202957153	0.268	-2.04003000259399	185.328006744385	-8.15624473094941	0.131208205223084	0.886573315364695
sub-57900	E52	DIN8	80	0.202	0.302	0.266	0.366	0.252	-3.08580088615417	0.268	-2.31078219413757	48.4386682510376	-8.15624473094941	0.131208205223084	0.886573315364695
sub-57900	E52	DIN9	90	0.202	0.302	0.266	0.366	0.252	-2.36892127990723	0.292	1.51864075660706	97.1890509128571	-8.15624473094941	0.131208205223084	0.886573315364695
sub-57900	E53	DI10	100	0.202	0.302	0.266	0.366	0.24	-4.6825909614563	0.32	3.46593999862671	101.856637001038	-9.09279625415802	0.155678044557571	1.79702557063726
sub-57900	E53	DIN6	60	0.202	0.302	0.266	0.366	0.256	-1.53795099258423	0.316	1.02692663669586	42.7479604880015	-9.09279625415802	0.155678044557571	1.79702557063726
sub-57900	E53	DIN7	70	0.202	0.302	0.266	0.366	0.252	-1.29747760295868	0.268	-0.912493944168091	24.0614786744118	-9.09279625415802	0.155678044557571	1.79702557063726
sub-57900	E53	DIN8	80	0.202	0.302	0.266	0.366	0.252	-2.52802777290344	0.276	-1.60466492176056	38.4734521309534	-9.09279625415802	0.155678044557571	1.79702557063726
sub-57900	E53	DIN9	90	0.202	0.302	0.266	0.366	0.252	-2.46703672409058	0.32	2.31844472885132	70.3747272491455	-9.09279625415802	0.155678044557571	1.79702557063726
sub-57900	E54	DI10	100	0.202	0.302	0.266	0.366	0.24	4.86861801147461	0.328	-3.2728054523468	-92.5161757252433	2.71053121089935	-0.0788983857631683	2.14712210018106
sub-57900	E54	DIN6	60	0.202	0.302	0.266	0.366	0.228	1.40586853027344	0.348	-1.53398263454437	-24.4987597068151	2.71053121089935	-0.0788983857631683	2.14712210018106
sub-57900	E54	DIN7	70	0.202	0.302	0.266	0.366	0.216	1.33959543704987	0.328	-2.13168859481812	-30.9936074273927	2.71053121089935	-0.0788983857631683	2.14712210018106
sub-57900	E54	DIN8	80	0.202	0.302	0.266	0.366	0.3	-1.62019622325897	0.348	-4.11635780334473	-52.0033662517866	2.71053121089935	-0.0788983857631683	2.14712210018106
sub-57900	E54	DIN9	90	0.202	0.302	0.266	0.366	0.3	-2.57714772224426	0.32	-3.53512573242188	-47.8989005088806	2.71053121089935	-0.0788983857631683	2.14712210018106
sub-57900	E55	DI10	100	0.202	0.302	0.266	0.366	0.248	2.73406910896301	0.32	-3.46803736686707	-86.1403677198622	-0.393266963958744	-0.0325981497764587	2.3053025506796
sub-57900	E55	DIN6	60	0.202	0.302	0.266	0.366	0.204	1.9220232963562	0.348	-2.35980749130249	-29.7349360254076	-0.393266963958744	-0.0325981497764587	2.3053025506796
sub-57900	E55	DIN7	70	0.202	0.302	0.266	0.366	0.272	-1.81905627250671	0.328	-2.39979267120361	-10.3702928338732	-0.393266963958744	-0.0325981497764587	2.3053025506796
sub-57900	E55	DIN8	80	0.202	0.302	0.266	0.366	0.236	1.07775855064392	0.356	-2.86316251754761	-32.8410089015961	-0.393266963958744	-0.0325981497764587	2.3053025506796
sub-57900	E55	DIN9	90	0.202	0.302	0.266	0.366	0.296	-3.66563773155212	0.296	-3.66563773155212	n/a	-0.393266963958744	-0.0325981497764587	2.3053025506796
sub-57900	E56	DI10	100	0.202	0.302	0.266	0.366	0.3	-2.47669196128845	0.3	-2.47669196128845	n/a	-6.76858389377594	0.0709247064590454	0.834537559956713
sub-57900	E56	DIN6	60	0.202	0.302	0.266	0.366	0.204	1.41454923152924	0.32	-2.15614604949951	-30.7818558709375	-6.76858389377594	0.0709247064590454	0.834537559956713
sub-57900	E56	DIN7	70	0.202	0.302	0.266	0.366	0.272	-2.30464577674866	0.328	-2.61262583732605	-5.49964393888201	-6.76858389377594	0.0709247064590454	0.834537559956713
sub-57900	E56	DIN8	80	0.202	0.302	0.266	0.366	0.276	-2.29656171798706	0.348	-3.53402328491211	-17.1869662072924	-6.76858389377594	0.0709247064590454	0.834537559956713
sub-57900	E56	DIN9	90	0.202	0.302	0.266	0.366	0.284	-2.28096032142639	0.344	-2.63786029815674	-5.94833294550578	-6.76858389377594	0.0709247064590454	0.834537559956713
sub-57900	E57	DI10	100	0.202	0.302	0.266	0.366	0.208	1.41898703575134	0.3	-1.40079867839813	-30.649844719016	-0.39664857387543	-0.0100186228752136	1.16414940386496
sub-57900	E57	DIN6	60	0.202	0.302	0.266	0.366	0.204	1.20737242698669	0.268	-1.1114821434021	-36.2321026623249	-0.39664857387543	-0.0100186228752136	1.16414940386496
sub-57900	E57	DIN7	70	0.202	0.302	0.266	0.366	0.284	-2.67040181159973	0.284	-2.67040181159973	n/a	-0.39664857387543	-0.0100186228752136	1.16414940386496
sub-57900	E57	DIN8	80	0.202	0.302	0.266	0.366	0.284	-2.56281328201294	0.332	-3.41486501693726	-17.7510778109232	-0.39664857387543	-0.0100186228752136	1.16414940386496
sub-57900	E57	DIN9	90	0.202	0.302	0.266	0.366	0.284	-2.68425559997559	0.284	-2.68425559997559	n/a	-0.39664857387543	-0.0100186228752136	1.16414940386496
sub-57900	E58	DI10	100	0.202	0.302	0.266	0.366	0.256	-2.13413047790527	0.28	-1.5655859708786	23.6893544594447	-0.732774662971496	0.00890279531478881	0.315861071483629
sub-57900	E58	DIN6	60	0.202	0.302	0.266	0.366	0.264	-1.88336050510406	0.268	-1.87397992610931	2.34514474868774	-0.732774662971496	0.00890279531478881	0.315861071483629
sub-57900	E58	DIN7	70	0.202	0.302	0.266	0.366	0.284	-2.60276031494141	0.284	-2.60276031494141	n/a	-0.732774662971496	0.00890279531478881	0.315861071483629
sub-57900	E58	DIN8	80	0.202	0.302	0.266	0.366	0.284	-2.86961030960083	0.332	-3.32224225997925	-9.42983229955037	-0.732774662971496	0.00890279531478881	0.315861071483629
sub-57900	E58	DIN9	90	0.202	0.302	0.266	0.366	0.284	-2.1847620010376	0.356	-2.41281032562256	-3.16733784145779	-0.732774662971496	0.00890279531478881	0.315861071483629
sub-57900	E59	DI10	100	0.202	0.302	0.266	0.366	0.252	-3.142254114151	0.32	1.99725842475891	75.5810667486752	-7.12801344394684	0.103836665153503	1.34311802567779
sub-57900	E59	DIN6	60	0.202	0.302	0.266	0.366	0.264	-1.18945002555847	0.268	-0.972709178924561	54.1852116584777	-7.12801344394684	0.103836665153503	1.34311802567779
sub-57900	E59	DIN7	70	0.202	0.302	0.266	0.366	0.28	-1.58127641677856	0.28	-1.58127641677856	n/a	-7.12801344394684	0.103836665153503	1.34311802567779
sub-57900	E59	DIN8	80	0.202	0.302	0.266	0.366	0.264	-1.7249630689621	0.276	-1.72474074363708	0.0185271104176839	-7.12801344394684	0.103836665153503	1.34311802567779
sub-57900	E59	DIN9	90	0.202	0.302	0.266	0.366	0.256	-2.06639957427979	0.356	-1.52827644348145	5.3812313079834	-7.12801344394684	0.103836665153503	1.34311802567779
sub-57900	E60	DI10	100	0.202	0.302	0.266	0.366	0.24	-3.55135226249695	0.32	2.76648235321045	78.9729326963425	-7.19026199579239	0.120222047567368	1.62326628171633
sub-57900	E60	DIN6	60	0.202	0.302	0.266	0.366	0.232	-0.813152730464935	0.336	1.24260795116425	19.7669296310498	-7.19026199579239	0.120222047567368	1.62326628171633
sub-57900	E60	DIN7	70	0.202	0.302	0.266	0.366	0.252	-0.952757894992828	0.28	-0.854077756404877	3.52429066385541	-7.19026199579239	0.120222047567368	1.62326628171633
sub-57900	E60	DIN8	80	0.202	0.302	0.266	0.366	0.252	-1.71015107631683	0.276	-1.64165449142456	2.85402437051137	-7.19026199579239	0.120222047567368	1.62326628171633
sub-57900	E60	DIN9	90	0.202	0.302	0.266	0.366	0.252	-1.80126678943634	0.312	1.79547023773193	59.9456171194712	-7.19026199579239	0.120222047567368	1.62326628171633
sub-57900	E61	DI10	100	0.202	0.302	0.266	0.366	0.236	3.68365287780762	0.332	-2.7606315612793	-67.1279629071553	2.62566528320312	-0.0646308040618896	2.0591023122598
sub-57900	E61	DIN6	60	0.202	0.302	0.266	0.366	0.204	1.8122501373291	0.348	-1.52111721038818	-23.1483843591478	2.62566528320312	-0.0646308040618896	2.0591023122598
sub-57900	E61	DIN7	70	0.202	0.302	0.266	0.366	0.208	-1.35520958900452	0.328	-1.61202788352966	-2.14015245437622	2.62566528320312	-0.0646308040618896	2.0591023122598
sub-57900	E61	DIN8	80	0.202	0.302	0.266	0.366	0.3	-1.2114782333374	0.348	-3.40293884277344	-45.6554293632507	2.62566528320312	-0.0646308040618896	2.0591023122598
sub-57900	E61	DIN9	90	0.202	0.302	0.266	0.366	0.3	-2.39037036895752	0.32	-2.88843488693237	-24.9032258987427	2.62566528320312	-0.0646308040618896	2.0591023122598
sub-57900	E62	DI10	100	0.202	0.302	0.266	0.366	0.228	3.02353501319885	0.304	-2.1606011390686	-68.2123177929929	1.3852105140686	-0.0420636963844299	1.81195824066586
sub-57900	E62	DIN6	60	0.202	0.302	0.266	0.366	0.204	1.40566039085388	0.328	-1.5286945104599	-23.6641524299498	1.3852105140686	-0.0420636963844299	1.81195824066586
sub-57900	E62	DIN7	70	0.202	0.302	0.266	0.366	0.272	-1.65406203269958	0.328	-1.94725489616394	-5.23558684757778	1.3852105140686	-0.0420636963844299	1.81195824066586
sub-57900	E62	DIN8	80	0.202	0.302	0.266	0.366	0.3	-1.53485476970673	0.32	-3.02259683609009	-74.387103319168	1.3852105140686	-0.0420636963844299	1.81195824066586
sub-57900	E62	DIN9	90	0.202	0.302	0.266	0.366	0.284	-1.95896399021149	0.284	-1.95896399021149	n/a	1.3852105140686	-0.0420636963844299	1.81195824066586
sub-57900	E63	DI10	100	0.202	0.302	0.266	0.366	0.228	2.18155884742737	0.284	-1.38079798221588	-63.6135148150581	4.87982261180878	-0.071247136592865	0.953041224234912
sub-57900	E63	DIN6	60	0.202	0.302	0.266	0.366	0.3	-1.41109001636505	0.3	-1.41109001636505	n/a	4.87982261180878	-0.071247136592865	0.953041224234912
sub-57900	E63	DIN7	70	0.202	0.302	0.266	0.366	0.284	-2.27743124961853	0.284	-2.27743124961853	n/a	4.87982261180878	-0.071247136592865	0.953041224234912
sub-57900	E63	DIN8	80	0.202	0.302	0.266	0.366	0.276	-2.05316114425659	0.332	-2.59054589271545	-9.59615622247969	4.87982261180878	-0.071247136592865	0.953041224234912
sub-57900	E63	DIN9	90	0.202	0.302	0.266	0.366	0.284	-2.448970079422	0.284	-2.448970079422	n/a	4.87982261180878	-0.071247136592865	0.953041224234912
sub-57900	E64	DI10	100	0.202	0.302	0.266	0.366	0.252	-1.60652196407318	0.28	-1.13506960868835	16.8375841208867	-0.697317481040954	0.00942904710769653	0.174278265087241
sub-57900	E64	DIN6	60	0.202	0.302	0.266	0.366	0.268	-1.03134286403656	0.268	-1.03134286403656	n/a	-0.697317481040954	0.00942904710769653	0.174278265087241
sub-57900	E64	DIN7	70	0.202	0.302	0.266	0.366	0.284	-2.18449354171753	0.284	-2.18449354171753	n/a	-0.697317481040954	0.00942904710769653	0.174278265087241
sub-57900	E64	DIN8	80	0.202	0.302	0.266	0.366	0.284	-2.0560314655304	0.332	-2.24245238304138	-3.88376911481221	-0.697317481040954	0.00942904710769653	0.174278265087241
sub-57900	E64	DIN9	90	0.202	0.302	0.266	0.366	0.284	-2.18073916435242	0.284	-2.18073916435242	n/a	-0.697317481040954	0.00942904710769653	0.174278265087241
sub-57900	E65	DI10	100	0.202	0.302	0.266	0.366	0.252	-2.63241863250732	0.32	1.83445847034454	65.6893691595863	-6.31351795196533	0.0903357088565826	1.23543317955879
sub-57900	E65	DIN6	60	0.202	0.302	0.266	0.366	0.268	-0.95933610200882	0.268	-0.95933610200882	n/a	-6.31351795196533	0.0903357088565826	1.23543317955879
sub-57900	E65	DIN7	70	0.202	0.302	0.266	0.366	0.284	-1.44764828681946	0.284	-1.44764828681946	n/a	-6.31351795196533	0.0903357088565826	1.23543317955879
sub-57900	E65	DIN8	80	0.202	0.302	0.266	0.366	0.276	-1.97493553161621	0.276	-1.97493553161621	n/a	-6.31351795196533	0.0903357088565826	1.23543317955879
sub-57900	E65	DIN9	90	0.202	0.302	0.266	0.366	0.256	-1.57353138923645	0.268	-1.47371470928192	8.31805666287739	-6.31351795196533	0.0903357088565826	1.23543317955879
sub-57900	E66	DI10	100	0.202	0.302	0.266	0.366	0.252	-2.62164187431335	0.324	2.71058058738708	74.058645301395	-5.95991066694259	0.100005738735199	1.48020226903825
sub-57900	E66	DIN6	60	0.202	0.302	0.266	0.366	0.264	-0.678278028964996	0.352	1.27697646617889	22.2188010811806	-5.95991066694259	0.100005738735199	1.48020226903825
sub-57900	E66	DIN7	70	0.202	0.302	0.266	0.366	0.212	1.02996587753296	0.348	0.864279508590698	-1.21828212457545	-5.95991066694259	0.100005738735199	1.48020226903825
sub-57900	E66	DIN8	80	0.202	0.302	0.266	0.366	0.276	-1.44383895397186	0.276	-1.44383895397186	n/a	-5.95991066694259	0.100005738735199	1.48020226903825
sub-57900	E66	DIN9	90	0.202	0.302	0.266	0.366	0.26	-1.66070199012756	0.312	1.42024958133698	59.2490686820104	-5.95991066694259	0.100005738735199	1.48020226903825
sub-57900	E67	DI10	100	0.202	0.302	0.266	0.366	0.236	3.66299843788147	0.32	-2.36147427558899	-71.7199132556007	4.05189461708069	-0.0953451657295228	1.40564935309075
sub-57900	E67	DIN6	60	0.202	0.302	0.266	0.366	0.224	1.43981599807739	0.328	-1.82749485969543	-31.416450555508	4.05189461708069	-0.0953451657295228	1.40564935309075
sub-57900	E67	DIN7	70	0.202	0.302	0.266	0.366	0.208	-1.30741572380066	0.328	-1.42129874229431	-0.949025154113769	4.05189461708069	-0.0953451657295228	1.40564935309075
sub-57900	E67	DIN8	80	0.202	0.302	0.266	0.366	0.236	1.92587542533875	0.348	-2.4129753112793	-38.739738719804	4.05189461708069	-0.0953451657295228	1.40564935309075
sub-57900	E67	DIN9	90	0.202	0.302	0.266	0.366	0.248	2.46841979026794	0.32	-1.66565608978271	-57.4177205562591	4.05189461708069	-0.0953451657295228	1.40564935309075
sub-57900	E68	DI10	100	0.202	0.302	0.266	0.366	0.228	3.38370966911316	0.268	1.93008983135223	-36.3404959440231	-2.00968708992004	-0.00621383786201483	1.58783305377567
sub-57900	E68	DIN6	60	0.202	0.302	0.266	0.366	0.204	1.49378275871277	0.328	-1.53948330879211	-24.4618231250394	-2.00968708992004	-0.00621383786201483	1.58783305377567
sub-57900	E68	DIN7	70	0.202	0.302	0.266	0.366	0.208	-1.33511900901794	0.288	-1.30869841575623	0.330257415771484	-2.00968708992004	-0.00621383786201483	1.58783305377567
sub-57900	E68	DIN8	80	0.202	0.302	0.266	0.366	0.236	1.95776343345642	0.32	-2.36148619651794	-51.4196384520758	-2.00968708992004	-0.00621383786201483	1.58783305377567
sub-57900	E68	DIN9	90	0.202	0.302	0.266	0.366	0.248	2.42023801803589	0.32	-1.33401763439178	-52.142439617051	-2.00968708992004	-0.00621383786201483	1.58783305377567
sub-57900	E69	DI10	100	0.202	0.302	0.266	0.366	0.228	3.30990171432495	0.284	-1.90508759021759	-93.1248090096883	3.75328621864319	-0.0866139709949494	1.27298128485806
sub-57900	E69	DIN6	60	0.202	0.302	0.266	0.366	0.204	1.7889860868454	0.3	-0.995270371437073	-29.0026714404424	3.75328621864319	-0.0866139709949494	1.27298128485806
sub-57900	E69	DIN7	70	0.202	0.302	0.266	0.366	0.288	-1.85509896278381	0.288	-1.85509896278381	n/a	3.75328621864319	-0.0866139709949494	1.27298128485806
sub-57900	E69	DIN8	80	0.202	0.302	0.266	0.366	0.24	1.85491394996643	0.32	-2.22506618499756	-50.9997516870499	3.75328621864319	-0.0866139709949494	1.27298128485806
sub-57900	E69	DIN9	90	0.202	0.302	0.266	0.366	0.228	1.94149839878082	0.284	-1.85843300819397	-67.8559179816928	3.75328621864319	-0.0866139709949494	1.27298128485806
sub-57900	E70	DI10	100	0.202	0.302	0.266	0.366	0.232	3.03496384620667	0.284	-1.93775844573975	-95.6292748451234	5.12469203472138	-0.0884818887710572	1.79761658530774
sub-57900	E70	DIN6	60	0.202	0.302	0.266	0.366	0.204	2.12317419052124	0.364	1.57454633712769	-3.42892408370972	5.12469203472138	-0.0884818887710572	1.79761658530774
sub-57900	E70	DIN7	70	0.202	0.302	0.266	0.366	0.288	-2.46003723144531	0.288	-2.46003723144531	n/a	5.12469203472138	-0.0884818887710572	1.79761658530774
sub-57900	E70	DIN8	80	0.202	0.302	0.266	0.366	0.24	1.71486008167267	0.308	-2.53308510780334	-62.4697821981767	5.12469203472138	-0.0884818887710572	1.79761658530774
sub-57900	E70	DIN9	90	0.202	0.302	0.266	0.366	0.272	-2.26104164123535	0.272	-2.26104164123535	n/a	5.12469203472138	-0.0884818887710572	1.79761658530774
sub-57900	E71	DI10	100	0.202	0.302	0.266	0.366	0.252	-1.75838005542755	0.324	1.64897608757019	47.3243908749686	-1.89457464218139	0.036194634437561	1.2523946681997
sub-57900	E71	DIN6	60	0.202	0.302	0.266	0.366	0.264	-0.818228185176849	0.352	0.779396235942841	18.1548229672692	-1.89457464218139	0.036194634437561	1.2523946681997
sub-57900	E71	DIN7	70	0.202	0.302	0.266	0.366	0.28	-1.2177666425705	0.28	-1.2177666425705	n/a	-1.89457464218139	0.036194634437561	1.2523946681997
sub-57900	E71	DIN8	80	0.202	0.302	0.266	0.366	0.276	-1.25240623950958	0.276	-1.25240623950958	n/a	-1.89457464218139	0.036194634437561	1.2523946681997
sub-57900	E71	DIN9	90	0.202	0.302	0.266	0.366	0.284	-1.55389952659607	0.284	-1.55389952659607	n/a	-1.89457464218139	0.036194634437561	1.2523946681997
sub-57900	E72	DI10	100	0.202	0.302	0.266	0.366	0.252	-2.52138948440552	0.32	2.44637680053711	73.0553865432739	-5.34561451673508	0.091427127122879	1.37315008904812
sub-57900	E72	DIN6	60	0.202	0.302	0.266	0.366	0.3	-0.857045352458954	0.352	1.03223192691803	36.3322553726343	-5.34561451673508	0.091427127122879	1.37315008904812
sub-57900	E72	DIN7	70	0.202	0.302	0.266	0.366	0.28	-1.02959251403809	0.28	-1.02959251403809	n/a	-5.34561451673508	0.091427127122879	1.37315008904812
sub-57900	E72	DIN8	80	0.202	0.302	0.266	0.366	0.276	-1.45782506465912	0.276	-1.45782506465912	n/a	-5.34561451673508	0.091427127122879	1.37315008904812
sub-57900	E72	DIN9	90	0.202	0.302	0.266	0.366	0.264	-1.66033446788788	0.312	1.32540023326874	62.2028062740962	-5.34561451673508	0.091427127122879	1.37315008904812
sub-57900	E73	DI10	100	0.202	0.302	0.266	0.366	0.248	3.43694710731506	0.32	-3.54278111457825	-96.9406697485182	7.3716728925705	-0.127996391057968	2.09680768756822
sub-57900	E73	DIN6	60	0.202	0.302	0.266	0.366	0.3	-1.27472352981567	0.328	-2.41579961776733	-40.752717426845	7.3716728925705	-0.127996391057968	2.09680768756822
sub-57900	E73	DIN7	70	0.202	0.302	0.266	0.366	0.256	1.33454525470734	0.364	1.45313739776611	1.09807539869238	7.3716728925705	-0.127996391057968	2.09680768756822
sub-57900	E73	DIN8	80	0.202	0.302	0.266	0.366	0.24	2.3357310295105	0.32	-2.99850606918335	-66.6779637336731	7.3716728925705	-0.127996391057968	2.09680768756822
sub-57900	E73	DIN9	90	0.202	0.302	0.266	0.366	0.296	-2.58187651634216	0.32	-3.5856192111969	-41.822612285614	7.3716728925705	-0.127996391057968	2.09680768756822
sub-57900	E74	DI10	100	0.202	0.302	0.266	0.366	0.228	2.39103507995605	0.28	-1.38433992862701	-72.6033655496744	3.64014011621475	-0.0579943835735321	1.1646892168549
sub-57900	E74	DIN6	60	0.202	0.302	0.266	0.366	0.204	1.76810681819916	0.364	0.892450988292694	-5.4728489369154	3.64014011621475	-0.0579943835735321	1.1646892168549
sub-57900	E74	DIN7	70	0.202	0.302	0.266	0.366	0.288	-1.82520711421967	0.288	-1.82520711421967	n/a	3.64014011621475	-0.0579943835735321	1.1646892168549
sub-57900	E74	DIN8	80	0.202	0.302	0.266	0.366	0.212	-1.45726299285889	0.32	-1.80328500270844	-3.20390749860693	3.64014011621475	-0.0579943835735321	1.1646892168549
sub-57900	E74	DIN9	90	0.202	0.302	0.266	0.366	0.272	-1.52103137969971	0.272	-1.52103137969971	n/a	3.64014011621475	-0.0579943835735321	1.1646892168549
sub-57900	E75	DI10	100	0.202	0.302	0.266	0.366	0.252	-1.73562300205231	0.324	2.16872239112854	54.227019349734	-4.21121100187302	0.0730300104618073	1.0747217202707
sub-57900	E75	DIN6	60	0.202	0.302	0.266	0.366	0.3	-0.70761913061142	0.352	0.834442913532257	29.6550393104553	-4.21121100187302	0.0730300104618073	1.0747217202707
sub-57900	E75	DIN7	70	0.202	0.302	0.266	0.366	0.244	0.86570531129837	0.348	0.891813933849335	0.251044447605427	-4.21121100187302	0.0730300104618073	1.0747217202707
sub-57900	E75	DIN8	80	0.202	0.302	0.266	0.366	0.212	-0.950245320796967	0.276	-0.871355175971985	1.23265851289034	-4.21121100187302	0.0730300104618073	1.0747217202707
sub-57900	E75	DIN9	90	0.202	0.302	0.266	0.366	0.216	-1.37664723396301	0.312	1.22789573669434	27.1306559443474	-4.21121100187302	0.0730300104618073	1.0747217202707
sub-57900	E76	DI10	100	0.202	0.302	0.266	0.366	0.24	-2.03479719161987	0.324	2.21948194503784	50.6461801983061	-4.17008475065231	0.0800636494159699	0.794767992180209
sub-57900	E76	DIN6	60	0.202	0.302	0.266	0.366	0.3	-0.522774755954742	0.352	1.1994936466217	33.1205462033932	-4.17008475065231	0.0800636494159699	0.794767992180209
sub-57900	E76	DIN7	70	0.202	0.302	0.266	0.366	0.244	0.877120316028595	0.348	0.984468519687653	1.03219426595248	-4.17008475065231	0.0800636494159699	0.794767992180209
sub-57900	E76	DIN8	80	0.202	0.302	0.266	0.366	0.208	-0.943491458892822	0.34	1.09795713424683	15.4655196449973	-4.17008475065231	0.0800636494159699	0.794767992180209
sub-57900	E76	DIN9	90	0.202	0.302	0.266	0.366	0.26	-1.59411597251892	0.312	1.45557570457458	58.6479168671828	-4.17008475065231	0.0800636494159699	0.794767992180209
sub-57900	E77	DI10	100	0.202	0.302	0.266	0.366	0.24	-2.61391687393188	0.324	2.37278079986572	59.3654484975905	-4.71361855268479	0.0918331837654114	0.79755521531029
sub-57900	E77	DIN6	60	0.202	0.302	0.266	0.366	0.264	-0.649452865123749	0.352	1.24770021438599	21.5585577217015	-4.71361855268479	0.0918331837654114	0.79755521531029
sub-57900	E77	DIN7	70	0.202	0.302	0.266	0.366	0.244	0.939049363136292	0.348	1.37394201755524	4.18166013864371	-4.71361855268479	0.0918331837654114	0.79755521531029
sub-57900	E77	DIN8	80	0.202	0.302	0.266	0.366	0.208	-1.00247037410736	0.308	1.40484511852264	24.0731549263	-4.71361855268479	0.0918331837654114	0.79755521531029
sub-57900	E77	DIN9	90	0.202	0.302	0.266	0.366	0.216	-1.66318953037262	0.312	1.77593231201172	35.8241858581702	-4.71361855268479	0.0918331837654114	0.79755521531029
sub-57900	E78	DI10	100	0.202	0.302	0.266	0.366	0.24	-2.99855470657349	0.32	2.81594729423523	72.6812750101089	-6.32871091365815	0.113928145766258	0.968215452268291
sub-57900	E78	DIN6	60	0.202	0.302	0.266	0.366	0.264	-0.430589854717255	0.352	1.38042020797729	20.5796598033472	-6.32871091365815	0.113928145766258	0.968215452268291
sub-57900	E78	DIN7	70	0.202	0.302	0.266	0.366	0.244	0.942354619503021	0.348	1.09078204631805	1.42718679629839	-6.32871091365815	0.113928145766258	0.968215452268291
sub-57900	E78	DIN8	80	0.202	0.302	0.266	0.366	0.216	-1.13272881507874	0.308	1.48677730560303	28.4728926161061	-6.32871091365815	0.113928145766258	0.968215452268291
sub-57900	E78	DIN9	90	0.202	0.302	0.266	0.366	0.216	-1.90717422962189	0.32	1.62708389759064	33.9832512231973	-6.32871091365815	0.113928145766258	0.968215452268291
sub-57900	E79	DI10	100	0.202	0.302	0.266	0.366	0.24	-3.94850182533264	0.32	3.73669052124023	96.0649043321609	-8.29546675682068	0.147373229265213	1.25848978157788
sub-57900	E79	DIN6	60	0.202	0.302	0.266	0.366	0.26	-0.897217392921448	0.316	1.23605012893677	38.0940628903253	-8.29546675682068	0.147373229265213	1.25848978157788
sub-57900	E79	DIN7	70	0.202	0.302	0.266	0.366	0.244	0.775172352790833	0.344	1.11121034622192	3.36037993431091	-8.29546675682068	0.147373229265213	1.25848978157788
sub-57900	E79	DIN8	80	0.202	0.302	0.266	0.366	0.252	-1.42113053798676	0.308	1.9268182516098	59.7847998142243	-8.29546675682068	0.147373229265213	1.25848978157788
sub-57900	E79	DIN9	90	0.202	0.302	0.266	0.366	0.252	-2.07169938087463	0.316	1.89781188964844	62.023613601923	-8.29546675682068	0.147373229265213	1.25848978157788
sub-57900	E80	DI10	100	0.202	0.302	0.266	0.366	0.248	-4.27875947952271	0.32	3.86511182785034	113.109323713515	-4.70655485391616	0.0984072810411453	2.3161907396727
sub-57900	E80	DIN6	60	0.202	0.302	0.266	0.366	0.244	-1.22898530960083	0.324	1.31403827667236	31.7877948284149	-4.70655485391616	0.0984072810411453	2.3161907396727
sub-57900	E80	DIN7	70	0.202	0.302	0.266	0.366	0.22	-0.654036045074463	0.316	0.914931237697601	16.3434091955423	-4.70655485391616	0.0984072810411453	2.3161907396727
sub-57900	E80	DIN8	80	0.202	0.302	0.266	0.366	0.252	-1.51892447471619	0.348	1.84735155105591	35.0653752684593	-4.70655485391616	0.0984072810411453	2.3161907396727
sub-57900	E80	DIN9	90	0.202	0.302	0.266	0.366	0.3	2.23918509483337	0.32	2.44718503952026	10.3999972343445	-4.70655485391616	0.0984072810411453	2.3161907396727
sub-57900	E81	DI10	100	0.202	0.302	0.266	0.366	0.248	-4.39375352859497	0.32	3.57210731506348	110.636956161923	-3.76106202602386	0.087006961107254	2.3434169679194
sub-57900	E81	DIN6	60	0.202	0.302	0.266	0.366	0.248	-1.57369923591614	0.328	1.18290841579437	34.4575956463814	-3.76106202602386	0.087006961107254	2.3434169679194
sub-57900	E81	DIN7	70	0.202	0.302	0.266	0.366	0.22	-0.749101400375366	0.316	1.01105344295502	18.3349462846915	-3.76106202602386	0.087006961107254	2.3434169679194
sub-57900	E81	DIN8	80	0.202	0.302	0.266	0.366	0.252	-1.50546610355377	0.32	1.96704030036926	51.066270645927	-3.76106202602386	0.087006961107254	2.3434169679194
sub-57900	E81	DIN9	90	0.202	0.302	0.266	0.366	0.3	2.39538288116455	0.32	2.43772745132446	2.1172285079956	-3.76106202602386	0.087006961107254	2.3434169679194
sub-57900	E82	DI10	100	0.202	0.302	0.266	0.366	0.3	-2.75745797157288	0.324	-3.50775241851807	-31.2622686227162	2.04816303253174	-0.0415980589389802	1.64995979270688
sub-57900	E82	DIN6	60	0.202	0.302	0.266	0.366	0.224	2.43297505378723	0.272	1.31030786037445	-23.3888998627663	2.04816303253174	-0.0415980589389802	1.64995979270688
sub-57900	E82	DIN7	70	0.202	0.302	0.266	0.366	0.208	-1.02702784538269	0.316	-0.772795796394348	2.35400045359576	2.04816303253174	-0.0415980589389802	1.64995979270688
sub-57900	E82	DIN8	80	0.202	0.302	0.266	0.366	0.24	2.43372917175293	0.268	2.30436968803406	-4.61998156138828	2.04816303253174	-0.0415980589389802	1.64995979270688
sub-57900	E82	DIN9	90	0.202	0.302	0.266	0.366	0.248	2.18199467658997	0.32	-2.46832466125488	-64.5877685811785	2.04816303253174	-0.0415980589389802	1.64995979270688
sub-57900	E83	DI10	100	0.202	0.302	0.266	0.366	0.28	-0.72201532125473	0.324	1.32935416698456	46.6220338236202	0.194980454444886	0.0119648599624634	0.701757962715328
sub-57900	E83	DIN6	60	0.202	0.302	0.266	0.366	0.3	-0.724593222141266	0.352	0.73471212387085	28.0635643463868	0.194980454444886	0.0119648599624634	0.701757962715328
sub-57900	E83	DIN7	70	0.202	0.302	0.266	0.366	0.244	0.9313884973526	0.348	1.22481763362885	2.8214340026562	0.194980454444886	0.0119648599624634	0.701757962715328
sub-57900	E83	DIN8	80	0.202	0.302	0.266	0.366	0.208	-0.97976940870285	0.36	0.671186029911041	10.8615489382493	0.194980454444886	0.0119648599624634	0.701757962715328
sub-57900	E83	DIN9	90	0.202	0.302	0.266	0.366	0.216	-1.33719372749329	0.276	-1.03140687942505	5.09644746780395	0.194980454444886	0.0119648599624634	0.701757962715328
sub-57900	E84	DI10	100	0.202	0.302	0.266	0.366	0.24	-0.744773983955383	0.324	1.67356264591217	28.7897217841375	-1.45534962415695	0.0394288575649262	0.461824667077538
sub-57900	E84	DIN6	60	0.202	0.302	0.266	0.366	0.3	-0.674411594867706	0.352	0.707183182239532	26.5691303289854	-1.45534962415695	0.0394288575649262	0.461824667077538
sub-57900	E84	DIN7	70	0.202	0.302	0.266	0.366	0.244	0.67697536945343	0.348	1.12391805648804	4.29752583687122	-1.45534962415695	0.0394288575649262	0.461824667077538
sub-57900	E84	DIN8	80	0.202	0.302	0.266	0.366	0.208	-1.01721477508545	0.36	0.914361298084259	12.7077373234849	-1.45534962415695	0.0394288575649262	0.461824667077538
sub-57900	E84	DIN9	90	0.202	0.302	0.266	0.366	0.216	-1.16982460021973	0.312	1.14652013778687	24.128591020902	-1.45534962415695	0.0394288575649262	0.461824667077538
sub-57900	E85	DI10	100	0.202	0.302	0.266	0.366	0.24	-1.09035801887512	0.324	1.84659278392792	34.9637000333695	-1.19495273828506	0.0331536412239075	0.94137266490971
sub-57900	E85	DIN6	60	0.202	0.302	0.266	0.366	0.204	0.653440117835999	0.352	1.10514533519745	3.05206227946926	-1.19495273828506	0.0331536412239075	0.94137266490971
sub-57900	E85	DIN7	70	0.202	0.302	0.266	0.366	0.204	-0.780137419700623	0.348	0.962732315063477	12.1032620469729	-1.19495273828506	0.0331536412239075	0.94137266490971
sub-57900	E85	DIN8	80	0.202	0.302	0.266	0.366	0.208	-0.952682912349701	0.36	1.11474144458771	13.601476032483	-1.19495273828506	0.0331536412239075	0.94137266490971
sub-57900	E85	DIN9	90	0.202	0.302	0.266	0.366	0.216	-1.30632281303406	0.272	-1.21858012676239	1.56683368342263	-1.19495273828506	0.0331536412239075	0.94137266490971
sub-57900	E86	DI10	100	0.202	0.302	0.266	0.366	0.24	-2.04857540130615	0.32	2.53323912620544	57.2726815938949	-4.29021174907685	0.0900121462345124	0.314387996392919
sub-57900	E86	DIN6	60	0.202	0.302	0.266	0.366	0.224	0.60573947429657	0.352	1.28992319107056	5.34518528729677	-4.29021174907685	0.0900121462345124	0.314387996392919
sub-57900	E86	DIN7	70	0.202	0.302	0.266	0.366	0.204	-1.28691792488098	0.336	1.25814664363861	19.2807921857545	-4.29021174907685	0.0900121462345124	0.314387996392919
sub-57900	E86	DIN8	80	0.202	0.302	0.266	0.366	0.208	-1.12530672550201	0.348	1.86641263961792	21.369424036571	-4.29021174907685	0.0900121462345124	0.314387996392919
sub-57900	E86	DIN9	90	0.202	0.302	0.266	0.366	0.216	-1.92240142822266	0.312	1.82861614227295	39.0730996926626	-4.29021174907685	0.0900121462345124	0.314387996392919
sub-57900	E87	DI10	100	0.202	0.302	0.266	0.366	0.24	-2.94085264205933	0.32	3.06105422973633	75.0238358974457	-6.52422149181366	0.119072486162186	0.850697525685427
sub-57900	E87	DIN6	60	0.202	0.302	0.266	0.366	0.204	0.544701814651489	0.336	1.34314715862274	6.04882836341858	-6.52422149181366	0.119072486162186	0.850697525685427
sub-57900	E87	DIN7	70	0.202	0.302	0.266	0.366	0.204	-1.31408476829529	0.348	1.33033239841461	18.3640081021521	-6.52422149181366	0.119072486162186	0.850697525685427
sub-57900	E87	DIN8	80	0.202	0.302	0.266	0.366	0.3	1.03684341907501	0.348	2.45521831512451	29.5494770010312	-6.52422149181366	0.119072486162186	0.850697525685427
sub-57900	E87	DIN9	90	0.202	0.302	0.266	0.366	0.216	-2.04213976860046	0.312	2.1026029586792	43.1744034091632	-6.52422149181366	0.119072486162186	0.850697525685427
sub-57900	E88	DI10	100	0.202	0.302	0.266	0.366	0.24	-3.5400390625	0.32	3.79061388969421	91.6331619024277	-6.90896946191788	0.129126042723656	1.41476693156264
sub-57900	E88	DIN6	60	0.202	0.302	0.266	0.366	0.248	-1.16512763500214	0.336	1.09907674789429	25.7295952601866	-6.90896946191788	0.129126042723656	1.41476693156264
sub-57900	E88	DIN7	70	0.202	0.302	0.266	0.366	0.204	-0.817267835140228	0.348	1.07847511768341	13.1648816168308	-6.90896946191788	0.129126042723656	1.41476693156264
sub-57900	E88	DIN8	80	0.202	0.302	0.266	0.366	0.3	1.6774320602417	0.348	2.61695146560669	19.573320945104	-6.90896946191788	0.129126042723656	1.41476693156264
sub-57900	E88	DIN9	90	0.202	0.302	0.266	0.366	0.216	-2.4327335357666	0.312	2.24271655082703	48.7026050686836	-6.90896946191788	0.129126042723656	1.41476693156264
sub-57900	E89	DI10	100	0.202	0.302	0.266	0.366	0.236	-3.04500532150269	0.32	3.47677564620972	77.6402496156238	-7.0985245347023	0.124971848130226	1.43522704727482
sub-57900	E89	DIN6	60	0.202	0.302	0.266	0.366	0.248	-0.799165844917297	0.324	1.503089427948	30.2928325377013	-7.0985245347023	0.124971848130226	1.43522704727482
sub-57900	E89	DIN7	70	0.202	0.302	0.266	0.366	0.264	0.762004315853119	0.328	1.06189095973969	4.6857288107276	-7.0985245347023	0.124971848130226	1.43522704727482
sub-57900	E89	DIN8	80	0.202	0.302	0.266	0.366	0.3	1.37892115116119	0.356	2.39309477806091	18.110243337495	-7.0985245347023	0.124971848130226	1.43522704727482
sub-57900	E89	DIN9	90	0.202	0.302	0.266	0.366	0.232	-2.22911047935486	0.32	2.12890958786011	49.522955309261	-7.0985245347023	0.124971848130226	1.43522704727482
sub-57900	E90	DI10	100	0.202	0.302	0.266	0.366	0.248	-3.4089503288269	0.32	3.3628523349762	94.052814775043	-2.43906389474868	0.0615260952711105	2.16277106246474
sub-57900	E90	DIN6	60	0.202	0.302	0.266	0.366	0.244	-1.22038733959198	0.324	1.54050850868225	34.5111981034279	-2.43906389474868	0.0615260952711105	2.16277106246474
sub-57900	E90	DIN7	70	0.202	0.302	0.266	0.366	0.216	-0.91363251209259	0.328	0.955571591854095	16.6893223566668	-2.43906389474868	0.0615260952711105	2.16277106246474
sub-57900	E90	DIN8	80	0.202	0.302	0.266	0.366	0.3	1.31514048576355	0.348	2.32835650444031	21.1086670557658	-2.43906389474868	0.0615260952711105	2.16277106246474
sub-57900	E90	DIN9	90	0.202	0.302	0.266	0.366	0.3	2.35003018379211	0.3	2.35003018379211	n/a	-2.43906389474868	0.0615260952711105	2.16277106246474
sub-57900	E91	DI10	100	0.202	0.302	0.266	0.366	0.252	4.15622091293335	0.32	-2.61565065383911	-99.5863465701832	9.80347521305084	-0.152779146432877	1.46768827084951
sub-57900	E91	DIN6	60	0.202	0.302	0.266	0.366	0.224	2.40516138076782	0.272	1.26132822036743	-23.8298575083415	9.80347521305084	-0.152779146432877	1.46768827084951
sub-57900	E91	DIN7	70	0.202	0.302	0.266	0.366	0.268	1.93966853618622	0.268	1.93966853618622	n/a	9.80347521305084	-0.152779146432877	1.46768827084951
sub-57900	E91	DIN8	80	0.202	0.302	0.266	0.366	0.236	2.44010543823242	0.272	2.28336548805237	-4.35388750500149	9.80347521305084	-0.152779146432877	1.46768827084951
sub-57900	E91	DIN9	90	0.202	0.302	0.266	0.366	0.248	1.94027721881866	0.32	-2.08156061172485	-55.8588587575489	9.80347521305084	-0.152779146432877	1.46768827084951
sub-57900	E92	DI10	100	0.202	0.302	0.266	0.366	0.256	4.08720541000366	0.268	2.78282260894775	-108.698566754659	2.37821922302246	-0.0472905862331391	1.13752449283093
sub-57900	E92	DIN6	60	0.202	0.302	0.266	0.366	0.224	2.20114612579346	0.272	1.37260735034943	-17.2612244884173	2.37821922302246	-0.0472905862331391	1.13752449283093
sub-57900	E92	DIN7	70	0.202	0.302	0.266	0.366	0.26	1.40598845481873	0.276	1.2403312921524	-10.353572666645	2.37821922302246	-0.0472905862331391	1.13752449283093
sub-57900	E92	DIN8	80	0.202	0.302	0.266	0.366	0.24	3.0488178730011	0.272	2.26528596878052	-24.4853720068931	2.37821922302246	-0.0472905862331391	1.13752449283093
sub-57900	E92	DIN9	90	0.202	0.302	0.266	0.366	0.244	2.12118434906006	0.32	-1.82184338569641	-51.8819438783746	2.37821922302246	-0.0472905862331391	1.13752449283093
sub-57900	E93	DI10	100	0.202	0.302	0.266	0.366	0.228	0.684912264347076	0.356	1.14467024803162	3.59185924753547	2.04842792749405	-0.0187102240324021	0.316153620517056
sub-57900	E93	DIN6	60	0.202	0.302	0.266	0.366	0.3	-0.628446877002716	0.352	0.733072936534882	26.1830733372615	2.04842792749405	-0.0187102240324021	0.316153620517056
sub-57900	E93	DIN7	70	0.202	0.302	0.266	0.366	0.264	0.997882902622223	0.348	1.30049169063568	3.60248557158879	2.04842792749405	-0.0187102240324021	0.316153620517056
sub-57900	E93	DIN8	80	0.202	0.302	0.266	0.366	0.208	-0.983660042285919	0.332	-0.584606647491455	3.21817253866503	2.04842792749405	-0.0187102240324021	0.316153620517056
sub-57900	E93	DIN9	90	0.202	0.302	0.266	0.366	0.216	-1.26202869415283	0.356	-1.02691864967346	1.67935746056693	2.04842792749405	-0.0187102240324021	0.316153620517056
sub-57900	E94	DI10	100	0.202	0.302	0.266	0.366	0.28	-0.74039101600647	0.356	1.29458665847778	26.7760220326876	-3.79007837772369	0.0569537138938904	0.668473554515936
sub-57900	E94	DIN6	60	0.202	0.302	0.266	0.366	0.3	-0.697895109653473	0.3	-0.697895109653473	n/a	-3.79007837772369	0.0569537138938904	0.668473554515936
sub-57900	E94	DIN7	70	0.202	0.302	0.266	0.366	0.244	0.906021058559418	0.348	1.2511842250824	3.3188766011825	-3.79007837772369	0.0569537138938904	0.668473554515936
sub-57900	E94	DIN8	80	0.202	0.302	0.266	0.366	0.236	1.22134006023407	0.36	0.701713681221008	-4.19053531462146	-3.79007837772369	0.0569537138938904	0.668473554515936
sub-57900	E94	DIN9	90	0.202	0.302	0.266	0.366	0.216	-1.12579238414764	0.312	0.844786822795868	20.5268667389949	-3.79007837772369	0.0569537138938904	0.668473554515936
sub-57900	E95	DI10	100	0.202	0.302	0.266	0.366	0.228	0.73664927482605	0.324	1.53174805641174	8.28227897485097	2.00966840982437	-0.0131283962726593	0.692826944216391
sub-57900	E95	DIN6	60	0.202	0.302	0.266	0.366	0.3	-0.654159724712372	0.352	0.803048610687256	28.0232372192236	2.00966840982437	-0.0131283962726593	0.692826944216391
sub-57900	E95	DIN7	70	0.202	0.302	0.266	0.366	0.244	0.930193543434143	0.348	1.15893661975861	2.19945265696599	2.00966840982437	-0.0131283962726593	0.692826944216391
sub-57900	E95	DIN8	80	0.202	0.302	0.266	0.366	0.208	-1.00525915622711	0.36	1.07055163383484	13.6566499346181	2.00966840982437	-0.0131283962726593	0.692826944216391
sub-57900	E95	DIN9	90	0.202	0.302	0.266	0.366	0.216	-1.2613080739975	0.276	-1.0211855173111	4.00204261144002	2.00966840982437	-0.0131283962726593	0.692826944216391
sub-57900	E96	DI10	100	0.202	0.302	0.266	0.366	0.26	0.930139601230621	0.324	1.75262677669525	12.8513621166348	-1.97650253772736	0.0342903602123261	0.573675898960549
sub-57900	E96	DIN6	60	0.202	0.302	0.266	0.366	0.224	0.801253139972687	0.352	0.934359848499298	1.03989616036415	-1.97650253772736	0.0342903602123261	0.573675898960549
sub-57900	E96	DIN7	70	0.202	0.302	0.266	0.366	0.272	1.22698760032654	0.348	1.34542632102966	1.55840421977796	-1.97650253772736	0.0342903602123261	0.573675898960549
sub-57900	E96	DIN8	80	0.202	0.302	0.266	0.366	0.208	-1.38621270656586	0.284	-0.795327723026276	7.77480241499449	-1.97650253772736	0.0342903602123261	0.573675898960549
sub-57900	E96	DIN9	90	0.202	0.302	0.266	0.366	0.216	-1.07187461853027	0.312	1.09683918952942	22.5907688339551	-1.97650253772736	0.0342903602123261	0.573675898960549
sub-57900	E97	DI10	100	0.202	0.302	0.266	0.366	0.26	1.45727241039276	0.324	1.42561101913452	-0.494709238409996	-1.40047215223313	0.0242104232311249	0.99363732595704
sub-57900	E97	DIN6	60	0.202	0.302	0.266	0.366	0.224	0.87311589717865	0.352	0.949484169483185	0.596627127379179	-1.40047215223313	0.0242104232311249	0.99363732595704
sub-57900	E97	DIN7	70	0.202	0.302	0.266	0.366	0.272	1.54164755344391	0.272	1.54164755344391	n/a	-1.40047215223313	0.0242104232311249	0.99363732595704
sub-57900	E97	DIN8	80	0.202	0.302	0.266	0.366	0.268	1.72726452350616	0.268	1.72726452350616	n/a	-1.40047215223313	0.0242104232311249	0.99363732595704
sub-57900	E97	DIN9	90	0.202	0.302	0.266	0.366	0.22	-1.50574588775635	0.312	1.13135576248169	28.6641483721526	-1.40047215223313	0.0242104232311249	0.99363732595704
sub-57900	E98	DI10	100	0.202	0.302	0.266	0.366	0.256	0.855353355407715	0.324	1.81355690956116	14.0912287375506	2.23226990699768	-0.0175225341320038	0.718376098830046
sub-57900	E98	DIN6	60	0.202	0.302	0.266	0.366	0.276	-1.02025640010834	0.352	1.15864670276642	28.6697776694047	2.23226990699768	-0.0175225341320038	0.718376098830046
sub-57900	E98	DIN7	70	0.202	0.302	0.266	0.366	0.272	1.22054624557495	0.348	1.33613550662994	1.52091132967096	2.23226990699768	-0.0175225341320038	0.718376098830046
sub-57900	E98	DIN8	80	0.202	0.302	0.266	0.366	0.268	1.76196277141571	0.348	1.85686779022217	1.18631273508072	2.23226990699768	-0.0175225341320038	0.718376098830046
sub-57900	E98	DIN9	90	0.202	0.302	0.266	0.366	0.22	-1.84667193889618	0.268	-1.04193699359894	16.7653113603592	2.23226990699768	-0.0175225341320038	0.718376098830046
sub-57900	E99	DI10	100	0.202	0.302	0.266	0.366	0.26	1.0152393579483	0.324	1.49292647838593	7.46386125683784	-1.13395335674286	0.0176950788497925	0.251067728298371
sub-57900	E99	DIN6	60	0.202	0.302	0.266	0.366	0.224	0.983217358589172	0.352	1.0220320224762	0.303239561617374	-1.13395335674286	0.0176950788497925	0.251067728298371
sub-57900	E99	DIN7	70	0.202	0.302	0.266	0.366	0.272	1.36770272254944	0.272	1.36770272254944	n/a	-1.13395335674286	0.0176950788497925	0.251067728298371
sub-57900	E99	DIN8	80	0.202	0.302	0.266	0.366	0.268	2.26557517051697	0.268	2.26557517051697	n/a	-1.13395335674286	0.0176950788497925	0.251067728298371
sub-57900	E99	DIN9	90	0.202	0.302	0.266	0.366	0.216	-1.89552307128906	0.276	-1.00376009941101	14.8627161979675	-1.13395335674286	0.0176950788497925	0.251067728298371
sub-57900	E100	DI10	100	0.202	0.302	0.266	0.366	0.208	-1.71722984313965	0.32	1.93675553798676	32.6248694743429	-5.91734364032746	0.0940489661693573	0.543815326831765
sub-57900	E100	DIN6	60	0.202	0.302	0.266	0.366	0.22	1.16365611553192	0.348	1.6012669801712	3.41883487999439	-5.91734364032746	0.0940489661693573	0.543815326831765
sub-57900	E100	DIN7	70	0.202	0.302	0.266	0.366	0.26	1.48702836036682	0.272	1.43817579746246	-4.07104690869649	-5.91734364032746	0.0940489661693573	0.543815326831765
sub-57900	E100	DIN8	80	0.202	0.302	0.266	0.366	0.28	1.3528665304184	0.356	2.41969609260559	14.0372310814105	-5.91734364032746	0.0940489661693573	0.543815326831765
sub-57900	E100	DIN9	90	0.202	0.302	0.266	0.366	0.232	-1.79126977920532	0.324	1.13202524185181	31.7749458810557	-5.91734364032746	0.0940489661693573	0.543815326831765
sub-57900	E101	DI10	100	0.202	0.302	0.266	0.366	0.26	2.83306002616882	0.3	2.81542229652405	-0.440943241119385	0.157257413864134	0.0036708188056946	0.545179594644578
sub-57900	E101	DIN6	60	0.202	0.302	0.266	0.366	0.22	2.76414203643799	0.348	2.65587067604065	-0.84587000310421	0.157257413864134	0.0036708188056946	0.545179594644578
sub-57900	E101	DIN7	70	0.202	0.302	0.266	0.366	0.216	-2.60759544372559	0.344	-2.22268843650818	3.00708599388599	0.157257413864134	0.0036708188056946	0.545179594644578
sub-57900	E101	DIN8	80	0.202	0.302	0.266	0.366	0.28	2.9062716960907	0.356	4.33116674423218	18.7486190544932	0.157257413864134	0.0036708188056946	0.545179594644578
sub-57900	E101	DIN9	90	0.202	0.302	0.266	0.366	0.264	2.56284284591675	0.356	3.13356447219849	6.20349593784498	0.157257413864134	0.0036708188056946	0.545179594644578
sub-57900	E102	DI10	100	0.202	0.302	0.266	0.366	0.248	3.68804216384888	0.304	-2.22223997116089	-105.540752410889	4.99415500164032	-0.0935765850543976	1.82867151298305
sub-57900	E102	DIN6	60	0.202	0.302	0.266	0.366	0.224	1.81991243362427	0.328	-1.18424844741821	-28.8861623177162	4.99415500164032	-0.0935765850543976	1.82867151298305
sub-57900	E102	DIN7	70	0.202	0.302	0.266	0.366	0.272	2.21766138076782	0.272	2.21766138076782	n/a	4.99415500164032	-0.0935765850543976	1.82867151298305
sub-57900	E102	DIN8	80	0.202	0.302	0.266	0.366	0.272	2.36644077301025	0.272	2.36644077301025	n/a	4.99415500164032	-0.0935765850543976	1.82867151298305
sub-57900	E102	DIN9	90	0.202	0.302	0.266	0.366	0.252	2.03601098060608	0.332	-1.50940501689911	-44.3176999688148	4.99415500164032	-0.0935765850543976	1.82867151298305
sub-57900	E103	DI10	100	0.202	0.302	0.266	0.366	0.248	3.18229722976685	0.304	-1.78550362586975	-88.7107295649392	4.66846697330475	-0.0833592772483826	1.45465609574139
sub-57900	E103	DIN6	60	0.202	0.302	0.266	0.366	0.224	1.41770195960999	0.34	-0.793381094932556	-19.0610608150219	4.66846697330475	-0.0833592772483826	1.45465609574139
sub-57900	E103	DIN7	70	0.202	0.302	0.266	0.366	0.272	2.13766670227051	0.272	2.13766670227051	n/a	4.66846697330475	-0.0833592772483826	1.45465609574139
sub-57900	E103	DIN8	80	0.202	0.302	0.266	0.366	0.272	2.08264708518982	0.272	2.08264708518982	n/a	4.66846697330475	-0.0833592772483826	1.45465609574139
sub-57900	E103	DIN9	90	0.202	0.302	0.266	0.366	0.252	1.4979749917984	0.3	-1.32451713085175	-58.8019192218781	4.66846697330475	-0.0833592772483826	1.45465609574139
sub-57900	E104	DI10	100	0.202	0.302	0.266	0.366	0.26	1.19264876842499	0.356	1.33302068710327	1.46220748623212	-1.56443101167679	0.0244753521680832	0.696428324677003
sub-57900	E104	DIN6	60	0.202	0.302	0.266	0.366	0.224	0.664988160133362	0.352	0.551928997039795	-0.883274711668492	-1.56443101167679	0.0244753521680832	0.696428324677003
sub-57900	E104	DIN7	70	0.202	0.302	0.266	0.366	0.268	1.54408729076385	0.268	1.54408729076385	n/a	-1.56443101167679	0.0244753521680832	0.696428324677003
sub-57900	E104	DIN8	80	0.202	0.302	0.266	0.366	0.268	1.56096482276917	0.268	1.56096482276917	n/a	-1.56443101167679	0.0244753521680832	0.696428324677003
sub-57900	E104	DIN9	90	0.202	0.302	0.266	0.366	0.216	-1.12238895893097	0.312	0.818284094333649	20.2153443048398	-1.56443101167679	0.0244753521680832	0.696428324677003
sub-57900	E105	DI10	100	0.202	0.302	0.266	0.366	0.26	1.19701933860779	0.356	1.30889689922333	1.16539125641187	-1.48915580511093	0.0231409990787506	0.754877731275077
sub-57900	E105	DIN6	60	0.202	0.302	0.266	0.366	0.224	0.801982223987579	0.352	0.721067547798157	-0.632145907729864	-1.48915580511093	0.0231409990787506	0.754877731275077
sub-57900	E105	DIN7	70	0.202	0.302	0.266	0.366	0.272	1.56029736995697	0.348	1.61859953403473	0.767133737865248	-1.48915580511093	0.0231409990787506	0.754877731275077
sub-57900	E105	DIN8	80	0.202	0.302	0.266	0.366	0.236	1.49780631065369	0.268	1.2323442697525	-8.295688778162	-1.48915580511093	0.0231409990787506	0.754877731275077
sub-57900	E105	DIN9	90	0.202	0.302	0.266	0.366	0.216	-1.01265251636505	0.312	0.974165081977844	20.6960166494052	-1.48915580511093	0.0231409990787506	0.754877731275077
sub-57900	E106	DI10	100	0.202	0.302	0.266	0.366	0.26	1.51651358604431	0.352	1.18654239177704	-3.58664341594862	-1.1964586019516	0.0183574867248535	0.813795670030213
sub-57900	E106	DIN6	60	0.202	0.302	0.266	0.366	0.224	1.36492443084717	0.352	1.0965850353241	-2.09640152752399	-1.1964586019516	0.0183574867248535	0.813795670030213
sub-57900	E106	DIN7	70	0.202	0.302	0.266	0.366	0.272	1.49202072620392	0.272	1.49202072620392	n/a	-1.1964586019516	0.0183574867248535	0.813795670030213
sub-57900	E106	DIN8	80	0.202	0.302	0.266	0.366	0.268	1.85654509067535	0.268	1.85654509067535	n/a	-1.1964586019516	0.0183574867248535	0.813795670030213
sub-57900	E106	DIN9	90	0.202	0.302	0.266	0.366	0.216	-1.11611688137054	0.312	0.84289538860321	20.4063778122266	-1.1964586019516	0.0183574867248535	0.813795670030213
sub-57900	E107	DI10	100	0.202	0.302	0.266	0.366	0.256	1.32839751243591	0.364	1.1098165512085	-2.02389778914275	-0.544518208503724	0.0078200662136078	0.365909101444499
sub-57900	E107	DIN6	60	0.202	0.302	0.266	0.366	0.224	1.15457832813263	0.352	0.956194281578064	-1.54987536370754	-0.544518208503724	0.0078200662136078	0.365909101444499
sub-57900	E107	DIN7	70	0.202	0.302	0.266	0.366	0.272	1.52291619777679	0.272	1.52291619777679	n/a	-0.544518208503724	0.0078200662136078	0.365909101444499
sub-57900	E107	DIN8	80	0.202	0.302	0.266	0.366	0.268	2.40721750259399	0.268	2.40721750259399	n/a	-0.544518208503724	0.0078200662136078	0.365909101444499
sub-57900	E107	DIN9	90	0.202	0.302	0.266	0.366	0.22	-1.75091886520386	0.28	-0.928518414497375	13.7066741784414	-0.544518208503724	0.0078200662136078	0.365909101444499
sub-57900	E108	DI10	100	0.202	0.302	0.266	0.366	0.244	1.24592435359955	0.324	1.0982494354248	-1.8459364771843	-1.32065062522888	0.0219920086860657	0.927545108125648
sub-57900	E108	DIN6	60	0.202	0.302	0.266	0.366	0.224	1.36963868141174	0.352	1.31853020191193	-0.39928499609232	-1.32065062522888	0.0219920086860657	0.927545108125648
sub-57900	E108	DIN7	70	0.202	0.302	0.266	0.366	0.272	1.30996441841125	0.272	1.30996441841125	n/a	-1.32065062522888	0.0219920086860657	0.927545108125648
sub-57900	E108	DIN8	80	0.202	0.302	0.266	0.366	0.268	2.21232056617737	0.268	2.21232056617737	n/a	-1.32065062522888	0.0219920086860657	0.927545108125648
sub-57900	E108	DIN9	90	0.202	0.302	0.266	0.366	0.22	-1.66784489154816	0.312	0.724488854408264	26.0036276734394	-1.32065062522888	0.0219920086860657	0.927545108125648
sub-57900	E109	DI10	100	0.202	0.302	0.266	0.366	0.26	0.97609943151474	0.324	1.21732878684998	3.76920867711306	-1.828888463974	0.030029121041298	0.874788923324216
sub-57900	E109	DIN6	60	0.202	0.302	0.266	0.366	0.224	1.24962878227234	0.352	1.2443151473999	-0.0415127724409103	-1.828888463974	0.030029121041298	0.874788923324216
sub-57900	E109	DIN7	70	0.202	0.302	0.266	0.366	0.272	1.1248642206192	0.272	1.1248642206192	n/a	-1.828888463974	0.030029121041298	0.874788923324216
sub-57900	E109	DIN8	80	0.202	0.302	0.266	0.366	0.268	2.08286762237549	0.36	2.20433187484741	1.32026361382526	-1.828888463974	0.030029121041298	0.874788923324216
sub-57900	E109	DIN9	90	0.202	0.302	0.266	0.366	0.22	-1.59222662448883	0.312	0.917599499225616	27.2807187360266	-1.828888463974	0.030029121041298	0.874788923324216
sub-57900	E110	DI10	100	0.202	0.302	0.266	0.366	0.256	2.29336977005005	0.336	1.18907237052917	-13.8037174940109	-0.792901003360752	0.0127425795793534	1.19010888387619
sub-57900	E110	DIN6	60	0.202	0.302	0.266	0.366	0.22	1.59665203094482	0.348	1.06844007968903	-4.12665586918593	-0.792901003360752	0.0127425795793534	1.19010888387619
sub-57900	E110	DIN7	70	0.202	0.302	0.266	0.366	0.272	2.13306832313538	0.272	2.13306832313538	n/a	-0.792901003360752	0.0127425795793534	1.19010888387619
sub-57900	E110	DIN8	80	0.202	0.302	0.266	0.366	0.264	2.11199545860291	0.356	2.45060276985168	3.68051425270412	-0.792901003360752	0.0127425795793534	1.19010888387619
sub-57900	E110	DIN9	90	0.202	0.302	0.266	0.366	0.212	-1.52269637584686	0.352	0.903732478618622	17.3316346747535	-0.792901003360752	0.0127425795793534	1.19010888387619
sub-57900	E111	DI10	100	0.202	0.302	0.266	0.366	0.248	3.3165180683136	0.268	1.81045436859131	-75.3031849861144	-0.718370401859283	-0.00853260278701783	1.23107910008535
sub-57900	E111	DIN6	60	0.202	0.302	0.266	0.366	0.224	1.69325172901154	0.32	-0.859313786029816	-26.5892241150141	-0.718370401859283	-0.00853260278701783	1.23107910008535
sub-57900	E111	DIN7	70	0.202	0.302	0.266	0.366	0.272	2.95264720916748	0.272	2.95264720916748	n/a	-0.718370401859283	-0.00853260278701783	1.23107910008535
sub-57900	E111	DIN8	80	0.202	0.302	0.266	0.366	0.272	2.1829559803009	0.272	2.1829559803009	n/a	-0.718370401859283	-0.00853260278701783	1.23107910008535
sub-57900	E111	DIN9	90	0.202	0.302	0.266	0.366	0.252	1.72387301921844	0.3	-1.22239089012146	-61.380498111248	-0.718370401859283	-0.00853260278701783	1.23107910008535
sub-57900	E112	DI10	100	0.202	0.302	0.266	0.366	0.252	2.18528366088867	0.268	1.17654883861542	-63.0459263920783	1.66180912256241	-0.0303003484010697	0.695105523078668
sub-57900	E112	DIN6	60	0.202	0.302	0.266	0.366	0.224	1.16164195537567	0.352	0.565044045448303	-4.66092117130756	1.66180912256241	-0.0303003484010697	0.695105523078668
sub-57900	E112	DIN7	70	0.202	0.302	0.266	0.366	0.272	2.42283010482788	0.272	2.42283010482788	n/a	1.66180912256241	-0.0303003484010697	0.695105523078668
sub-57900	E112	DIN8	80	0.202	0.302	0.266	0.366	0.272	2.14007019996643	0.272	2.14007019996643	n/a	1.66180912256241	-0.0303003484010697	0.695105523078668
sub-57900	E112	DIN9	90	0.202	0.302	0.266	0.366	0.256	1.21331322193146	0.3	-0.992447793483734	-50.1309321685271	1.66180912256241	-0.0303003484010697	0.695105523078668
sub-57900	E113	DI10	100	0.202	0.302	0.266	0.366	0.256	1.45354902744293	0.356	1.07636952400208	-3.77179503440857	-0.968798637390139	0.0124469125270844	0.498955844698713
sub-57900	E113	DIN6	60	0.202	0.302	0.266	0.366	0.224	1.53041338920593	0.352	1.03471374511719	-3.87265346944332	-0.968798637390139	0.0124469125270844	0.498955844698713
sub-57900	E113	DIN7	70	0.202	0.302	0.266	0.366	0.272	1.85462474822998	0.272	1.85462474822998	n/a	-0.968798637390139	0.0124469125270844	0.498955844698713
sub-57900	E113	DIN8	80	0.202	0.302	0.266	0.366	0.268	2.39778351783752	0.268	2.39778351783752	n/a	-0.968798637390139	0.0124469125270844	0.498955844698713
sub-57900	E113	DIN9	90	0.202	0.302	0.266	0.366	0.22	-1.63901996612549	0.276	-0.63136899471283	17.9937673466546	-0.968798637390139	0.0124469125270844	0.498955844698713
sub-57900	E114	DI10	100	0.202	0.302	0.266	0.366	0.252	1.41650605201721	0.356	0.969868779182434	-4.29458916187286	-0.588426637649538	0.00752885580062868	0.464918982974695
sub-57900	E114	DIN6	60	0.202	0.302	0.266	0.366	0.224	1.58084321022034	0.352	1.20413863658905	-2.94300448149443	-0.588426637649538	0.00752885580062868	0.464918982974695
sub-57900	E114	DIN7	70	0.202	0.302	0.266	0.366	0.272	1.63018655776978	0.272	1.63018655776978	n/a	-0.588426637649538	0.00752885580062868	0.464918982974695
sub-57900	E114	DIN8	80	0.202	0.302	0.266	0.366	0.268	2.34221649169922	0.268	2.34221649169922	n/a	-0.588426637649538	0.00752885580062868	0.464918982974695
sub-57900	E114	DIN9	90	0.202	0.302	0.266	0.366	0.22	-1.52825486660004	0.276	-0.635503888130188	15.9419817583901	-0.588426637649538	0.00752885580062868	0.464918982974695
sub-57900	E115	DI10	100	0.202	0.302	0.266	0.366	0.252	1.89988696575165	0.352	1.53820407390594	-3.61682891845703	-1.83848861455918	0.0266988915205002	0.982588597310034
sub-57900	E115	DIN6	60	0.202	0.302	0.266	0.366	0.212	1.4307347536087	0.352	0.915915250778198	-3.67728216307504	-1.83848861455918	0.0266988915205002	0.982588597310034
sub-57900	E115	DIN7	70	0.202	0.302	0.266	0.366	0.272	1.58322095870972	0.272	1.58322095870972	n/a	-1.83848861455918	0.0266988915205002	0.982588597310034
sub-57900	E115	DIN8	80	0.202	0.302	0.266	0.366	0.268	2.41432070732117	0.268	2.41432070732117	n/a	-1.83848861455918	0.0266988915205002	0.982588597310034
sub-57900	E115	DIN9	90	0.202	0.302	0.266	0.366	0.22	-1.60492205619812	0.312	0.758693873882294	25.6914775008741	-1.83848861455918	0.0266988915205002	0.982588597310034
sub-57900	E116	DI10	100	0.202	0.302	0.266	0.366	0.252	1.50016176700592	0.324	1.27685689926147	-3.10145649645064	-1.25604177713394	0.0200365763902665	0.845718708334813
sub-57900	E116	DIN6	60	0.202	0.302	0.266	0.366	0.224	1.58822739124298	0.352	1.4240471124649	-1.28265842795372	-1.25604177713394	0.0200365763902665	0.845718708334813
sub-57900	E116	DIN7	70	0.202	0.302	0.266	0.366	0.272	1.07244634628296	0.272	1.07244634628296	n/a	-1.25604177713394	0.0200365763902665	0.845718708334813
sub-57900	E116	DIN8	80	0.202	0.302	0.266	0.366	0.268	2.40903520584106	0.268	2.40903520584106	n/a	-1.25604177713394	0.0200365763902665	0.845718708334813
sub-57900	E116	DIN9	90	0.202	0.302	0.266	0.366	0.216	-1.50253736972809	0.312	0.619369447231293	22.1031960099936	-1.25604177713394	0.0200365763902665	0.845718708334813
sub-57900	E117	DI10	100	0.202	0.302	0.266	0.366	0.256	2.6624059677124	0.336	1.3396657705307	-16.5342524647713	-2.16730333566666	0.0166029518842697	0.863108021799129
sub-57900	E117	DIN6	60	0.202	0.302	0.266	0.366	0.22	1.55161690711975	0.336	-0.81182849407196	-20.3745293206182	-2.16730333566666	0.0166029518842697	0.863108021799129
sub-57900	E117	DIN7	70	0.202	0.302	0.266	0.366	0.272	2.21842670440674	0.272	2.21842670440674	n/a	-2.16730333566666	0.0166029518842697	0.863108021799129
sub-57900	E117	DIN8	80	0.202	0.302	0.266	0.366	0.264	2.09260559082031	0.356	2.00457048416138	-0.9569033332493	-2.16730333566666	0.0166029518842697	0.863108021799129
sub-57900	E117	DIN9	90	0.202	0.302	0.266	0.366	0.26	1.25695157051086	0.352	0.835836350917816	-4.5773393434027	-2.16730333566666	0.0166029518842697	0.863108021799129
sub-57900	E118	DI10	100	0.202	0.302	0.266	0.366	0.256	2.52991199493408	0.276	1.10674524307251	-71.1583375930786	-0.784386420249943	0.010725783109665	1.28293011008652
sub-57900	E118	DIN6	60	0.202	0.302	0.266	0.366	0.22	1.93104553222656	0.348	1.16973662376404	-5.94772584736347	-0.784386420249943	0.010725783109665	1.28293011008652
sub-57900	E118	DIN7	70	0.202	0.302	0.266	0.366	0.272	2.30504035949707	0.272	2.30504035949707	n/a	-0.784386420249943	0.010725783109665	1.28293011008652
sub-57900	E118	DIN8	80	0.202	0.302	0.266	0.366	0.264	2.18656945228577	0.356	2.34313225746155	1.70176962147588	-0.784386420249943	0.010725783109665	1.28293011008652
sub-57900	E118	DIN9	90	0.202	0.302	0.266	0.366	0.212	-1.38815021514893	0.352	1.00814378261566	17.1163856983185	-0.784386420249943	0.010725783109665	1.28293011008652
sub-57900	E119	DI10	100	0.202	0.302	0.266	0.366	0.256	2.91834425926208	0.3	1.57951247692108	-30.4279950532046	-4.41334428787232	0.0429075455665589	1.2525836909501
sub-57900	E119	DIN6	60	0.202	0.302	0.266	0.366	0.22	2.11023092269897	0.336	-1.43287312984467	-30.5440004529624	-4.41334428787232	0.0429075455665589	1.2525836909501
sub-57900	E119	DIN7	70	0.202	0.302	0.266	0.366	0.264	2.26164698600769	0.272	2.15944862365723	-12.774795293808	-4.41334428787232	0.0429075455665589	1.2525836909501
sub-57900	E119	DIN8	80	0.202	0.302	0.266	0.366	0.252	2.33423399925232	0.356	2.63465332984924	2.88864740958581	-4.41334428787232	0.0429075455665589	1.2525836909501
sub-57900	E119	DIN9	90	0.202	0.302	0.266	0.366	0.26	2.01511645317078	0.356	1.79512810707092	-2.29154527187347	-4.41334428787232	0.0429075455665589	1.2525836909501
sub-57900	E120	DI10	100	0.202	0.302	0.266	0.366	0.248	3.12121796607971	0.268	2.20837211608887	-45.6422924995422	-0.215977656841279	-0.00126275062561034	0.440043162468329
sub-57900	E120	DIN6	60	0.202	0.302	0.266	0.366	0.244	1.54428684711456	0.352	0.753767073154449	-7.31962753666772	-0.215977656841279	-0.00126275062561034	0.440043162468329
sub-57900	E120	DIN7	70	0.202	0.302	0.266	0.366	0.272	2.91875123977661	0.272	2.91875123977661	n/a	-0.215977656841279	-0.00126275062561034	0.440043162468329
sub-57900	E120	DIN8	80	0.202	0.302	0.266	0.366	0.272	2.00779366493225	0.272	2.00779366493225	n/a	-0.215977656841279	-0.00126275062561034	0.440043162468329
sub-57900	E120	DIN9	90	0.202	0.302	0.266	0.366	0.212	-1.50517988204956	0.3	-1.38680279254913	1.34519419886849	-0.215977656841279	-0.00126275062561034	0.440043162468329
sub-57900	E121	DI10	100	0.202	0.302	0.266	0.366	0.244	2.78782343864441	0.268	2.06996154785156	-29.9109121163686	-0.398031246662141	0.00215522170066835	0.401259955351408
sub-57900	E121	DIN6	60	0.202	0.302	0.266	0.366	0.224	1.51604211330414	0.304	0.828891575336456	-8.58938172459603	-0.398031246662141	0.00215522170066835	0.401259955351408
sub-57900	E121	DIN7	70	0.202	0.302	0.266	0.366	0.272	2.00314450263977	0.272	2.00314450263977	n/a	-0.398031246662141	0.00215522170066835	0.401259955351408
sub-57900	E121	DIN8	80	0.202	0.302	0.266	0.366	0.272	2.57659316062927	0.272	2.57659316062927	n/a	-0.398031246662141	0.00215522170066835	0.401259955351408
sub-57900	E121	DIN9	90	0.202	0.302	0.266	0.366	0.212	-1.4179048538208	0.3	-1.14095997810364	3.14710086042231	-0.398031246662141	0.00215522170066835	0.401259955351408
sub-57900	E122	DI10	100	0.202	0.302	0.266	0.366	0.244	2.62380361557007	0.268	1.86737048625946	-31.5180470546086	-0.474185347557069	0.00338113188743593	0.457170597508052
sub-57900	E122	DIN6	60	0.202	0.302	0.266	0.366	0.224	1.54408597946167	0.352	0.839745879173279	-5.50265703350306	-0.474185347557069	0.00338113188743593	0.457170597508052
sub-57900	E122	DIN7	70	0.202	0.302	0.266	0.366	0.272	1.94959211349487	0.272	1.94959211349487	n/a	-0.474185347557069	0.00338113188743593	0.457170597508052
sub-57900	E122	DIN8	80	0.202	0.302	0.266	0.366	0.268	2.48452520370483	0.268	2.48452520370483	n/a	-0.474185347557069	0.00338113188743593	0.457170597508052
sub-57900	E122	DIN9	90	0.202	0.302	0.266	0.366	0.212	-1.26229000091553	0.3	-0.819990754127502	5.02612780440937	-0.474185347557069	0.00338113188743593	0.457170597508052
sub-57900	E123	DI10	100	0.202	0.302	0.266	0.366	0.252	2.34669041633606	0.268	1.57020008563995	-48.5306456685066	-0.424064373970033	0.00356160402297976	0.517943974539478
sub-57900	E123	DIN6	60	0.202	0.302	0.266	0.366	0.212	1.45912384986877	0.352	0.849680185317993	-4.35316903250558	-0.424064373970033	0.00356160402297976	0.517943974539478
sub-57900	E123	DIN7	70	0.202	0.302	0.266	0.366	0.272	2.05020499229431	0.272	2.05020499229431	n/a	-0.424064373970033	0.00356160402297976	0.517943974539478
sub-57900	E123	DIN8	80	0.202	0.302	0.266	0.366	0.268	2.57033920288086	0.268	2.57033920288086	n/a	-0.424064373970033	0.00356160402297976	0.517943974539478
sub-57900	E123	DIN9	90	0.202	0.302	0.266	0.366	0.22	-1.34013962745667	0.3	-0.649885892868042	8.62817168235779	-0.424064373970033	0.00356160402297976	0.517943974539478
sub-57900	E124	DI10	100	0.202	0.302	0.266	0.366	0.252	2.53791975975037	0.272	1.45458459854126	-54.1667580604553	-0.906147623062137	0.0110798734426499	0.984393760957105
sub-57900	E124	DIN6	60	0.202	0.302	0.266	0.366	0.212	1.42463350296021	0.352	0.688351333141327	-5.25915835584913	-0.906147623062137	0.0110798734426499	0.984393760957105
sub-57900	E124	DIN7	70	0.202	0.302	0.266	0.366	0.272	2.24042558670044	0.272	2.24042558670044	n/a	-0.906147623062137	0.0110798734426499	0.984393760957105
sub-57900	E124	DIN8	80	0.202	0.302	0.266	0.366	0.264	2.4122371673584	0.276	2.33097243309021	-6.7720611890157	-0.906147623062137	0.0110798734426499	0.984393760957105
sub-57900	E124	DIN9	90	0.202	0.302	0.266	0.366	0.212	-1.16268026828766	0.352	0.639413058757782	12.8720951931817	-0.906147623062137	0.0110798734426499	0.984393760957105
sub-57900	E125	DI10	100	0.202	0.302	0.266	0.366	0.256	2.59729909896851	0.276	1.16137969493866	-71.7959702014923	-3.74604279994965	0.0355630600452423	1.21826995539336
sub-57900	E125	DIN6	60	0.202	0.302	0.266	0.366	0.22	2.09763884544373	0.336	-1.15846383571625	-28.0698506996549	-3.74604279994965	0.0355630600452423	1.21826995539336
sub-57900	E125	DIN7	70	0.202	0.302	0.266	0.366	0.272	2.40837597846985	0.272	2.40837597846985	n/a	-3.74604279994965	0.0355630600452423	1.21826995539336
sub-57900	E125	DIN8	80	0.202	0.302	0.266	0.366	0.264	2.31198596954346	0.356	2.58307862281799	2.94665927472322	-3.74604279994965	0.0355630600452423	1.21826995539336
sub-57900	E125	DIN9	90	0.202	0.302	0.266	0.366	0.26	1.467728972435	0.352	1.38366842269897	-0.913701627565467	-3.74604279994965	0.0355630600452423	1.21826995539336
sub-57900	E126	DI10	100	0.202	0.302	0.266	0.366	0.256	2.75026607513428	0.276	1.37695407867432	-68.665599822998	0.4762629032135	-0.0117273223400116	0.555595445278338
sub-57900	E126	DIN6	60	0.202	0.302	0.266	0.366	0.22	2.435706615448	0.348	1.54522454738617	-6.95689115673304	0.4762629032135	-0.0117273223400116	0.555595445278338
sub-57900	E126	DIN7	70	0.202	0.302	0.266	0.366	0.272	2.03846192359924	0.272	2.03846192359924	n/a	0.4762629032135	-0.0117273223400116	0.555595445278338
sub-57900	E126	DIN8	80	0.202	0.302	0.266	0.366	0.252	2.16433811187744	0.356	2.32559013366699	1.55050020951491	0.4762629032135	-0.0117273223400116	0.555595445278338
sub-57900	E126	DIN9	90	0.202	0.302	0.266	0.366	0.264	1.80578768253326	0.352	1.59871530532837	-2.35309519551017	0.4762629032135	-0.0117273223400116	0.555595445278338
sub-57900	E127	DI10	100	0.202	0.302	0.266	0.366	0.256	3.21931576728821	0.3	2.24930715560913	-22.0456502654336	-1.11859478950501	0.00986123323440555	0.701010473838073
sub-57900	E127	DIN6	60	0.202	0.302	0.266	0.366	0.22	3.02645683288574	0.344	2.08988356590271	-7.5530102176051	-1.11859478950501	0.00986123323440555	0.701010473838073
sub-57900	E127	DIN7	70	0.202	0.302	0.266	0.366	0.264	2.41694593429565	0.272	1.63415479660034	-97.848892211914	-1.11859478950501	0.00986123323440555	0.701010473838073
sub-57900	E127	DIN8	80	0.202	0.302	0.266	0.366	0.252	2.59010696411133	0.356	3.3607964515686	7.41047584093534	-1.11859478950501	0.00986123323440555	0.701010473838073
sub-57900	E127	DIN9	90	0.202	0.302	0.266	0.366	0.26	2.05634880065918	0.356	2.32655167579651	2.81461328268051	-1.11859478950501	0.00986123323440555	0.701010473838073
sub-57900	E128	DI10	100	0.202	0.302	0.266	0.366	0.3	2.46845436096191	0.3	2.46845436096191	n/a	-4.3424745798111	0.049233592748642	1.6259702083575
sub-57900	E128	DIN6	60	0.202	0.302	0.266	0.366	0.22	2.37252616882324	0.348	2.10848212242126	-2.06284411251545	-4.3424745798111	0.049233592748642	1.6259702083575
sub-57900	E128	DIN7	70	0.202	0.302	0.266	0.366	0.264	2.19388508796692	0.344	-1.56361532211304	-46.9687551259995	-4.3424745798111	0.049233592748642	1.6259702083575
sub-57900	E128	DIN8	80	0.202	0.302	0.266	0.366	0.28	2.29055309295654	0.356	3.6553909778595	17.9583932224073	-4.3424745798111	0.049233592748642	1.6259702083575
sub-57900	E128	DIN9	90	0.202	0.302	0.266	0.366	0.3	1.99181139469147	0.356	2.62958216667175	11.3887637853622	-4.3424745798111	0.049233592748642	1.6259702083575
sub-57900	E129	DI10	100	0.202	0.302	0.266	0.366	0.3	2.53713893890381	0.3	2.53713893890381	n/a	1.48904926776886	-0.0113789677619934	0.500996278956984
sub-57900	E129	DIN6	60	0.202	0.302	0.266	0.366	0.22	1.40671730041504	0.348	1.89891290664673	3.84527817368507	1.48904926776886	-0.0113789677619934	0.500996278956984
sub-57900	E129	DIN7	70	0.202	0.302	0.266	0.366	0.216	-1.59028732776642	0.344	-1.09661304950714	3.85683029890061	1.48904926776886	-0.0113789677619934	0.500996278956984
sub-57900	E129	DIN8	80	0.202	0.302	0.266	0.366	0.284	1.82434952259064	0.356	3.39197015762329	21.772508819898	1.48904926776886	-0.0113789677619934	0.500996278956984
sub-57900	E129	DIN9	90	0.202	0.302	0.266	0.366	0.3	2.08921837806702	0.356	2.42938709259033	6.07444133077349	1.48904926776886	-0.0113789677619934	0.500996278956984
sub-57900	E130	DI10	100	0.202	0.302	0.266	0.366	0.3	2.13383674621582	0.32	2.39838194847107	13.2272601127624	5.42981827259064	-0.0553032690286637	0.268959925523891
sub-57900	E130	DIN6	60	0.202	0.302	0.266	0.366	0.244	-0.786401808261871	0.324	1.4719170331955	28.2289855182171	5.42981827259064	-0.0553032690286637	0.268959925523891
sub-57900	E130	DIN7	70	0.202	0.302	0.266	0.366	0.216	-0.780374705791473	0.328	0.762404918670654	13.7748180755547	5.42981827259064	-0.0553032690286637	0.268959925523891
sub-57900	E130	DIN8	80	0.202	0.302	0.266	0.366	0.3	1.21904063224792	0.356	2.18118071556091	17.1810729163034	5.42981827259064	-0.0553032690286637	0.268959925523891
sub-57900	E130	DIN9	90	0.202	0.302	0.266	0.366	0.3	1.73852777481079	0.3	1.73852777481079	n/a	5.42981827259064	-0.0553032690286637	0.268959925523891
sub-57900	E131	DI10	100	0.202	0.302	0.266	0.366	0.244	-2.7640483379364	0.32	2.49132704734802	69.1496761221635	-3.21938440799713	0.0613266801834106	1.72099296681842
sub-57900	E131	DIN6	60	0.202	0.302	0.266	0.366	0.244	-1.11773002147675	0.32	0.96774697303772	27.4404867699272	-3.21938440799713	0.0613266801834106	1.72099296681842
sub-57900	E131	DIN7	70	0.202	0.302	0.266	0.366	0.292	0.629971981048584	0.316	0.837100744247437	8.63036513328552	-3.21938440799713	0.0613266801834106	1.72099296681842
sub-57900	E131	DIN8	80	0.202	0.302	0.266	0.366	0.3	1.15022277832031	0.348	2.03599166870117	18.4535185496012	-3.21938440799713	0.0613266801834106	1.72099296681842
sub-57900	E131	DIN9	90	0.202	0.302	0.266	0.366	0.3	1.84548425674438	0.3	1.84548425674438	n/a	-3.21938440799713	0.0613266801834106	1.72099296681842
sub-57900	E132	DI10	100	0.202	0.302	0.266	0.366	0.244	-4.16213798522949	0.32	3.03485727310181	94.697306030675	-2.47051948308944	0.0694798213243484	2.12540117332539
sub-57900	E132	DIN6	60	0.202	0.302	0.266	0.366	0.248	-1.64322197437286	0.32	1.10936629772186	38.2303926679823	-2.47051948308944	0.0694798213243484	2.12540117332539
sub-57900	E132	DIN7	70	0.202	0.302	0.266	0.366	0.228	-0.802676498889923	0.316	1.20329892635345	22.7951752868566	-2.47051948308944	0.0694798213243484	2.12540117332539
sub-57900	E132	DIN8	80	0.202	0.302	0.266	0.366	0.252	-1.44153714179993	0.32	1.97709143161774	50.2739496090833	-2.47051948308944	0.0694798213243484	2.12540117332539
sub-57900	E132	DIN9	90	0.202	0.302	0.266	0.366	0.3	2.12985134124756	0.32	2.19499492645264	3.2571792602539	-2.47051948308944	0.0694798213243484	2.12540117332539
sub-57900	E133	DI10	100	0.202	0.302	0.266	0.366	0.244	2.99521398544312	0.268	2.29221987724304	-29.291421175003	-0.614506661891938	0.00467172622680666	0.422584094903799
sub-57900	E133	DIN6	60	0.202	0.302	0.266	0.366	0.212	1.60089731216431	0.304	0.810138165950775	-8.59520811101665	-0.614506661891938	0.00467172622680666	0.422584094903799
sub-57900	E133	DIN7	70	0.202	0.302	0.266	0.366	0.272	2.12664890289307	0.272	2.12664890289307	n/a	-0.614506661891938	0.00467172622680666	0.422584094903799
sub-57900	E133	DIN8	80	0.202	0.302	0.266	0.366	0.264	2.53268218040466	0.272	2.53095006942749	-0.216513872146606	-0.614506661891938	0.00467172622680666	0.422584094903799
sub-57900	E133	DIN9	90	0.202	0.302	0.266	0.366	0.212	-1.49600040912628	0.3	-1.20435786247253	3.31411984833804	-0.614506661891938	0.00467172622680666	0.422584094903799
sub-57900	E134	DI10	100	0.202	0.302	0.266	0.366	0.252	2.8603413105011	0.268	2.1111855506897	-46.8222349882125	-0.554809832572939	0.00450581431388857	0.474816279971755
sub-57900	E134	DIN6	60	0.202	0.302	0.266	0.366	0.212	1.54634189605713	0.352	0.822521686553955	-5.1701443535941	-0.554809832572939	0.00450581431388857	0.474816279971755
sub-57900	E134	DIN7	70	0.202	0.302	0.266	0.366	0.272	2.17948150634766	0.272	2.17948150634766	n/a	-0.554809832572939	0.00450581431388857	0.474816279971755
sub-57900	E134	DIN8	80	0.202	0.302	0.266	0.366	0.272	2.51547050476074	0.272	2.51547050476074	n/a	-0.554809832572939	0.00450581431388857	0.474816279971755
sub-57900	E134	DIN9	90	0.202	0.302	0.266	0.366	0.212	-1.50768876075745	0.3	-1.00643622875214	5.69605150006034	-0.554809832572939	0.00450581431388857	0.474816279971755
sub-57900	E135	DI10	100	0.202	0.302	0.266	0.366	0.252	2.57778549194336	0.268	1.61609077453613	-60.1059198379516	0.409642016887665	-0.0112751346826553	0.332306606744415
sub-57900	E135	DIN6	60	0.202	0.302	0.266	0.366	0.212	1.94549524784088	0.352	1.22097671031952	-5.17513241086687	0.409642016887665	-0.0112751346826553	0.332306606744415
sub-57900	E135	DIN7	70	0.202	0.302	0.266	0.366	0.272	1.43256986141205	0.272	1.43256986141205	n/a	0.409642016887665	-0.0112751346826553	0.332306606744415
sub-57900	E135	DIN8	80	0.202	0.302	0.266	0.366	0.264	2.59060740470886	0.268	2.46813797950745	-30.617356300354	0.409642016887665	-0.0112751346826553	0.332306606744415
sub-57900	E135	DIN9	90	0.202	0.302	0.266	0.366	0.256	1.28436076641083	0.312	0.631199657917023	-11.6635912231037	0.409642016887665	-0.0112751346826553	0.332306606744415
sub-57900	E136	DI10	100	0.202	0.302	0.266	0.366	0.256	2.94965577125549	0.276	1.60417664051056	-67.2739565372466	-1.15196090936661	0.0143690741062165	1.2667712658327
sub-57900	E136	DIN6	60	0.202	0.302	0.266	0.366	0.22	1.87603938579559	0.324	0.997731268405914	-8.44527035951614	-1.15196090936661	0.0143690741062165	1.2667712658327
sub-57900	E136	DIN7	70	0.202	0.302	0.266	0.366	0.272	2.28121948242188	0.272	2.28121948242188	n/a	-1.15196090936661	0.0143690741062165	1.2667712658327
sub-57900	E136	DIN8	80	0.202	0.302	0.266	0.366	0.264	1.65969359874725	0.356	1.50005650520325	-1.73518579939137	-1.15196090936661	0.0143690741062165	1.2667712658327
sub-57900	E136	DIN9	90	0.202	0.302	0.266	0.366	0.212	-1.40884613990784	0.352	0.962403297424316	16.937495980944	-1.15196090936661	0.0143690741062165	1.2667712658327
sub-57900	E137	DI10	100	0.202	0.302	0.266	0.366	0.256	2.96968770027161	0.276	1.45125699043274	-75.9215354919433	0.368806123733519	-0.011893275976181	0.606382997556968
sub-57900	E137	DIN6	60	0.202	0.302	0.266	0.366	0.22	2.18815588951111	0.348	1.0797575712204	-8.65936186164618	0.368806123733519	-0.011893275976181	0.606382997556968
sub-57900	E137	DIN7	70	0.202	0.302	0.266	0.366	0.272	2.54937696456909	0.272	2.54937696456909	n/a	0.368806123733519	-0.011893275976181	0.606382997556968
sub-57900	E137	DIN8	80	0.202	0.302	0.266	0.366	0.252	2.21679711341858	0.356	2.29960918426514	0.796269911986131	0.368806123733519	-0.011893275976181	0.606382997556968
sub-57900	E137	DIN9	90	0.202	0.302	0.266	0.366	0.26	1.88716268539429	0.352	1.5178998708725	-4.01372624480206	0.368806123733519	-0.011893275976181	0.606382997556968
sub-57900	E138	DI10	100	0.202	0.302	0.266	0.366	0.256	3.08793306350708	0.276	1.47284471988678	-80.7544171810149	0.237652707099913	-0.0101898455619812	0.653841554568531
sub-57900	E138	DIN6	60	0.202	0.302	0.266	0.366	0.22	2.5701847076416	0.348	1.576167345047	-7.76576064527035	0.237652707099913	-0.0101898455619812	0.653841554568531
sub-57900	E138	DIN7	70	0.202	0.302	0.266	0.366	0.264	2.30830097198486	0.272	1.89499497413635	-51.6632497310638	0.237652707099913	-0.0101898455619812	0.653841554568531
sub-57900	E138	DIN8	80	0.202	0.302	0.266	0.366	0.252	2.44278764724731	0.356	2.76767325401306	3.12390006505526	0.237652707099913	-0.0101898455619812	0.653841554568531
sub-57900	E138	DIN9	90	0.202	0.302	0.266	0.366	0.264	2.16608214378357	0.356	1.97593355178833	-2.06683252168738	0.237652707099913	-0.0101898455619812	0.653841554568531
sub-57900	E139	DI10	100	0.202	0.302	0.266	0.366	0.256	3.27180862426758	0.3	2.1706748008728	-25.0257687135176	-0.362507200241091	0.000150847434997581	0.617236036208534
sub-57900	E139	DIN6	60	0.202	0.302	0.266	0.366	0.22	3.05437541007996	0.348	2.41339206695557	-5.0076823681593	-0.362507200241091	0.000150847434997581	0.617236036208534
sub-57900	E139	DIN7	70	0.202	0.302	0.266	0.366	0.264	2.48109769821167	0.272	1.73372960090637	-93.4210121631621	-0.362507200241091	0.000150847434997581	0.617236036208534
sub-57900	E139	DIN8	80	0.202	0.302	0.266	0.366	0.252	2.6308228969574	0.356	3.18009352684021	5.28144836425781	-0.362507200241091	0.000150847434997581	0.617236036208534
sub-57900	E139	DIN9	90	0.202	0.302	0.266	0.366	0.264	2.15340805053711	0.356	2.34142565727234	2.04366963842641	-0.362507200241091	0.000150847434997581	0.617236036208534
sub-57900	E140	DI10	100	0.202	0.302	0.266	0.366	0.3	2.27467370033264	0.3	2.27467370033264	n/a	-4.11693549156189	0.047079610824585	1.51687360320125
sub-57900	E140	DIN6	60	0.202	0.302	0.266	0.366	0.22	2.4575047492981	0.348	2.20487189292908	-1.97369419038296	-4.11693549156189	0.047079610824585	1.51687360320125
sub-57900	E140	DIN7	70	0.202	0.302	0.266	0.366	0.264	2.08708214759827	0.344	-1.3984659910202	-43.5693517327309	-4.11693549156189	0.047079610824585	1.51687360320125
sub-57900	E140	DIN8	80	0.202	0.302	0.266	0.366	0.28	2.26674866676331	0.356	3.53494930267334	16.6868504725005	-4.11693549156189	0.047079610824585	1.51687360320125
sub-57900	E140	DIN9	90	0.202	0.302	0.266	0.366	0.264	1.79557025432587	0.356	2.51271748542786	7.79507859893467	-4.11693549156189	0.047079610824585	1.51687360320125
sub-57900	E141	DI10	100	0.202	0.302	0.266	0.366	0.3	1.96203410625458	0.3	1.96203410625458	n/a	-0.510818600654604	0.00979426741600039	0.595646113989419
sub-57900	E141	DIN6	60	0.202	0.302	0.266	0.366	0.22	1.57264292240143	0.348	1.69373345375061	0.946019776165486	-0.510818600654604	0.00979426741600039	0.595646113989419
sub-57900	E141	DIN7	70	0.202	0.302	0.266	0.366	0.264	1.55642771720886	0.292	0.958479523658752	-21.3552926267897	-0.510818600654604	0.00979426741600039	0.595646113989419
sub-57900	E141	DIN8	80	0.202	0.302	0.266	0.366	0.284	1.86076700687408	0.356	3.07757902145386	16.9001668691635	-0.510818600654604	0.00979426741600039	0.595646113989419
sub-57900	E141	DIN9	90	0.202	0.302	0.266	0.366	0.3	1.59260725975037	0.356	2.21626687049866	11.1367787633623	-0.510818600654604	0.00979426741600039	0.595646113989419
sub-57900	E142	DI10	100	0.202	0.302	0.266	0.366	0.3	1.62082898616791	0.3	1.62082898616791	n/a	0.852524816989898	-0.00684013366699218	0.337950172776429
sub-57900	E142	DIN6	60	0.202	0.302	0.266	0.366	0.22	0.562762320041656	0.324	1.10831308364868	5.24568041929832	0.852524816989898	-0.00684013366699218	0.337950172776429
sub-57900	E142	DIN7	70	0.202	0.302	0.266	0.366	0.264	0.952361404895782	0.352	0.82329124212265	-1.46670639514923	0.852524816989898	-0.00684013366699218	0.337950172776429
sub-57900	E142	DIN8	80	0.202	0.302	0.266	0.366	0.284	1.31368970870972	0.356	2.14576172828674	11.5565558274587	0.852524816989898	-0.00684013366699218	0.337950172776429
sub-57900	E142	DIN9	90	0.202	0.302	0.266	0.366	0.3	1.26997649669647	0.356	1.54799449443817	4.96460710253034	0.852524816989898	-0.00684013366699218	0.337950172776429
sub-57900	E143	DI10	100	0.202	0.302	0.266	0.366	0.244	-1.88736391067505	0.316	1.85668218135834	52.0006401671304	-1.50811625123024	0.0354963144659996	1.25879100230205
sub-57900	E143	DIN6	60	0.202	0.302	0.266	0.366	0.248	-0.750572741031647	0.32	1.06851601600647	25.2651216255294	-1.50811625123024	0.0354963144659996	1.25879100230205
sub-57900	E143	DIN7	70	0.202	0.302	0.266	0.366	0.3	0.468870371580124	0.312	0.769153594970703	25.0236019492149	-1.50811625123024	0.0354963144659996	1.25879100230205
sub-57900	E143	DIN8	80	0.202	0.302	0.266	0.366	0.296	1.12831544876099	0.348	1.92284190654755	15.2793549574338	-1.50811625123024	0.0354963144659996	1.25879100230205
sub-57900	E143	DIN9	90	0.202	0.302	0.266	0.366	0.3	1.38868176937103	0.3	1.38868176937103	n/a	-1.50811625123024	0.0354963144659996	1.25879100230205
sub-57900	E144	DI10	100	0.202	0.302	0.266	0.366	0.244	-2.36362934112549	0.32	1.92897009849548	56.4815715739601	-0.80236424207687	0.0315883761644363	1.37222976318741
sub-57900	E144	DIN6	60	0.202	0.302	0.266	0.366	0.248	-0.964893221855164	0.32	0.99173629283905	27.1754099263085	-0.80236424207687	0.0315883761644363	1.37222976318741
sub-57900	E144	DIN7	70	0.202	0.302	0.266	0.366	0.256	-0.513688147068024	0.316	0.999414086341858	25.2183705568314	-0.80236424207687	0.0315883761644363	1.37222976318741
sub-57900	E144	DIN8	80	0.202	0.302	0.266	0.366	0.296	0.784815192222595	0.32	1.6460132598877	35.8832528193791	-0.80236424207687	0.0315883761644363	1.37222976318741
sub-57900	E144	DIN9	90	0.202	0.302	0.266	0.366	0.292	1.59376811981201	0.292	1.59376811981201	n/a	-0.80236424207687	0.0315883761644363	1.37222976318741
sub-57900	E145	DI10	100	0.202	0.302	0.266	0.366	0.244	3.17698216438293	0.268	2.62214469909668	-23.1182277202606	-0.862845611572267	0.00874204635620119	0.428895934132279
sub-57900	E145	DIN6	60	0.202	0.302	0.266	0.366	0.212	1.62159299850464	0.304	0.901823759078979	-7.82357868940934	-0.862845611572267	0.00874204635620119	0.428895934132279
sub-57900	E145	DIN7	70	0.202	0.302	0.266	0.366	0.272	2.22988724708557	0.272	2.22988724708557	n/a	-0.862845611572267	0.00874204635620119	0.428895934132279
sub-57900	E145	DIN8	80	0.202	0.302	0.266	0.366	0.264	2.73218774795532	0.272	2.64504384994507	-10.8929872512817	-0.862845611572267	0.00874204635620119	0.428895934132279
sub-57900	E145	DIN9	90	0.202	0.302	0.266	0.366	0.212	-1.66765999794006	0.3	-1.12331891059875	6.18569417433305	-0.862845611572267	0.00874204635620119	0.428895934132279
sub-57900	E146	DI10	100	0.202	0.302	0.266	0.366	0.252	3.28649115562439	0.268	2.43678998947144	-53.1063228845596	-0.82199664115906	0.00748331844806674	0.574394586171381
sub-57900	E146	DIN6	60	0.202	0.302	0.266	0.366	0.212	1.79500675201416	0.304	0.898521244525909	-9.74440769008968	-0.82199664115906	0.00748331844806674	0.574394586171381
sub-57900	E146	DIN7	70	0.202	0.302	0.266	0.366	0.272	2.22374391555786	0.272	2.22374391555786	n/a	-0.82199664115906	0.00748331844806674	0.574394586171381
sub-57900	E146	DIN8	80	0.202	0.302	0.266	0.366	0.264	2.75417017936707	0.268	2.72893786430359	-6.30807876586914	-0.82199664115906	0.00748331844806674	0.574394586171381
sub-57900	E146	DIN9	90	0.202	0.302	0.266	0.366	0.212	-1.58437311649323	0.328	-0.929609954357147	5.64451001841446	-0.82199664115906	0.00748331844806674	0.574394586171381
sub-57900	E147	DI10	100	0.202	0.302	0.266	0.366	0.256	3.49998235702515	0.276	1.82004189491272	-83.9970231056213	0.414410471916197	-0.0134406816959381	0.617761102586204
sub-57900	E147	DIN6	60	0.202	0.302	0.266	0.366	0.22	2.29101324081421	0.344	1.13644874095917	-9.31100403108905	0.414410471916197	-0.0134406816959381	0.617761102586204
sub-57900	E147	DIN7	70	0.202	0.302	0.266	0.366	0.272	2.44950580596924	0.272	2.44950580596924	n/a	0.414410471916197	-0.0134406816959381	0.617761102586204
sub-57900	E147	DIN8	80	0.202	0.302	0.266	0.366	0.264	1.72446715831757	0.276	1.54806804656982	-14.6999259789785	0.414410471916197	-0.0134406816959381	0.617761102586204
sub-57900	E147	DIN9	90	0.202	0.302	0.266	0.366	0.26	1.78069531917572	0.352	1.48737907409668	-3.18822005520696	0.414410471916197	-0.0134406816959381	0.617761102586204
sub-57900	E148	DI10	100	0.202	0.302	0.266	0.366	0.256	3.08818364143372	0.276	1.52612268924713	-78.1030476093292	0.466378903388976	-0.0136626970767975	0.579622611910762
sub-57900	E148	DIN6	60	0.202	0.302	0.266	0.366	0.22	2.50576972961426	0.344	1.42149984836578	-8.74411194555221	0.466378903388976	-0.0136626970767975	0.579622611910762
sub-57900	E148	DIN7	70	0.202	0.302	0.266	0.366	0.264	2.31320524215698	0.272	2.26421976089478	-6.12318515777587	0.466378903388976	-0.0136626970767975	0.579622611910762
sub-57900	E148	DIN8	80	0.202	0.302	0.266	0.366	0.252	2.55443334579468	0.356	2.57623839378357	0.209663922970112	0.466378903388976	-0.0136626970767975	0.579622611910762
sub-57900	E148	DIN9	90	0.202	0.302	0.266	0.366	0.26	2.02946424484253	0.272	1.56979119777679	-38.3060872554779	0.466378903388976	-0.0136626970767975	0.579622611910762
sub-57900	E149	DI10	100	0.202	0.302	0.266	0.366	0.256	3.02130699157715	0.276	1.67973947525024	-67.0783758163452	-0.0948384761810319	-0.00488971948623655	0.630340208876443
sub-57900	E149	DIN6	60	0.202	0.302	0.266	0.366	0.22	2.77547740936279	0.348	1.75392937660217	-7.98084400594235	-0.0948384761810319	-0.00488971948623655	0.630340208876443
sub-57900	E149	DIN7	70	0.202	0.302	0.266	0.366	0.264	2.24071598052979	0.272	1.90644955635071	-41.7833030223846	-0.0948384761810319	-0.00488971948623655	0.630340208876443
sub-57900	E149	DIN8	80	0.202	0.302	0.266	0.366	0.252	2.56799340248108	0.356	3.01849460601807	4.3317423417018	-0.0948384761810319	-0.00488971948623655	0.630340208876443
sub-57900	E149	DIN9	90	0.202	0.302	0.266	0.366	0.264	2.2679979801178	0.356	2.08479857444763	-1.9912978877192	-0.0948384761810319	-0.00488971948623655	0.630340208876443
sub-57900	E150	DI10	100	0.202	0.302	0.266	0.366	0.256	2.99278473854065	0.3	2.5053882598877	-11.0771926966581	-3.78851046562195	0.0380456018447876	1.74859658387527
sub-57900	E150	DIN6	60	0.202	0.302	0.266	0.366	0.22	3.10705709457397	0.348	2.81623935699463	-2.27201357483864	-3.78851046562195	0.0380456018447876	1.74859658387527
sub-57900	E150	DIN7	70	0.202	0.302	0.266	0.366	0.264	2.47163677215576	0.344	-1.72608089447021	-52.4714708328247	-3.78851046562195	0.0380456018447876	1.74859658387527
sub-57900	E150	DIN8	80	0.202	0.302	0.266	0.366	0.284	2.88407230377197	0.356	4.13569259643555	17.383615175883	-3.78851046562195	0.0380456018447876	1.74859658387527
sub-57900	E150	DIN9	90	0.202	0.302	0.266	0.366	0.292	-3.07339358329773	0.292	-3.07339358329773	n/a	-3.78851046562195	0.0380456018447876	1.74859658387527
sub-57900	E151	DI10	100	0.202	0.302	0.266	0.366	0.3	2.15983366966248	0.3	2.15983366966248	n/a	-5.99509801864625	0.0799554657936097	2.22484414246481
sub-57900	E151	DIN6	60	0.202	0.302	0.266	0.366	0.22	2.38689470291138	0.348	2.26860308647156	-0.924153253436089	-5.99509801864625	0.0799554657936097	2.22484414246481
sub-57900	E151	DIN7	70	0.202	0.302	0.266	0.366	0.264	1.99214518070221	0.344	-1.412801861763	-42.5618380308151	-5.99509801864625	0.0799554657936097	2.22484414246481
sub-57900	E151	DIN8	80	0.202	0.302	0.266	0.366	0.284	2.4450147151947	0.356	3.62093329429626	16.3322024875217	-5.99509801864625	0.0799554657936097	2.22484414246481
sub-57900	E151	DIN9	90	0.202	0.302	0.266	0.366	0.292	-1.90607213973999	0.356	2.44794416427612	68.0315047502518	-5.99509801864625	0.0799554657936097	2.22484414246481
sub-57900	E152	DI10	100	0.202	0.302	0.266	0.366	0.256	1.42580533027649	0.3	1.16422557830811	-5.94499436291782	-0.234923636913301	0.00327760875225068	0.370201231130622
sub-57900	E152	DIN6	60	0.202	0.302	0.266	0.366	0.22	1.55007684230804	0.36	1.56267654895782	0.0899979046412877	-0.234923636913301	0.00327760875225068	0.370201231130622
sub-57900	E152	DIN7	70	0.202	0.302	0.266	0.366	0.264	1.4047828912735	0.292	0.913614213466644	-17.541738493102	-0.234923636913301	0.00327760875225068	0.370201231130622
sub-57900	E152	DIN8	80	0.202	0.302	0.266	0.366	0.26	2.04264736175537	0.356	2.53427028656006	5.12107213338216	-0.234923636913301	0.00327760875225068	0.370201231130622
sub-57900	E152	DIN9	90	0.202	0.302	0.266	0.366	0.272	1.53927671909332	0.356	1.92422783374786	4.58275136493501	-0.234923636913301	0.00327760875225068	0.370201231130622
sub-57900	E153	DI10	100	0.202	0.302	0.266	0.366	0.3	0.983249604701996	0.3	0.983249604701996	n/a	-0.117800414562226	0.00374259471893311	0.285045902084596
sub-57900	E153	DIN6	60	0.202	0.302	0.266	0.366	0.22	0.907812893390656	0.36	1.07831227779388	1.21785274573735	-0.117800414562226	0.00374259471893311	0.285045902084596
sub-57900	E153	DIN7	70	0.202	0.302	0.266	0.366	0.264	0.983698010444641	0.352	0.731094479560852	-2.87049466913397	-0.117800414562226	0.00374259471893311	0.285045902084596
sub-57900	E153	DIN8	80	0.202	0.302	0.266	0.366	0.26	1.52451288700104	0.356	2.05199813842773	5.49463803569476	-0.117800414562226	0.00374259471893311	0.285045902084596
sub-57900	E153	DIN9	90	0.202	0.302	0.266	0.366	0.268	1.07457911968231	0.356	1.53723382949829	5.25743988427249	-0.117800414562226	0.00374259471893311	0.285045902084596
sub-57900	E154	DI10	100	0.202	0.302	0.266	0.366	0.3	1.03860628604889	0.32	1.14759981632233	5.44967651367187	0.966205513477325	-0.00806652665138244	0.227578808594271
sub-57900	E154	DIN6	60	0.202	0.302	0.266	0.366	0.228	0.502078235149384	0.32	1.06101536750793	6.07540361259295	0.966205513477325	-0.00806652665138244	0.227578808594271
sub-57900	E154	DIN7	70	0.202	0.302	0.266	0.366	0.264	0.663100123405457	0.312	0.738080859184265	1.56209866205851	0.966205513477325	-0.00806652665138244	0.227578808594271
sub-57900	E154	DIN8	80	0.202	0.302	0.266	0.366	0.296	1.11153662204742	0.36	1.80482685565948	10.8326599001884	0.966205513477325	-0.00806652665138244	0.227578808594271
sub-57900	E154	DIN9	90	0.202	0.302	0.266	0.366	0.284	1.0403835773468	0.352	1.20859885215759	2.47375404133516	0.966205513477325	-0.00806652665138244	0.227578808594271
sub-57900	E155	DI10	100	0.202	0.302	0.266	0.366	0.244	-2.01018714904785	0.32	1.67226099967957	48.4532651148344	-0.44588893651962	0.0248112195730209	1.17294582736055
sub-57900	E155	DIN6	60	0.202	0.302	0.266	0.366	0.248	-0.822145402431488	0.316	0.879713475704193	25.0273364431718	-0.44588893651962	0.0248112195730209	1.17294582736055
sub-57900	E155	DIN7	70	0.202	0.302	0.266	0.366	0.224	-0.381899416446686	0.316	1.09815716743469	16.087571563928	-0.44588893651962	0.0248112195730209	1.17294582736055
sub-57900	E155	DIN8	80	0.202	0.302	0.266	0.366	0.276	0.796720266342163	0.32	1.62739980220795	18.879080360586	-0.44588893651962	0.0248112195730209	1.17294582736055
sub-57900	E155	DIN9	90	0.202	0.302	0.266	0.366	0.292	1.4575502872467	0.292	1.4575502872467	n/a	-0.44588893651962	0.0248112195730209	1.17294582736055
sub-57900	E156	DI10	100	0.202	0.302	0.266	0.366	0.256	3.32931137084961	0.276	1.61781370639801	-85.5748832225799	0.0825327396392807	-0.0104623532295227	0.650620404277734
sub-57900	E156	DIN6	60	0.202	0.302	0.266	0.366	0.22	2.40904307365417	0.344	1.02786099910736	-11.138565117313	0.0825327396392807	-0.0104623532295227	0.650620404277734
sub-57900	E156	DIN7	70	0.202	0.302	0.266	0.366	0.272	2.56876301765442	0.272	2.56876301765442	n/a	0.0825327396392807	-0.0104623532295227	0.650620404277734
sub-57900	E156	DIN8	80	0.202	0.302	0.266	0.366	0.264	2.18534517288208	0.356	1.89135146141052	-3.19558382034302	0.0825327396392807	-0.0104623532295227	0.650620404277734
sub-57900	E156	DIN9	90	0.202	0.302	0.266	0.366	0.26	2.01651811599731	0.352	1.63091397285461	-4.19134938198587	0.0825327396392807	-0.0104623532295227	0.650620404277734
sub-57900	E157	DI10	100	0.202	0.302	0.266	0.366	0.256	3.68242955207825	0.276	1.99195027351379	-84.5239639282226	0.598174381256102	-0.0163280534744263	0.543017653120116
sub-57900	E157	DIN6	60	0.202	0.302	0.266	0.366	0.22	2.80586409568787	0.348	1.75097107887268	-8.24135169386864	0.598174381256102	-0.0163280534744263	0.543017653120116
sub-57900	E157	DIN7	70	0.202	0.302	0.266	0.366	0.264	2.41835880279541	0.272	2.34826326370239	-8.76194238662719	0.598174381256102	-0.0163280534744263	0.543017653120116
sub-57900	E157	DIN8	80	0.202	0.302	0.266	0.366	0.252	2.61958146095276	0.356	2.32642817497253	-2.8187815959637	0.598174381256102	-0.0163280534744263	0.543017653120116
sub-57900	E157	DIN9	90	0.202	0.302	0.266	0.366	0.26	2.0829861164093	0.352	1.65125775337219	-4.69269959822945	0.598174381256102	-0.0163280534744263	0.543017653120116
sub-57900	E158	DI10	100	0.202	0.302	0.266	0.366	0.256	3.08347797393799	0.276	1.59997773170471	-74.1750121116637	-3.37646305561066	0.0284624803066254	1.42610861559378
sub-57900	E158	DIN6	60	0.202	0.302	0.266	0.366	0.22	2.95479035377502	0.348	1.97875022888184	-7.62531347572804	-3.37646305561066	0.0284624803066254	1.42610861559378
sub-57900	E158	DIN7	70	0.202	0.302	0.266	0.366	0.264	2.0534942150116	0.344	-1.63571536540985	-46.1151197552681	-3.37646305561066	0.0284624803066254	1.42610861559378
sub-57900	E158	DIN8	80	0.202	0.302	0.266	0.366	0.252	2.67052698135376	0.356	3.14999508857727	4.61027026176453	-3.37646305561066	0.0284624803066254	1.42610861559378
sub-57900	E158	DIN9	90	0.202	0.302	0.266	0.366	0.264	2.57678294181824	0.356	2.7487416267395	1.86911614044853	-3.37646305561066	0.0284624803066254	1.42610861559378
sub-57900	E159	DI10	100	0.202	0.302	0.266	0.366	0.256	2.73599815368652	0.288	-2.57107305526733	-165.845975279808	7.40934581756592	-0.103122773170471	1.75531969092484
sub-57900	E159	DIN6	60	0.202	0.302	0.266	0.366	0.22	3.3173131942749	0.36	3.02519297599792	-2.0865729876927	7.40934581756592	-0.103122773170471	1.75531969092484
sub-57900	E159	DIN7	70	0.202	0.302	0.266	0.366	0.216	-2.56143379211426	0.344	-2.2790584564209	2.20605731010437	7.40934581756592	-0.103122773170471	1.75531969092484
sub-57900	E159	DIN8	80	0.202	0.302	0.266	0.366	0.284	3.22914528846741	0.356	4.343581199646	15.4782765441471	7.40934581756592	-0.103122773170471	1.75531969092484
sub-57900	E159	DIN9	90	0.202	0.302	0.266	0.366	0.292	-3.20487236976624	0.292	-3.20487236976624	n/a	7.40934581756592	-0.103122773170471	1.75531969092484
sub-57900	E160	DI10	100	0.202	0.302	0.266	0.366	0.256	2.13790082931519	0.3	1.93607795238495	-4.58688356659629	-5.53651399612427	0.0737991058826447	2.16813882292416
sub-57900	E160	DIN6	60	0.202	0.302	0.266	0.366	0.22	2.10879731178284	0.36	1.94831538200378	-1.14629949842181	-5.53651399612427	0.0737991058826447	2.16813882292416
sub-57900	E160	DIN7	70	0.202	0.302	0.266	0.366	0.264	1.77932560443878	0.344	-1.34881579875946	-39.101767539978	-5.53651399612427	0.0737991058826447	2.16813882292416
sub-57900	E160	DIN8	80	0.202	0.302	0.266	0.366	0.284	2.52497577667236	0.356	3.51804327964783	13.7926042079926	-5.53651399612427	0.0737991058826447	2.16813882292416
sub-57900	E160	DIN9	90	0.202	0.302	0.266	0.366	0.292	-1.87266862392426	0.356	2.46178245544434	67.7257981151342	-5.53651399612427	0.0737991058826447	2.16813882292416
sub-57900	E161	DI10	100	0.202	0.302	0.266	0.366	0.26	1.20613443851471	0.28	0.935038268566132	-13.5548084974289	-0.0647817611694342	0.000319201350212104	0.242642082836823
sub-57900	E161	DIN6	60	0.202	0.302	0.266	0.366	0.22	1.34044945240021	0.36	1.28118801116943	-0.423296008791242	-0.0647817611694342	0.000319201350212104	0.242642082836823
sub-57900	E161	DIN7	70	0.202	0.302	0.266	0.366	0.264	1.26208543777466	0.268	0.940318524837494	-80.441728234291	-0.0647817611694342	0.000319201350212104	0.242642082836823
sub-57900	E161	DIN8	80	0.202	0.302	0.266	0.366	0.26	1.7520500421524	0.356	2.07412362098694	3.35493311285973	-0.0647817611694342	0.000319201350212104	0.242642082836823
sub-57900	E161	DIN9	90	0.202	0.302	0.266	0.366	0.272	1.30223906040192	0.356	1.43606173992157	1.59312713713873	-0.0647817611694342	0.000319201350212104	0.242642082836823
sub-57900	E162	DI10	100	0.202	0.302	0.266	0.366	0.26	0.817770600318909	0.3	0.797140896320343	-0.515742599964142	0.0860214114189147	-0.000869702696800231	0.0820260410840615
sub-57900	E162	DIN6	60	0.202	0.302	0.266	0.366	0.22	0.907798528671265	0.36	0.984416425228119	0.547270689691816	0.0860214114189147	-0.000869702696800231	0.0820260410840615
sub-57900	E162	DIN7	70	0.202	0.302	0.266	0.366	0.264	0.875755369663239	0.352	0.768230438232422	-1.22187422080474	0.0860214114189147	-0.000869702696800231	0.0820260410840615
sub-57900	E162	DIN8	80	0.202	0.302	0.266	0.366	0.26	1.69159138202667	0.356	1.82535409927368	1.39336163798968	0.0860214114189147	-0.000869702696800231	0.0820260410840615
sub-57900	E162	DIN9	90	0.202	0.302	0.266	0.366	0.272	1.26754605770111	0.272	1.26754605770111	n/a	0.0860214114189147	-0.000869702696800231	0.0820260410840615
sub-57900	E163	DI10	100	0.202	0.302	0.266	0.366	0.3	0.858371436595917	0.364	1.09487950801849	3.69543861597776	0.187337851524353	0.000557500720024111	0.163712073729325
sub-57900	E163	DIN6	60	0.202	0.302	0.266	0.366	0.22	0.612403273582458	0.32	0.958433866500854	3.46030592918396	0.187337851524353	0.000557500720024111	0.163712073729325
sub-57900	E163	DIN7	70	0.202	0.302	0.266	0.366	0.264	0.730348110198975	0.352	0.670710742473602	-0.677697360515595	0.187337851524353	0.000557500720024111	0.163712073729325
sub-57900	E163	DIN8	80	0.202	0.302	0.266	0.366	0.26	1.28271913528442	0.36	1.70434963703156	4.21630501747131	0.187337851524353	0.000557500720024111	0.163712073729325
sub-57900	E163	DIN9	90	0.202	0.302	0.266	0.366	0.272	1.02824532985687	0.352	1.24340307712555	2.68947184085846	0.187337851524353	0.000557500720024111	0.163712073729325
sub-57900	E164	DI10	100	0.202	0.302	0.266	0.366	0.244	-1.37294495105743	0.316	1.21610939502716	35.9590881400638	-0.462253582477567	0.0187056678533554	0.852277696664414
sub-57900	E164	DIN6	60	0.202	0.302	0.266	0.366	0.248	-0.534597754478455	0.32	0.842168211936951	19.1217495335473	-0.462253582477567	0.0187056678533554	0.852277696664414
sub-57900	E164	DIN7	70	0.202	0.302	0.266	0.366	0.288	0.34164297580719	0.316	0.895652949810028	19.7860705001013	-0.462253582477567	0.0187056678533554	0.852277696664414
sub-57900	E164	DIN8	80	0.202	0.302	0.266	0.366	0.296	1.09472346305847	0.332	1.74589240550995	18.0880261792077	-0.462253582477567	0.0187056678533554	0.852277696664414
sub-57900	E164	DIN9	90	0.202	0.302	0.266	0.366	0.292	1.23703718185425	0.292	1.23703718185425	n/a	-0.462253582477567	0.0187056678533554	0.852277696664414
sub-57900	E165	DI10	100	0.202	0.302	0.266	0.366	0.256	3.22466158866882	0.276	1.49465882778168	-86.5001380443572	-0.0153002738952653	-0.00991979122161863	0.645673463329011
sub-57900	E165	DIN6	60	0.202	0.302	0.266	0.366	0.22	2.53701329231262	0.344	1.0946329832077	-11.6320992669752	-0.0153002738952653	-0.00991979122161863	0.645673463329011
sub-57900	E165	DIN7	70	0.202	0.302	0.266	0.366	0.272	2.57418823242188	0.272	2.57418823242188	n/a	-0.0153002738952653	-0.00991979122161863	0.645673463329011
sub-57900	E165	DIN8	80	0.202	0.302	0.266	0.366	0.252	2.19423651695251	0.356	1.73893594741821	-4.37789009167598	-0.0153002738952653	-0.00991979122161863	0.645673463329011
sub-57900	E165	DIN9	90	0.202	0.302	0.266	0.366	0.26	2.12953662872314	0.352	1.71280241012573	-4.52971976736318	-0.0153002738952653	-0.00991979122161863	0.645673463329011
sub-57900	E166	DI10	100	0.202	0.302	0.266	0.366	0.256	3.90585613250732	0.268	2.01492619514465	-157.577494780222	0.0927232503890979	-0.0116982746124267	0.635157792629092
sub-57900	E166	DIN6	60	0.202	0.302	0.266	0.366	0.22	3.10359168052673	0.348	1.79519081115723	-10.2218817919493	0.0927232503890979	-0.0116982746124267	0.635157792629092
sub-57900	E166	DIN7	70	0.202	0.302	0.266	0.366	0.264	2.68959283828735	0.272	2.46612048149109	-27.9340445995331	0.0927232503890979	-0.0116982746124267	0.635157792629092
sub-57900	E166	DIN8	80	0.202	0.302	0.266	0.366	0.264	2.18963885307312	0.28	1.62499010562897	-35.2905467152595	0.0927232503890979	-0.0116982746124267	0.635157792629092
sub-57900	E166	DIN9	90	0.202	0.302	0.266	0.366	0.264	2.73416233062744	0.356	2.50592064857483	-2.48088784839796	0.0927232503890979	-0.0116982746124267	0.635157792629092
sub-57900	E167	DI10	100	0.202	0.302	0.266	0.366	0.256	3.49804782867432	0.3	2.15041327476501	-30.6280580433932	0.00919499397277607	-0.00450374841690061	0.748619445996504
sub-57900	E167	DIN6	60	0.202	0.302	0.266	0.366	0.22	3.40691184997559	0.348	2.78527045249939	-4.85657341778278	0.00919499397277607	-0.00450374841690061	0.748619445996504
sub-57900	E167	DIN7	70	0.202	0.302	0.266	0.366	0.264	2.50604724884033	0.284	1.73022317886353	-38.7912034988404	0.00919499397277607	-0.00450374841690061	0.748619445996504
sub-57900	E167	DIN8	80	0.202	0.302	0.266	0.366	0.252	2.71358180046082	0.356	3.47737002372742	7.34411753140963	0.00919499397277607	-0.00450374841690061	0.748619445996504
sub-57900	E167	DIN9	90	0.202	0.302	0.266	0.366	0.264	3.11691164970398	0.356	3.34269905090332	2.45421088260153	0.00919499397277607	-0.00450374841690061	0.748619445996504
sub-57900	E168	DI10	100	0.202	0.302	0.266	0.366	0.244	2.85780954360962	0.288	-1.7758686542511	-105.310868133198	2.29180543422699	-0.0489585626125335	1.95649689172838
sub-57900	E168	DIN6	60	0.202	0.302	0.266	0.366	0.22	2.77339196205139	0.36	2.38165378570557	-2.79812983104161	2.29180543422699	-0.0489585626125335	1.95649689172838
sub-57900	E168	DIN7	70	0.202	0.302	0.266	0.366	0.264	1.93453431129456	0.344	-1.65348947048187	-44.8502972722054	2.29180543422699	-0.0489585626125335	1.95649689172838
sub-57900	E168	DIN8	80	0.202	0.302	0.266	0.366	0.26	2.9502387046814	0.356	3.43928098678589	5.09419043858846	2.29180543422699	-0.0489585626125335	1.95649689172838
sub-57900	E168	DIN9	90	0.202	0.302	0.266	0.366	0.292	-2.49277448654175	0.292	-2.49277448654175	n/a	2.29180543422699	-0.0489585626125335	1.95649689172838
sub-57900	E169	DI10	100	0.202	0.302	0.266	0.366	0.256	1.88064074516296	0.3	1.34054410457611	-12.2749236497012	-0.525153255462647	0.00421530008316041	0.383989522586325
sub-57900	E169	DIN6	60	0.202	0.302	0.266	0.366	0.22	1.86510097980499	0.36	1.41919016838074	-3.18507722445897	-0.525153255462647	0.00421530008316041	0.383989522586325
sub-57900	E169	DIN7	70	0.202	0.302	0.266	0.366	0.264	1.35918414592743	0.292	0.863795399665833	-17.6924552236285	-0.525153255462647	0.00421530008316041	0.383989522586325
sub-57900	E169	DIN8	80	0.202	0.302	0.266	0.366	0.252	2.23062324523926	0.356	2.65786027908325	4.1080484023461	-0.525153255462647	0.00421530008316041	0.383989522586325
sub-57900	E169	DIN9	90	0.202	0.302	0.266	0.366	0.272	1.67776691913605	0.356	1.79227983951569	1.36324905213856	-0.525153255462647	0.00421530008316041	0.383989522586325
sub-57900	E170	DI10	100	0.202	0.302	0.266	0.366	0.26	1.04246306419373	0.3	0.698740422725677	-8.59306603670121	0.0844593405723569	-0.002551931142807	0.169402679601485
sub-57900	E170	DIN6	60	0.202	0.302	0.266	0.366	0.22	1.06634318828583	0.36	1.04245638847351	-0.170619998659406	0.0844593405723569	-0.002551931142807	0.169402679601485
sub-57900	E170	DIN7	70	0.202	0.302	0.266	0.366	0.264	1.11392211914062	0.268	0.801446914672852	-78.1188011169433	0.0844593405723569	-0.002551931142807	0.169402679601485
sub-57900	E170	DIN8	80	0.202	0.302	0.266	0.366	0.26	1.76242673397064	0.356	1.77203226089478	0.100057572126389	0.0844593405723569	-0.002551931142807	0.169402679601485
sub-57900	E170	DIN9	90	0.202	0.302	0.266	0.366	0.272	1.34347379207611	0.356	1.4154771566391	0.857182911464147	0.0844593405723569	-0.002551931142807	0.169402679601485
sub-57900	E171	DI10	100	0.202	0.302	0.266	0.366	0.26	0.799462616443634	0.36	0.819600880146027	0.201382637023926	-0.211600196361542	0.00258304834365845	0.0912932519588635
sub-57900	E171	DIN6	60	0.202	0.302	0.266	0.366	0.22	0.889254748821259	0.36	0.89326000213623	0.0286089522497995	-0.211600196361542	0.00258304834365845	0.0912932519588635
sub-57900	E171	DIN7	70	0.202	0.302	0.266	0.366	0.264	0.909360826015472	0.268	0.719892919063568	-47.366976737976	-0.211600196361542	0.00258304834365845	0.0912932519588635
sub-57900	E171	DIN8	80	0.202	0.302	0.266	0.366	0.264	1.44579529762268	0.348	1.54976713657379	1.23775998751322	-0.211600196361542	0.00258304834365845	0.0912932519588635
sub-57900	E171	DIN9	90	0.202	0.302	0.266	0.366	0.272	1.15779149532318	0.352	1.19436240196228	0.457136332988739	-0.211600196361542	0.00258304834365845	0.0912932519588635
sub-57900	E172	DI10	100	0.202	0.302	0.266	0.366	0.3	0.576301515102386	0.364	0.839408934116364	4.11105342209339	0.0375575780868533	0.00093720197677612	0.0978846522956049
sub-57900	E172	DIN6	60	0.202	0.302	0.266	0.366	0.228	0.680713057518005	0.32	0.873273134231567	2.09304431210394	0.0375575780868533	0.00093720197677612	0.0978846522956049
sub-57900	E172	DIN7	70	0.202	0.302	0.266	0.366	0.264	0.664887607097626	0.364	0.712262094020844	0.473744869232178	0.0375575780868533	0.00093720197677612	0.0978846522956049
sub-57900	E172	DIN8	80	0.202	0.302	0.266	0.366	0.26	1.52211034297943	0.348	1.58173704147339	0.677576119249518	0.0375575780868533	0.00093720197677612	0.0978846522956049
sub-57900	E172	DIN9	90	0.202	0.302	0.266	0.366	0.272	1.26871395111084	0.272	1.26871395111084	n/a	0.0375575780868533	0.00093720197677612	0.0978846522956049
sub-57900	E173	DI10	100	0.202	0.302	0.266	0.366	0.296	0.963316380977631	0.36	1.00896382331848	0.713241286575794	0.837657886743546	-0.00744134783744812	0.0607627128655867
sub-57900	E173	DIN6	60	0.202	0.302	0.266	0.366	0.268	0.333542793989182	0.32	0.697690725326538	7.0028448334107	0.837657886743546	-0.00744134783744812	0.0607627128655867
sub-57900	E173	DIN7	70	0.202	0.302	0.266	0.366	0.268	0.659969806671143	0.316	0.934850513935089	5.72668140133222	0.837657886743546	-0.00744134783744812	0.0607627128655867
sub-57900	E173	DIN8	80	0.202	0.302	0.266	0.366	0.276	1.12060630321503	0.324	1.47993361949921	7.48598575592041	0.837657886743546	-0.00744134783744812	0.0607627128655867
sub-57900	E173	DIN9	90	0.202	0.302	0.266	0.366	0.292	1.06402277946472	0.352	1.23176968097687	2.7957816918691	0.837657886743546	-0.00744134783744812	0.0607627128655867
sub-57900	E174	DI10	100	0.202	0.302	0.266	0.366	0.224	3.86043071746826	0.296	-1.90866208076477	-80.1262888643477	0.479140305519099	-0.035772111415863	2.19300225667004
sub-57900	E174	DIN6	60	0.202	0.302	0.266	0.366	0.216	2.43308138847351	0.336	-1.88547313213348	-35.9879543383916	0.479140305519099	-0.035772111415863	2.19300225667004
sub-57900	E174	DIN7	70	0.202	0.302	0.266	0.366	0.272	3.69732165336609	0.272	3.69732165336609	n/a	0.479140305519099	-0.035772111415863	2.19300225667004
sub-57900	E174	DIN8	80	0.202	0.302	0.266	0.366	0.3	-1.3386116027832	0.324	-2.48797273635864	-47.8900472323099	0.479140305519099	-0.035772111415863	2.19300225667004
sub-57900	E174	DIN9	90	0.202	0.302	0.266	0.366	0.264	3.66454982757568	0.272	2.98841524124146	-84.5168232917785	0.479140305519099	-0.035772111415863	2.19300225667004
sub-57900	E175	DI10	100	0.202	0.302	0.266	0.366	0.256	3.50511741638184	0.268	1.92911100387573	-131.333867708842	0.0698904275894152	-0.01013432264328	0.496891139639388
sub-57900	E175	DIN6	60	0.202	0.302	0.266	0.366	0.22	2.26414704322815	0.36	1.16904270648956	-7.82217383384705	0.0698904275894152	-0.01013432264328	0.496891139639388
sub-57900	E175	DIN7	70	0.202	0.302	0.266	0.366	0.264	1.74079632759094	0.28	1.5052365064621	-14.7224888205528	0.0698904275894152	-0.01013432264328	0.496891139639388
sub-57900	E175	DIN8	80	0.202	0.302	0.266	0.366	0.26	3.11879444122314	0.284	2.60837602615356	-21.2674339612325	0.0698904275894152	-0.01013432264328	0.496891139639388
sub-57900	E175	DIN9	90	0.202	0.302	0.266	0.366	0.252	2.0137996673584	0.268	1.72661173343658	-17.9492458701134	0.0698904275894152	-0.01013432264328	0.496891139639388
sub-57900	E176	DI10	100	0.202	0.302	0.266	0.366	0.256	2.91573452949524	0.288	-1.56608295440674	-140.056796371937	1.7433045387268	-0.0428167963027954	1.68679619266045
sub-57900	E176	DIN6	60	0.202	0.302	0.266	0.366	0.22	2.6708927154541	0.348	1.86077046394348	-6.32908008992672	1.7433045387268	-0.0428167963027954	1.68679619266045
sub-57900	E176	DIN7	70	0.202	0.302	0.266	0.366	0.264	1.726038813591	0.316	-1.34999668598175	-59.1545288379376	1.7433045387268	-0.0428167963027954	1.68679619266045
sub-57900	E176	DIN8	80	0.202	0.302	0.266	0.366	0.26	3.01603055000305	0.356	2.98813462257385	-0.290582577387492	1.7433045387268	-0.0428167963027954	1.68679619266045
sub-57900	E176	DIN9	90	0.202	0.302	0.266	0.366	0.264	2.04115867614746	0.356	2.02683401107788	-0.155702881191088	1.7433045387268	-0.0428167963027954	1.68679619266045
sub-57900	E177	DI10	100	0.202	0.302	0.266	0.366	0.256	1.15836262702942	0.276	0.540096580982208	-30.9133023023605	0.137097871303558	-0.00474482238292693	0.199746507379556
sub-57900	E177	DIN6	60	0.202	0.302	0.266	0.366	0.22	1.02879440784454	0.36	0.76498156785965	-1.88437742846353	0.137097871303558	-0.00474482238292693	0.199746507379556
sub-57900	E177	DIN7	70	0.202	0.302	0.266	0.366	0.264	1.04749715328217	0.268	0.813072979450226	-58.6060434579849	0.137097871303558	-0.00474482238292693	0.199746507379556
sub-57900	E177	DIN8	80	0.202	0.302	0.266	0.366	0.26	1.85705816745758	0.348	1.76112163066864	-1.09018791805614	0.137097871303558	-0.00474482238292693	0.199746507379556
sub-57900	E177	DIN9	90	0.202	0.302	0.266	0.366	0.272	1.1759045124054	0.272	1.1759045124054	n/a	0.137097871303558	-0.00474482238292693	0.199746507379556
sub-57900	E178	DI10	100	0.202	0.302	0.266	0.366	0.256	0.981774508953094	0.36	0.726876676082611	-2.45094070067773	0.1408740401268	-0.00309339582920074	0.0751377128851979
sub-57900	E178	DIN6	60	0.202	0.302	0.266	0.366	0.256	0.840080201625824	0.268	0.774310529232025	-5.48080603281656	0.1408740401268	-0.00309339582920074	0.0751377128851979
sub-57900	E178	DIN7	70	0.202	0.302	0.266	0.366	0.264	0.882053196430206	0.268	0.813136458396912	-17.2291845083237	0.1408740401268	-0.00309339582920074	0.0751377128851979
sub-57900	E178	DIN8	80	0.202	0.302	0.266	0.366	0.264	1.69231426715851	0.272	1.54891037940979	-17.9254859685898	0.1408740401268	-0.00309339582920074	0.0751377128851979
sub-57900	E178	DIN9	90	0.202	0.302	0.266	0.366	0.268	1.30446577072144	0.268	1.30446577072144	n/a	0.1408740401268	-0.00309339582920074	0.0751377128851979
sub-57900	E179	DI10	100	0.202	0.302	0.266	0.366	0.26	0.753948926925659	0.364	0.679219603538513	-0.718551186414865	-0.120916545391083	0.000590766072273254	0.0475199219876884
sub-57900	E179	DIN6	60	0.202	0.302	0.266	0.366	0.224	0.813883602619171	0.32	0.746680438518524	-0.700032959381739	-0.120916545391083	0.000590766072273254	0.0475199219876884
sub-57900	E179	DIN7	70	0.202	0.302	0.266	0.366	0.264	0.844064116477966	0.268	0.769935190677643	-18.5322314500809	-0.120916545391083	0.000590766072273254	0.0475199219876884
sub-57900	E179	DIN8	80	0.202	0.302	0.266	0.366	0.26	1.71214997768402	0.348	1.55993509292603	-1.72971459952268	-0.120916545391083	0.000590766072273254	0.0475199219876884
sub-57900	E179	DIN9	90	0.202	0.302	0.266	0.366	0.268	1.21319460868835	0.268	1.21319460868835	n/a	-0.120916545391083	0.000590766072273254	0.0475199219876884
sub-57900	E180	DI10	100	0.202	0.302	0.266	0.366	0.296	0.682762324810028	0.36	0.91390734910965	3.61164100468159	0.0529629826545716	0.000873725414276122	0.071854087947004
sub-57900	E180	DIN6	60	0.202	0.302	0.266	0.366	0.228	0.693529784679413	0.32	0.807205319404602	1.23560363831727	0.0529629826545716	0.000873725414276122	0.071854087947004
sub-57900	E180	DIN7	70	0.202	0.302	0.266	0.366	0.268	0.595651924610138	0.364	0.749203383922577	1.59949436783791	0.0529629826545716	0.000873725414276122	0.071854087947004
sub-57900	E180	DIN8	80	0.202	0.302	0.266	0.366	0.26	1.30718421936035	0.332	1.41713225841522	1.52705609798431	0.0529629826545716	0.000873725414276122	0.071854087947004
sub-57900	E180	DIN9	90	0.202	0.302	0.266	0.366	0.28	1.06243526935577	0.352	1.06842029094696	0.0831252998775907	0.0529629826545716	0.000873725414276122	0.071854087947004
sub-57900	E181	DI10	100	0.202	0.302	0.266	0.366	0.244	-1.13437032699585	0.364	1.05466151237488	18.2419319947561	-1.66545308232307	0.0299724876880646	0.617747201394059
sub-57900	E181	DIN6	60	0.202	0.302	0.266	0.366	0.272	0.435614556074142	0.32	0.873361706733704	9.11973230540753	-1.66545308232307	0.0299724876880646	0.617747201394059
sub-57900	E181	DIN7	70	0.202	0.302	0.266	0.366	0.264	0.354446411132812	0.316	0.894554078578949	10.3866859124257	-1.66545308232307	0.0299724876880646	0.617747201394059
sub-57900	E181	DIN8	80	0.202	0.302	0.266	0.366	0.276	1.01903367042542	0.332	1.47908961772919	8.21528477328164	-1.66545308232307	0.0299724876880646	0.617747201394059
sub-57900	E181	DIN9	90	0.202	0.302	0.266	0.366	0.28	1.04447209835052	0.352	1.07925915718079	0.48315359486474	-1.66545308232307	0.0299724876880646	0.617747201394059
sub-57900	E182	DI10	100	0.202	0.302	0.266	0.366	0.244	-2.01676726341248	0.316	1.08344483375549	43.0585013495551	-0.120693367719648	0.0182265397906303	0.997651040684176
sub-57900	E182	DIN6	60	0.202	0.302	0.266	0.366	0.248	-0.865725517272949	0.316	0.64408814907074	22.2031421521131	-0.120693367719648	0.0182265397906303	0.997651040684176
sub-57900	E182	DIN7	70	0.202	0.302	0.266	0.366	0.228	-0.397426337003708	0.316	0.960716545581818	15.4334418475628	-0.120693367719648	0.0182265397906303	0.997651040684176
sub-57900	E182	DIN8	80	0.202	0.302	0.266	0.366	0.296	0.745946407318115	0.324	1.46492683887482	25.6778725555965	-0.120693367719648	0.0182265397906303	0.997651040684176
sub-57900	E182	DIN9	90	0.202	0.302	0.266	0.366	0.292	1.28913009166718	0.292	1.28913009166718	n/a	-0.120693367719648	0.0182265397906303	0.997651040684176
sub-57900	E183	DI10	100	0.202	0.302	0.266	0.366	0.244	-2.28425288200378	0.32	1.26376760005951	46.6844800271486	-0.137655353546141	0.0242495501041412	1.11386919913961
sub-57900	E183	DIN6	60	0.202	0.302	0.266	0.366	0.248	-0.810266971588135	0.316	0.788226366043091	23.5072549651651	-0.137655353546141	0.0242495501041412	1.11386919913961
sub-57900	E183	DIN7	70	0.202	0.302	0.266	0.366	0.228	-0.412180304527283	0.316	1.06191897392273	16.7511281642047	-0.137655353546141	0.0242495501041412	1.11386919913961
sub-57900	E183	DIN8	80	0.202	0.302	0.266	0.366	0.248	-0.827323317527771	0.332	1.56360685825348	28.4634544735863	-0.137655353546141	0.0242495501041412	1.11386919913961
sub-57900	E183	DIN9	90	0.202	0.302	0.266	0.366	0.292	1.23240888118744	0.292	1.23240888118744	n/a	-0.137655353546141	0.0242495501041412	1.11386919913961
sub-57900	E184	DI10	100	0.202	0.302	0.266	0.366	0.244	-3.10990309715271	0.32	1.68214249610901	63.0532314902858	-0.916589570045469	0.0400256341695785	1.42284121063543
sub-57900	E184	DIN6	60	0.202	0.302	0.266	0.366	0.248	-1.22742772102356	0.316	0.625905692577362	27.25490314119	-0.916589570045469	0.0400256341695785	1.42284121063543
sub-57900	E184	DIN7	70	0.202	0.302	0.266	0.366	0.228	-0.808077752590179	0.316	1.13699388504028	22.1030867912553	-0.916589570045469	0.0400256341695785	1.42284121063543
sub-57900	E184	DIN8	80	0.202	0.302	0.266	0.366	0.252	-1.24264812469482	0.324	1.52399635314941	38.4256177478366	-0.916589570045469	0.0400256341695785	1.42284121063543
sub-57900	E184	DIN9	90	0.202	0.302	0.266	0.366	0.292	1.25829243659973	0.332	1.32850313186646	1.75526738166809	-0.916589570045469	0.0400256341695785	1.42284121063543
sub-57900	E185	DI10	100	0.202	0.302	0.266	0.366	0.244	-3.96084260940552	0.32	2.34348201751709	82.951639827929	-1.56445461511612	0.0556222999095917	1.84417458752702
sub-57900	E185	DIN6	60	0.202	0.302	0.266	0.366	0.248	-1.62650537490845	0.316	0.855966866016388	36.5069447194829	-1.56445461511612	0.0556222999095917	1.84417458752702
sub-57900	E185	DIN7	70	0.202	0.302	0.266	0.366	0.256	-0.919946670532227	0.316	1.287966132164	36.7985467116038	-1.56445461511612	0.0556222999095917	1.84417458752702
sub-57900	E185	DIN8	80	0.202	0.302	0.266	0.366	0.252	-1.60077261924744	0.32	1.70472657680511	48.6102822948905	-1.56445461511612	0.0556222999095917	1.84417458752702
sub-57900	E185	DIN9	90	0.202	0.302	0.266	0.366	0.3	1.66904485225677	0.32	1.79548287391663	6.32190108299255	-1.56445461511612	0.0556222999095917	1.84417458752702
sub-57900	E186	DI10	100	0.202	0.302	0.266	0.366	0.244	-5.27162218093872	0.32	3.14715456962585	110.773378296902	-2.1930438041687	0.0748409008979797	2.47606572647972
sub-57900	E186	DIN6	60	0.202	0.302	0.266	0.366	0.224	-2.42172169685364	0.316	1.00122928619385	37.2059889461683	-2.1930438041687	0.0748409008979797	2.47606572647972
sub-57900	E186	DIN7	70	0.202	0.302	0.266	0.366	0.228	-1.29763615131378	0.316	1.37021124362946	30.3164476698095	-2.1930438041687	0.0748409008979797	2.47606572647972
sub-57900	E186	DIN8	80	0.202	0.302	0.266	0.366	0.252	-2.57319974899292	0.324	1.72808051109314	59.7400036123064	-2.1930438041687	0.0748409008979797	2.47606572647972
sub-57900	E186	DIN9	90	0.202	0.302	0.266	0.366	0.3	2.20823907852173	0.32	2.36852502822876	8.01429748535156	-2.1930438041687	0.0748409008979797	2.47606572647972
sub-57900	E187	DI10	100	0.202	0.302	0.266	0.366	0.256	3.34122276306152	0.324	-1.83255779743195	-76.085008242551	5.59856131076813	-0.0875008976459503	1.44058016536686
sub-57900	E187	DIN6	60	0.202	0.302	0.266	0.366	0.216	2.2819881439209	0.268	1.48325145244598	-15.3603209899022	5.59856131076813	-0.0875008976459503	1.44058016536686
sub-57900	E187	DIN7	70	0.202	0.302	0.266	0.366	0.264	1.51015770435333	0.28	1.28818941116333	-13.8730183243751	5.59856131076813	-0.0875008976459503	1.44058016536686
sub-57900	E187	DIN8	80	0.202	0.302	0.266	0.366	0.252	3.24972009658813	0.268	2.65862345695496	-36.9435399770736	5.59856131076813	-0.0875008976459503	1.44058016536686
sub-57900	E187	DIN9	90	0.202	0.302	0.266	0.366	0.264	1.98356413841248	0.268	1.76159381866455	-55.4925799369812	5.59856131076813	-0.0875008976459503	1.44058016536686
sub-57900	E188	DI10	100	0.202	0.302	0.266	0.366	0.256	3.20662546157837	0.324	-1.63370048999786	-71.1812639937681	4.69803178310394	-0.0761265742778778	1.3654402683556
sub-57900	E188	DIN6	60	0.202	0.302	0.266	0.366	0.22	2.19222927093506	0.36	1.25602543354034	-6.6871702671051	4.69803178310394	-0.0761265742778778	1.3654402683556
sub-57900	E188	DIN7	70	0.202	0.302	0.266	0.366	0.264	1.55975329875946	0.28	1.11801278591156	-27.6087820529937	4.69803178310394	-0.0761265742778778	1.3654402683556
sub-57900	E188	DIN8	80	0.202	0.302	0.266	0.366	0.26	3.04150795936584	0.284	2.54546117782593	-20.6686158974966	4.69803178310394	-0.0761265742778778	1.3654402683556
sub-57900	E188	DIN9	90	0.202	0.302	0.266	0.366	0.252	1.87368655204773	0.268	1.62753283977509	-15.3846070170402	4.69803178310394	-0.0761265742778778	1.3654402683556
sub-57900	E189	DI10	100	0.202	0.302	0.266	0.366	0.26	1.34429109096527	0.36	0.643634378910065	-7.00656712055206	0.265359675884246	-0.00680795788764953	0.209041506375996
sub-57900	E189	DIN6	60	0.202	0.302	0.266	0.366	0.22	1.16428709030151	0.36	0.900638699531555	-1.88320279121399	0.265359675884246	-0.00680795788764953	0.209041506375996
sub-57900	E189	DIN7	70	0.202	0.302	0.266	0.366	0.264	0.98623526096344	0.268	0.793014407157898	-48.3052134513855	0.265359675884246	-0.00680795788764953	0.209041506375996
sub-57900	E189	DIN8	80	0.202	0.302	0.266	0.366	0.26	1.94804191589355	0.268	1.70918309688568	-29.8573523759842	0.265359675884246	-0.00680795788764953	0.209041506375996
sub-57900	E189	DIN9	90	0.202	0.302	0.266	0.366	0.268	1.34246647357941	0.268	1.34246647357941	n/a	0.265359675884246	-0.00680795788764953	0.209041506375996
sub-57900	E190	DI10	100	0.202	0.302	0.266	0.366	0.256	1.22549319267273	0.324	-0.779274880886078	-29.4818834346883	2.07937788963318	-0.0325881135463715	0.594085806073456
sub-57900	E190	DIN6	60	0.202	0.302	0.266	0.366	0.224	1.02667808532715	0.36	0.631169140338898	-2.90815400726655	2.07937788963318	-0.0325881135463715	0.594085806073456
sub-57900	E190	DIN7	70	0.202	0.302	0.266	0.366	0.264	0.907883524894714	0.364	0.911428332328796	0.0354480743408203	2.07937788963318	-0.0325881135463715	0.594085806073456
sub-57900	E190	DIN8	80	0.202	0.302	0.266	0.366	0.26	1.96054148674011	0.268	1.75566601753235	-25.6094336509704	2.07937788963318	-0.0325881135463715	0.594085806073456
sub-57900	E190	DIN9	90	0.202	0.302	0.266	0.366	0.256	1.32705664634705	0.268	1.2903083562851	-3.06235750516255	2.07937788963318	-0.0325881135463715	0.594085806073456
sub-57900	E191	DI10	100	0.202	0.302	0.266	0.366	0.252	1.01039159297943	0.364	0.820402204990387	-1.69633382133075	-0.0254309535026553	-0.000446329116821286	0.175872173350692
sub-57900	E191	DIN6	60	0.202	0.302	0.266	0.366	0.224	1.12657260894775	0.336	0.831224322319031	-2.63703827347074	-0.0254309535026553	-0.000446329116821286	0.175872173350692
sub-57900	E191	DIN7	70	0.202	0.302	0.266	0.366	0.28	0.728215456008911	0.364	0.949578881263733	2.63527887208121	-0.0254309535026553	-0.000446329116821286	0.175872173350692
sub-57900	E191	DIN8	80	0.202	0.302	0.266	0.366	0.26	1.70639300346375	0.272	1.69866812229156	-0.643740097681681	-0.0254309535026553	-0.000446329116821286	0.175872173350692
sub-57900	E191	DIN9	90	0.202	0.302	0.266	0.366	0.256	1.212082862854	0.272	1.17809557914734	-2.12420523166656	-0.0254309535026553	-0.000446329116821286	0.175872173350692
sub-57900	E192	DI10	100	0.202	0.302	0.266	0.366	0.244	-0.692952394485474	0.364	0.971201300621033	13.8679474592209	-1.46989453434944	0.0245783752202988	0.485911258587527
sub-57900	E192	DIN6	60	0.202	0.302	0.266	0.366	0.272	0.487463444471359	0.32	0.754542887210846	5.56415505707264	-1.46989453434944	0.0245783752202988	0.485911258587527
sub-57900	E192	DIN7	70	0.202	0.302	0.266	0.366	0.268	0.677630305290222	0.316	1.08445072174072	8.47542534271876	-1.46989453434944	0.0245783752202988	0.485911258587527
sub-57900	E192	DIN8	80	0.202	0.302	0.266	0.366	0.276	1.39527070522308	0.344	1.46858513355255	1.07815335778629	-1.46989453434944	0.0245783752202988	0.485911258587527
sub-57900	E192	DIN9	90	0.202	0.302	0.266	0.366	0.284	1.11512434482574	0.352	1.18563377857208	1.03690343744615	-1.46989453434944	0.0245783752202988	0.485911258587527
sub-57900	E193	DI10	100	0.202	0.302	0.266	0.366	0.244	-2.06906199455261	0.268	-1.01746535301208	43.8165267308553	2.73420607447624	-0.0187767252326012	0.523538274092232
sub-57900	E193	DIN6	60	0.202	0.302	0.266	0.366	0.248	-0.785333335399628	0.316	0.582538783550262	20.1157664551454	2.73420607447624	-0.0187767252326012	0.523538274092232
sub-57900	E193	DIN7	70	0.202	0.302	0.266	0.366	0.228	-0.498015195131302	0.316	0.985026061534882	16.8527415530248	2.73420607447624	-0.0187767252326012	0.523538274092232
sub-57900	E193	DIN8	80	0.202	0.302	0.266	0.366	0.24	-0.639556884765625	0.324	1.38035368919373	24.046554451897	2.73420607447624	-0.0187767252326012	0.523538274092232
sub-57900	E193	DIN9	90	0.202	0.302	0.266	0.366	0.292	0.81836986541748	0.352	1.05628955364227	3.96532813707987	2.73420607447624	-0.0187767252326012	0.523538274092232
sub-57900	E194	DI10	100	0.202	0.302	0.266	0.366	0.244	-2.25750684738159	0.316	1.0413852930069	45.8179463942846	0.104284334182741	0.0195532488822937	1.01735344557208
sub-57900	E194	DIN6	60	0.202	0.302	0.266	0.366	0.248	-0.903237879276276	0.316	0.652918636798859	22.8846546481637	0.104284334182741	0.0195532488822937	1.01735344557208
sub-57900	E194	DIN7	70	0.202	0.302	0.266	0.366	0.224	-0.449511408805847	0.316	1.08063495159149	16.6320256564928	0.104284334182741	0.0195532488822937	1.01735344557208
sub-57900	E194	DIN8	80	0.202	0.302	0.266	0.366	0.24	-0.614495515823364	0.332	1.34303069114685	21.2774587714154	0.104284334182741	0.0195532488822937	1.01735344557208
sub-57900	E194	DIN9	90	0.202	0.302	0.266	0.366	0.292	1.08370244503021	0.292	1.08370244503021	n/a	0.104284334182741	0.0195532488822937	1.01735344557208
sub-57900	E195	DI10	100	0.202	0.302	0.266	0.366	0.244	-2.68365049362183	0.32	1.29838538169861	52.3952088857952	-0.343417119979856	0.0292647802829742	1.19453189155368
sub-57900	E195	DIN6	60	0.202	0.302	0.266	0.366	0.248	-1.16147518157959	0.336	0.565484762191772	19.6245448155837	-0.343417119979856	0.0292647802829742	1.19453189155368
sub-57900	E195	DIN7	70	0.202	0.302	0.266	0.366	0.256	-0.693609476089478	0.316	0.98514199256897	27.9791911443075	-0.343417119979856	0.0292647802829742	1.19453189155368
sub-57900	E195	DIN8	80	0.202	0.302	0.266	0.366	0.248	-1.10850548744202	0.324	1.39749610424042	32.9737051537162	-0.343417119979856	0.0292647802829742	1.19453189155368
sub-57900	E195	DIN9	90	0.202	0.302	0.266	0.366	0.292	1.14855241775513	0.332	1.24363005161285	2.37694084644317	-0.343417119979856	0.0292647802829742	1.19453189155368
sub-57900	E196	DI10	100	0.202	0.302	0.266	0.366	0.244	-2.96129941940308	0.32	1.419429063797	57.6411642526325	-0.123128664493558	0.0286390471458435	1.34888525527914
sub-57900	E196	DIN6	60	0.202	0.302	0.266	0.366	0.248	-1.47160136699677	0.316	0.565377175807953	29.9555668059517	-0.123128664493558	0.0286390471458435	1.34888525527914
sub-57900	E196	DIN7	70	0.202	0.302	0.266	0.366	0.228	-0.817919969558716	0.316	1.00567519664764	20.7226723432541	-0.123128664493558	0.0286390471458435	1.34888525527914
sub-57900	E196	DIN8	80	0.202	0.302	0.266	0.366	0.252	-1.29583060741425	0.324	1.3028427362442	36.0926853285895	-0.123128664493558	0.0286390471458435	1.34888525527914
sub-57900	E196	DIN9	90	0.202	0.302	0.266	0.366	0.292	1.23738014698029	0.292	1.23738014698029	n/a	-0.123128664493558	0.0286390471458435	1.34888525527914
sub-57900	E197	DI10	100	0.202	0.302	0.266	0.366	0.244	-3.36015510559082	0.324	1.52347075939178	61.0453233122825	-0.387876510620115	0.0349593770503998	1.49400001075894
sub-57900	E197	DIN6	60	0.202	0.302	0.266	0.366	0.248	-1.40991818904877	0.316	0.630837440490723	30.0111121991101	-0.387876510620115	0.0349593770503998	1.49400001075894
sub-57900	E197	DIN7	70	0.202	0.302	0.266	0.366	0.228	-1.0269467830658	0.316	1.16285598278046	24.884122339162	-0.387876510620115	0.0349593770503998	1.49400001075894
sub-57900	E197	DIN8	80	0.202	0.302	0.266	0.366	0.252	-1.58817934989929	0.324	1.34200465679169	40.6970000929303	-0.387876510620115	0.0349593770503998	1.49400001075894
sub-57900	E197	DIN9	90	0.202	0.302	0.266	0.366	0.292	1.50325751304626	0.292	1.50325751304626	n/a	-0.387876510620115	0.0349593770503998	1.49400001075894
sub-57900	E198	DI10	100	0.202	0.302	0.266	0.366	0.244	-4.40191602706909	0.32	1.97891902923584	83.9583560040122	-4.68921517133713	0.102198135852814	0.725830015586288
sub-57900	E198	DIN6	60	0.202	0.302	0.266	0.366	0.224	-2.23872876167297	0.344	-0.651316344738007	13.2284368077914	-4.68921517133713	0.102198135852814	0.725830015586288
sub-57900	E198	DIN7	70	0.202	0.302	0.266	0.366	0.228	-1.22570669651031	0.316	1.30596125125885	28.7689539519223	-4.68921517133713	0.102198135852814	0.725830015586288
sub-57900	E198	DIN8	80	0.202	0.302	0.266	0.366	0.252	-2.37816858291626	0.324	1.39045822620392	52.342039015558	-4.68921517133713	0.102198135852814	0.725830015586288
sub-57900	E198	DIN9	90	0.202	0.302	0.266	0.366	0.252	-1.64385592937469	0.332	1.52078032493591	39.5579531788826	-4.68921517133713	0.102198135852814	0.725830015586288
sub-57900	E199	DI10	100	0.202	0.302	0.266	0.366	0.248	2.9505078792572	0.324	-2.15153670310974	-67.1321655574598	5.53350794315338	-0.087055276632309	1.39165856468581
sub-57900	E199	DIN6	60	0.202	0.302	0.266	0.366	0.22	2.36443901062012	0.268	1.4070737361908	-19.9451098839442	5.53350794315338	-0.087055276632309	1.39165856468581
sub-57900	E199	DIN7	70	0.202	0.302	0.266	0.366	0.264	1.28967273235321	0.28	1.23755896091461	-3.25711071491241	5.53350794315338	-0.087055276632309	1.39165856468581
sub-57900	E199	DIN8	80	0.202	0.302	0.266	0.366	0.26	3.27561068534851	0.268	2.70084619522095	-71.8455612659454	5.53350794315338	-0.087055276632309	1.39165856468581
sub-57900	E199	DIN9	90	0.202	0.302	0.266	0.366	0.252	2.22517013549805	0.268	1.7568873167038	-29.2676761746406	5.53350794315338	-0.087055276632309	1.39165856468581
sub-57900	E200	DI10	100	0.202	0.302	0.266	0.366	0.248	1.90423333644867	0.324	-1.27774441242218	-41.8681282746164	3.45836156606674	-0.0542646485567093	0.881139612160357
sub-57900	E200	DIN6	60	0.202	0.302	0.266	0.366	0.224	1.73366510868073	0.268	1.08530449867249	-14.7354684092782	3.45836156606674	-0.0542646485567093	0.881139612160357
sub-57900	E200	DIN7	70	0.202	0.302	0.266	0.366	0.256	0.987389326095581	0.364	0.973479449748993	-0.128795151357298	3.45836156606674	-0.0542646485567093	0.881139612160357
sub-57900	E200	DIN8	80	0.202	0.302	0.266	0.366	0.26	2.51006531715393	0.272	2.3134024143219	-16.3885752360026	3.45836156606674	-0.0542646485567093	0.881139612160357
sub-57900	E200	DIN9	90	0.202	0.302	0.266	0.366	0.256	1.60655045509338	0.268	1.23341000080109	-31.0950378576914	3.45836156606674	-0.0542646485567093	0.881139612160357
sub-57900	E201	DI10	100	0.202	0.302	0.266	0.366	0.252	1.47136616706848	0.324	-0.88519561290741	-32.7300247218874	2.7131036400795	-0.0418975788354874	0.647064072486189
sub-57900	E201	DIN6	60	0.202	0.302	0.266	0.366	0.224	1.33652245998383	0.268	0.879030704498291	-10.3975398973985	2.7131036400795	-0.0418975788354874	0.647064072486189
sub-57900	E201	DIN7	70	0.202	0.302	0.266	0.366	0.264	0.907345235347748	0.364	0.990875482559204	0.835302472114563	2.7131036400795	-0.0418975788354874	0.647064072486189
sub-57900	E201	DIN8	80	0.202	0.302	0.266	0.366	0.26	2.10151767730713	0.272	1.94661521911621	-12.9085381825765	2.7131036400795	-0.0418975788354874	0.647064072486189
sub-57900	E201	DIN9	90	0.202	0.302	0.266	0.366	0.256	1.5069215297699	0.28	1.19883394241333	-12.8369828065236	2.7131036400795	-0.0418975788354874	0.647064072486189
sub-57900	E202	DI10	100	0.202	0.302	0.266	0.366	0.244	-1.77603268623352	0.268	-0.738315582275391	43.238212664922	2.16256363391876	-0.0140129047632217	0.538545843531797
sub-57900	E202	DIN6	60	0.202	0.302	0.266	0.366	0.22	-0.698188245296478	0.316	0.500675618648529	12.4881652494272	2.16256363391876	-0.0140129047632217	0.538545843531797
sub-57900	E202	DIN7	70	0.202	0.302	0.266	0.366	0.26	-0.381061673164368	0.316	0.734110951423645	19.9137968676431	2.16256363391876	-0.0140129047632217	0.538545843531797
sub-57900	E202	DIN8	80	0.202	0.302	0.266	0.366	0.248	-0.589387357234955	0.324	1.23033964633942	23.9437763628207	2.16256363391876	-0.0140129047632217	0.538545843531797
sub-57900	E202	DIN9	90	0.202	0.302	0.266	0.366	0.292	0.964279234409332	0.348	1.00045490264893	0.645994075707027	2.16256363391876	-0.0140129047632217	0.538545843531797
sub-57900	E203	DI10	100	0.202	0.302	0.266	0.366	0.244	-2.0129988193512	0.268	-0.846011340618134	48.6244782805442	2.73824464678764	-0.0192304512858391	0.552720090969502
sub-57900	E203	DIN6	60	0.202	0.302	0.266	0.366	0.248	-0.76811009645462	0.316	0.711748778820038	21.762630518745	2.73824464678764	-0.0192304512858391	0.552720090969502
sub-57900	E203	DIN7	70	0.202	0.302	0.266	0.366	0.228	-0.446104139089584	0.316	0.920794308185577	15.5329369008541	2.73824464678764	-0.0192304512858391	0.552720090969502
sub-57900	E203	DIN8	80	0.202	0.302	0.266	0.366	0.252	-0.673753798007965	0.324	1.24194800853729	26.6069695353508	2.73824464678764	-0.0192304512858391	0.552720090969502
sub-57900	E203	DIN9	90	0.202	0.302	0.266	0.366	0.292	0.935311615467072	0.332	1.00490772724152	1.73990279436111	2.73824464678764	-0.0192304512858391	0.552720090969502
sub-57900	E204	DI10	100	0.202	0.302	0.266	0.366	0.244	-2.3118851184845	0.32	1.16020512580872	45.6853979512265	0.269673466682436	0.0190473079681396	1.08390665428016
sub-57900	E204	DIN6	60	0.202	0.302	0.266	0.366	0.252	-1.09372985363007	0.316	0.63564121723175	27.0214229822159	0.269673466682436	0.0190473079681396	1.08390665428016
sub-57900	E204	DIN7	70	0.202	0.302	0.266	0.366	0.228	-0.629123628139496	0.316	0.951583921909332	17.9625857960094	0.269673466682436	0.0190473079681396	1.08390665428016
sub-57900	E204	DIN8	80	0.202	0.302	0.266	0.366	0.252	-0.99924910068512	0.324	1.18587255477905	30.3489118814468	0.269673466682436	0.0190473079681396	1.08390665428016
sub-57900	E204	DIN9	90	0.202	0.302	0.266	0.366	0.292	1.13014078140259	0.292	1.13014078140259	n/a	0.269673466682436	0.0190473079681396	1.08390665428016
sub-57900	E205	DI10	100	0.202	0.302	0.266	0.366	0.244	-3.07300472259521	0.316	1.45640540122986	62.9084739420149	0.118470680713655	0.0275725466012955	1.40945638240544
sub-57900	E205	DIN6	60	0.202	0.302	0.266	0.366	0.248	-1.47859108448029	0.316	0.626281499862671	30.9540085932788	0.118470680713655	0.0275725466012955	1.40945638240544
sub-57900	E205	DIN7	70	0.202	0.302	0.266	0.366	0.228	-0.99411541223526	0.316	1.09770500659943	23.7706865776669	0.118470680713655	0.0275725466012955	1.40945638240544
sub-57900	E205	DIN8	80	0.202	0.302	0.266	0.366	0.252	-1.50484275817871	0.324	1.39042615890503	40.2120682928297	0.118470680713655	0.0275725466012955	1.40945638240544
sub-57900	E205	DIN9	90	0.202	0.302	0.266	0.366	0.292	1.28888177871704	0.292	1.28888177871704	n/a	0.118470680713655	0.0275725466012955	1.40945638240544
sub-57900	E206	DI10	100	0.202	0.302	0.266	0.366	0.244	-3.29638671875	0.32	1.57751643657684	64.1303046753532	-1.15024290084839	0.0510907834768295	0.697015374196371
sub-57900	E206	DIN6	60	0.202	0.302	0.266	0.366	0.248	-1.82674384117126	0.32	0.688331663608551	34.931604233053	-1.15024290084839	0.0510907834768295	0.697015374196371
sub-57900	E206	DIN7	70	0.202	0.302	0.266	0.366	0.26	-0.979757130146027	0.316	1.04512929916382	36.1586862376758	-1.15024290084839	0.0510907834768295	0.697015374196371
sub-57900	E206	DIN8	80	0.202	0.302	0.266	0.366	0.252	-1.63291263580322	0.332	1.2220116853714	35.6865540146828	-1.15024290084839	0.0510907834768295	0.697015374196371
sub-57900	E206	DIN9	90	0.202	0.302	0.266	0.366	0.252	-1.15984237194061	0.332	1.25646710395813	30.2038684487343	-1.15024290084839	0.0510907834768295	0.697015374196371
sub-57900	E207	DI10	100	0.202	0.302	0.266	0.366	0.248	-3.98673295974731	0.268	-1.71745443344116	113.463926315308	-1.11513786315918	0.0338597142696381	0.658458831215541
sub-57900	E207	DIN6	60	0.202	0.302	0.266	0.366	0.224	-2.79768967628479	0.344	-1.13646519184113	13.8435373703639	-1.11513786315918	0.0338597142696381	0.658458831215541
sub-57900	E207	DIN7	70	0.202	0.302	0.266	0.366	0.26	-1.65854382514954	0.268	-1.16845500469208	61.2611025571823	-1.11513786315918	0.0338597142696381	0.658458831215541
sub-57900	E207	DIN8	80	0.202	0.302	0.266	0.366	0.252	-2.97653079032898	0.268	-2.08887839317322	55.4782748222351	-1.11513786315918	0.0338597142696381	0.658458831215541
sub-57900	E207	DIN9	90	0.202	0.302	0.266	0.366	0.244	-1.62019848823547	0.3	1.03975367546082	47.4991457802909	-1.11513786315918	0.0338597142696381	0.658458831215541
sub-57900	E208	DI10	100	0.202	0.302	0.266	0.366	0.252	2.76049160957336	0.324	-2.06415343284607	-67.0089589224921	5.32513828277588	-0.0823551285266876	1.38345446718508
sub-57900	E208	DIN6	60	0.202	0.302	0.266	0.366	0.224	2.43969488143921	0.268	1.51824843883514	-20.9419646046378	5.32513828277588	-0.0823551285266876	1.38345446718508
sub-57900	E208	DIN7	70	0.202	0.302	0.266	0.366	0.216	1.318204164505	0.268	1.31485247612	-0.0644555458655724	5.32513828277588	-0.0823551285266876	1.38345446718508
sub-57900	E208	DIN8	80	0.202	0.302	0.266	0.366	0.252	2.81695437431335	0.272	2.68250489234924	-6.72247409820556	5.32513828277588	-0.0823551285266876	1.38345446718508
sub-57900	E208	DIN9	90	0.202	0.302	0.266	0.366	0.248	2.09868144989014	0.268	1.6662141084671	-21.6233670711517	5.32513828277588	-0.0823551285266876	1.38345446718508
sub-57900	E209	DI10	100	0.202	0.302	0.266	0.366	0.252	1.40889310836792	0.324	-1.34807908535004	-38.2912804683049	3.31530441045761	-0.0505741304159164	0.777394702510331
sub-57900	E209	DIN6	60	0.202	0.302	0.266	0.366	0.224	1.4792515039444	0.268	0.887927293777466	-13.439186594703	3.31530441045761	-0.0505741304159164	0.777394702510331
sub-57900	E209	DIN7	70	0.202	0.302	0.266	0.366	0.216	0.763910114765167	0.364	1.00165903568268	1.60641162782102	3.31530441045761	-0.0505741304159164	0.777394702510331
sub-57900	E209	DIN8	80	0.202	0.302	0.266	0.366	0.256	2.02478837966919	0.272	1.97057390213013	-3.3884048461914	3.31530441045761	-0.0505741304159164	0.777394702510331
sub-57900	E209	DIN9	90	0.202	0.302	0.266	0.366	0.256	1.70783805847168	0.276	1.2194699048996	-24.4184076786041	3.31530441045761	-0.0505741304159164	0.777394702510331
sub-57900	E210	DI10	100	0.202	0.302	0.266	0.366	0.28	-2.96735024452209	0.28	-2.96735024452209	n/a	7.23427741527558	-0.0916288447380067	2.35594822586539
sub-57900	E210	DIN6	60	0.202	0.302	0.266	0.366	0.208	2.64635825157166	0.364	2.99596786499023	2.24108726550371	7.23427741527558	-0.0916288447380067	2.35594822586539
sub-57900	E210	DIN7	70	0.202	0.302	0.266	0.366	0.288	-1.80254983901978	0.364	2.08703017234802	51.1786843601026	7.23427741527558	-0.0916288447380067	2.35594822586539
sub-57900	E210	DIN8	80	0.202	0.302	0.266	0.366	0.22	2.128413438797	0.344	1.98315823078156	-1.17141296786647	7.23427741527558	-0.0916288447380067	2.35594822586539
sub-57900	E210	DIN9	90	0.202	0.302	0.266	0.366	0.232	2.3473539352417	0.3	-2.226731300354	-67.2659593469957	7.23427741527558	-0.0916288447380067	2.35594822586539
sub-57900	E211	DI10	100	0.202	0.302	0.266	0.366	0.244	-2.3207414150238	0.268	-1.08108735084534	51.6522526741027	0.640404570102692	0.00354721367359161	0.977248462346059
sub-57900	E211	DIN6	60	0.202	0.302	0.266	0.366	0.224	-1.33477938175201	0.344	-0.567018628120422	6.39800628026327	0.640404570102692	0.00354721367359161	0.977248462346059
sub-57900	E211	DIN7	70	0.202	0.302	0.266	0.366	0.26	-1.04688358306885	0.268	-0.745452404022217	37.6788973808288	0.640404570102692	0.00354721367359161	0.977248462346059
sub-57900	E211	DIN8	80	0.202	0.302	0.266	0.366	0.252	-1.48325824737549	0.324	1.11643815040588	36.1068944136302	0.640404570102692	0.00354721367359161	0.977248462346059
sub-57900	E211	DIN9	90	0.202	0.302	0.266	0.366	0.204	1.07376348972321	0.332	0.786129415035248	-2.24714120849967	0.640404570102692	0.00354721367359161	0.977248462346059
sub-57900	E212	DI10	100	0.202	0.302	0.266	0.366	0.244	-2.41178321838379	0.268	-1.19215250015259	50.8179465929667	0.256308662891389	0.00339181780815123	0.466106856413345
sub-57900	E212	DIN6	60	0.202	0.302	0.266	0.366	0.224	-1.49091815948486	0.344	-0.796168148517609	5.78958342472712	0.256308662891389	0.00339181780815123	0.466106856413345
sub-57900	E212	DIN7	70	0.202	0.302	0.266	0.366	0.26	-1.2005535364151	0.272	-0.728175401687622	39.3648445606231	0.256308662891389	0.00339181780815123	0.466106856413345
sub-57900	E212	DIN8	80	0.202	0.302	0.266	0.366	0.252	-1.68806874752045	0.28	-1.19835567474365	17.4897525991712	0.256308662891389	0.00339181780815123	0.466106856413345
sub-57900	E212	DIN9	90	0.202	0.302	0.266	0.366	0.212	1.00086307525635	0.288	0.762661576271057	-3.13423024980646	0.256308662891389	0.00339181780815123	0.466106856413345
sub-57900	E213	DI10	100	0.202	0.302	0.266	0.366	0.244	-2.73139667510986	0.268	-1.29476583003998	59.8596185445785	1.80842680931091	-0.0103844374418259	0.653212169809178
sub-57900	E213	DIN6	60	0.202	0.302	0.266	0.366	0.224	-1.75249695777893	0.348	-0.777422845363617	7.86350090657511	1.80842680931091	-0.0103844374418259	0.653212169809178
sub-57900	E213	DIN7	70	0.202	0.302	0.266	0.366	0.26	-1.1400009393692	0.316	0.745219111442566	33.6646437644958	1.80842680931091	-0.0103844374418259	0.653212169809178
sub-57900	E213	DIN8	80	0.202	0.302	0.266	0.366	0.252	-1.83992958068848	0.28	-1.17215836048126	23.8489721502576	1.80842680931091	-0.0103844374418259	0.653212169809178
sub-57900	E213	DIN9	90	0.202	0.302	0.266	0.366	0.212	0.981960415840149	0.292	0.905623257160187	-0.954214483499527	1.80842680931091	-0.0103844374418259	0.653212169809178
sub-57900	E214	DI10	100	0.202	0.302	0.266	0.366	0.256	-3.26344513893127	0.268	-1.39724659919739	155.516544977824	-1.24331796169281	0.0319020760059357	0.543808974154589
sub-57900	E214	DIN6	60	0.202	0.302	0.266	0.366	0.224	-2.30139207839966	0.344	-1.03022110462189	10.5930914481481	-1.24331796169281	0.0319020760059357	0.543808974154589
sub-57900	E214	DIN7	70	0.202	0.302	0.266	0.366	0.26	-1.37943530082703	0.268	-1.11872172355652	32.5891971588134	-1.24331796169281	0.0319020760059357	0.543808974154589
sub-57900	E214	DIN8	80	0.202	0.302	0.266	0.366	0.252	-2.55242109298706	0.268	-1.66712963581085	55.330716073513	-1.24331796169281	0.0319020760059357	0.543808974154589
sub-57900	E214	DIN9	90	0.202	0.302	0.266	0.366	0.248	-1.24711537361145	0.292	1.01375067234039	51.3833192261783	-1.24331796169281	0.0319020760059357	0.543808974154589
sub-57900	E215	DI10	100	0.202	0.302	0.266	0.366	0.256	-3.88014459609985	0.268	-1.7073085308075	181.069672107696	-1.10458089113236	0.0320751065015793	0.612290447221531
sub-57900	E215	DIN6	60	0.202	0.302	0.266	0.366	0.224	-2.9419891834259	0.344	-1.34483289718628	13.3096357186635	-1.10458089113236	0.0320751065015793	0.612290447221531
sub-57900	E215	DIN7	70	0.202	0.302	0.266	0.366	0.26	-1.62518584728241	0.268	-1.4087735414505	27.0515382289886	-1.10458089113236	0.0320751065015793	0.612290447221531
sub-57900	E215	DIN8	80	0.202	0.302	0.266	0.366	0.248	-3.18965268135071	0.268	-2.14148259162903	52.4085044860839	-1.10458089113236	0.0320751065015793	0.612290447221531
sub-57900	E215	DIN9	90	0.202	0.302	0.266	0.366	0.252	-1.48517382144928	0.3	0.787389576435089	47.3450707892577	-1.10458089113236	0.0320751065015793	0.612290447221531
sub-57900	E216	DI10	100	0.202	0.302	0.266	0.366	0.248	3.0705246925354	0.324	-2.03571963310242	-67.1874253373397	6.65930857658386	-0.098098691701889	1.43248286233755
sub-57900	E216	DIN6	60	0.202	0.302	0.266	0.366	0.224	1.92654013633728	0.268	1.26698958873749	-14.9897851727226	6.65930857658386	-0.098098691701889	1.43248286233755
sub-57900	E216	DIN7	70	0.202	0.302	0.266	0.366	0.256	1.29427134990692	0.364	1.72978568077087	4.03254010059215	6.65930857658386	-0.098098691701889	1.43248286233755
sub-57900	E216	DIN8	80	0.202	0.302	0.266	0.366	0.26	3.30349683761597	0.272	3.17181086540222	-10.9738310178121	6.65930857658386	-0.098098691701889	1.43248286233755
sub-57900	E216	DIN9	90	0.202	0.302	0.266	0.366	0.256	2.46143007278442	0.276	1.98046278953552	-24.048364162445	6.65930857658386	-0.098098691701889	1.43248286233755
sub-57900	E217	DI10	100	0.202	0.302	0.266	0.366	0.248	3.6960620880127	0.3	-1.76386904716492	-104.998675676493	8.39959282875061	-0.131554919481278	1.26800639660649
sub-57900	E217	DIN6	60	0.202	0.302	0.266	0.366	0.224	2.60581493377686	0.364	1.55328953266144	-7.51803857939584	8.39959282875061	-0.131554919481278	1.26800639660649
sub-57900	E217	DIN7	70	0.202	0.302	0.266	0.366	0.256	2.31526350975037	0.364	2.54566764831543	2.13337165338022	8.39959282875061	-0.131554919481278	1.26800639660649
sub-57900	E217	DIN8	80	0.202	0.302	0.266	0.366	0.256	2.47568964958191	0.268	2.24401473999023	-19.3062424659729	8.39959282875061	-0.131554919481278	1.26800639660649
sub-57900	E217	DIN9	90	0.202	0.302	0.266	0.366	0.256	2.29372191429138	0.308	-1.81655442714691	-79.0437757968903	8.39959282875061	-0.131554919481278	1.26800639660649
sub-57900	E218	DI10	100	0.202	0.302	0.266	0.366	0.3	-2.95467066764832	0.3	-2.95467066764832	n/a	-5.66259162425995	0.0607644414901734	1.45353090827476
sub-57900	E218	DIN6	60	0.202	0.302	0.266	0.366	0.224	2.36954140663147	0.304	-1.53400766849518	-48.7943634390831	-5.66259162425995	0.0607644414901734	1.45353090827476
sub-57900	E218	DIN7	70	0.202	0.302	0.266	0.366	0.216	2.08221220970154	0.364	3.26149702072144	7.96814061499931	-5.66259162425995	0.0607644414901734	1.45353090827476
sub-57900	E218	DIN8	80	0.202	0.302	0.266	0.366	0.24	2.9471127986908	0.272	2.2155647277832	-22.8608772158623	-5.66259162425995	0.0607644414901734	1.45353090827476
sub-57900	E218	DIN9	90	0.202	0.302	0.266	0.366	0.256	2.45977759361267	0.364	1.90840840339661	-5.10527027977838	-5.66259162425995	0.0607644414901734	1.45353090827476
sub-57900	E219	DI10	100	0.202	0.302	0.266	0.366	0.236	3.30366706848145	0.292	-1.94911754131317	-93.7997251749039	4.56274985074997	-0.0922712606191636	2.73746200247305
sub-57900	E219	DIN6	60	0.202	0.302	0.266	0.366	0.224	2.52360773086548	0.288	-1.78250515460968	-67.2830138355494	4.56274985074997	-0.0922712606191636	2.73746200247305
sub-57900	E219	DIN7	70	0.202	0.302	0.266	0.366	0.3	-0.961806118488312	0.364	2.17889475822449	49.0734511986375	4.56274985074997	-0.0922712606191636	2.73746200247305
sub-57900	E219	DIN8	80	0.202	0.302	0.266	0.366	0.22	2.33624482154846	0.3	-1.14723181724548	-43.5434579849243	4.56274985074997	-0.0922712606191636	2.73746200247305
sub-57900	E219	DIN9	90	0.202	0.302	0.266	0.366	0.228	1.8634592294693	0.32	-2.32962250709534	-45.5769753974417	4.56274985074997	-0.0922712606191636	2.73746200247305
sub-57900	E220	DI10	100	0.202	0.302	0.266	0.366	0.3	-2.88488626480103	0.3	-2.88488626480103	n/a	2.49708995819093	-0.0505902123451234	1.91126359688312
sub-57900	E220	DIN6	60	0.202	0.302	0.266	0.366	0.288	-2.09873580932617	0.288	-2.09873580932617	n/a	2.49708995819093	-0.0505902123451234	1.91126359688312
sub-57900	E220	DIN7	70	0.202	0.302	0.266	0.366	0.3	-2.0933358669281	0.3	-2.0933358669281	n/a	2.49708995819093	-0.0505902123451234	1.91126359688312
sub-57900	E220	DIN8	80	0.202	0.302	0.266	0.366	0.22	1.29108989238739	0.308	-1.40052402019501	-30.5865217338909	2.49708995819093	-0.0505902123451234	1.91126359688312
sub-57900	E220	DIN9	90	0.202	0.302	0.266	0.366	0.232	2.71075010299683	0.304	-2.3482711315155	-70.2641838126713	2.49708995819093	-0.0505902123451234	1.91126359688312
sub-57900	E221	DI10	100	0.202	0.302	0.266	0.366	0.3	-2.07442545890808	0.34	-2.33861684799194	-6.60478472709655	2.56976494789124	-0.0413454651832581	1.26539916423071
sub-57900	E221	DIN6	60	0.202	0.302	0.266	0.366	0.288	-1.47585451602936	0.288	-1.47585451602936	n/a	2.56976494789124	-0.0413454651832581	1.26539916423071
sub-57900	E221	DIN7	70	0.202	0.302	0.266	0.366	0.26	-1.49239885807037	0.272	-1.40190196037292	7.54140814145405	2.56976494789124	-0.0413454651832581	1.26539916423071
sub-57900	E221	DIN8	80	0.202	0.302	0.266	0.366	0.28	-1.82711398601532	0.28	-1.82711398601532	n/a	2.56976494789124	-0.0413454651832581	1.26539916423071
sub-57900	E221	DIN9	90	0.202	0.302	0.266	0.366	0.212	1.5797244310379	0.304	-1.93594241142273	-38.213770026746	2.56976494789124	-0.0413454651832581	1.26539916423071
sub-57900	E222	DI10	100	0.202	0.302	0.266	0.366	0.244	-2.79186630249023	0.268	-1.3816454410553	58.759202559789	0.490792083740236	0.00191258072853087	0.60024693122194
sub-57900	E222	DIN6	60	0.202	0.302	0.266	0.366	0.224	-1.9679799079895	0.348	-0.784968018531799	9.54041846336857	0.490792083740236	0.00191258072853087	0.60024693122194
sub-57900	E222	DIN7	70	0.202	0.302	0.266	0.366	0.264	-1.23441433906555	0.268	-1.12667369842529	26.9351601600647	0.490792083740236	0.00191258072853087	0.60024693122194
sub-57900	E222	DIN8	80	0.202	0.302	0.266	0.366	0.248	-2.19854617118835	0.268	-1.52510762214661	33.6719274520874	0.490792083740236	0.00191258072853087	0.60024693122194
sub-57900	E222	DIN9	90	0.202	0.302	0.266	0.366	0.212	0.957345485687256	0.292	0.801926255226135	-1.94274038076401	0.490792083740236	0.00191258072853087	0.60024693122194
sub-57900	E223	DI10	100	0.202	0.302	0.266	0.366	0.256	-3.1271448135376	0.268	-1.64594209194183	123.43356013298	-0.158568215370179	0.016236897110939	0.565903722031688
sub-57900	E223	DIN6	60	0.202	0.302	0.266	0.366	0.224	-2.41811728477478	0.348	-0.911294519901276	12.1517964909154	-0.158568215370179	0.016236897110939	0.565903722031688
sub-57900	E223	DIN7	70	0.202	0.302	0.266	0.366	0.26	-1.45662009716034	0.268	-1.30284833908081	19.2214697599411	-0.158568215370179	0.016236897110939	0.565903722031688
sub-57900	E223	DIN8	80	0.202	0.302	0.266	0.366	0.252	-2.65455031394958	0.268	-1.92313134670258	45.713685452938	-0.158568215370179	0.016236897110939	0.565903722031688
sub-57900	E223	DIN9	90	0.202	0.302	0.266	0.366	0.252	-1.14107656478882	0.288	0.687624990940094	50.7972654369143	-0.158568215370179	0.016236897110939	0.565903722031688
sub-57900	E224	DI10	100	0.202	0.302	0.266	0.366	0.248	-3.36352586746216	0.268	-1.72719311714172	81.8166375160217	-0.00688222646713359	0.0162803775072098	0.618969420674975
sub-57900	E224	DIN6	60	0.202	0.302	0.266	0.366	0.224	-2.73735070228577	0.348	-1.01449131965637	13.8940272792693	-0.00688222646713359	0.0162803775072098	0.618969420674975
sub-57900	E224	DIN7	70	0.202	0.302	0.266	0.366	0.236	-1.58187091350555	0.268	-1.34017479419708	7.55300372838973	-0.00688222646713359	0.0162803775072098	0.618969420674975
sub-57900	E224	DIN8	80	0.202	0.302	0.266	0.366	0.252	-2.8432936668396	0.268	-2.00922918319702	52.1290302276611	-0.00688222646713359	0.0162803775072098	0.618969420674975
sub-57900	E224	DIN9	90	0.202	0.302	0.266	0.366	0.252	-1.2138979434967	0.292	0.828889191150665	51.0696783661843	-0.00688222646713359	0.0162803775072098	0.618969420674975
