{
  "EchoTime1":0.00492,
  "EchoTime2":0.00738,
  "IntendedFor":"anat/sub-100307_T1w.nii.gz"
}
