onset	duration	run_number	trial_number	image_blank_size	image_blank_num
1785.302201	32.0600146	1	1	2	77
1817.506034	31.9947156	1	2	1	16
1849.675358	32.0047486	1	3	1	50
1881.846792	31.9950453	1	4	1	70
1914.00865	32.0089389	1	5	1	33
1946.145349	31.9961995	1	6	1	81
1978.265709	31.9956032	1	7	2	57
2010.394642	31.995466	1	8	2	26
2042.549024	29.9995082	1	9	1	76
