onset	duration	run_number	trial_number	image_blank_size	image_blank_num
2169.998589	32.008892	2	10	2	79
2202.127506	31.9959166	2	11	2	68
2234.231261	31.9961381	2	12	2	83
2266.418559	31.9962044	2	13	1	32
2298.574443	31.9991934	2	14	2	13
2330.768193	31.9959178	2	15	1	51
2362.913755	31.999576	2	16	2	1
2395.109372	32.0043407	2	17	1	39
2427.254733	29.9965816	2	18	1	30
