onset	duration	run_number	trial_number	image_blank_size	image_blank_num
14025.2537	32.0462157	1	1	1	33
14057.48353	32.0024436	1	2	1	34
14089.62756	32.0042397	1	3	1	15
14121.78925	31.9960019	1	4	1	41
14153.96129	31.9999947	1	5	1	6
14186.15551	31.9991792	1	6	1	52
14218.28394	31.9956594	1	7	2	74
14250.39619	31.9957317	1	8	2	18
14282.50013	29.9961292	1	9	2	87
