onset	duration	run_number	trial_number	image_blank_size	image_blank_num
14390.8609	32.0143475	2	10	1	44
14423.0241	31.9951172	2	11	2	78
14455.16056	31.9957066	2	12	2	81
14487.30584	31.9960649	2	13	1	22
14519.45287	31.999151	2	14	2	12
14551.6389	31.995673	2	15	1	21
14583.79267	31.9985634	2	16	1	14
14615.96334	31.9956954	2	17	1	75
14648.10141	30.000215	2	18	2	85
