onset	duration	run_number	trial_number	image_blank_size	image_blank_num
12026.73057	32.0299411	1	1	2	28
12058.87662	31.9945271	1	2	1	86
12090.99566	31.9957925	1	3	2	6
12123.16594	31.9958532	1	4	1	77
12155.30529	31.9989831	1	5	2	49
12187.45706	31.995064	1	6	1	62
12219.56849	31.9954172	1	7	2	27
12251.73125	31.9983925	1	8	1	58
12283.85105	29.9960009	1	9	2	88
