{
    "AnatomicalLandmarkCoordinates": {
        "LPA": [
            124.51988917211392,
            156.75548087817913,
            164.5250043352138
        ],
        "NAS": [
            28.620126675736458,
            116.1185261240982,
            95.42797291038782
        ],
        "RPA": [
            120.56940719564132,
            157.75593669628364,
            17.937353558892525
        ]
    }
}
