{
    "AnatomicalLandmarkCoordinates": {
        "LPA": [
            197.25741411263368,
            153.0008593581418,
            138.5894600936019
        ],
        "NAS": [
            124.62090614299716,
            95.74083565348268,
            222.65942693440599
        ],
        "RPA": [
            50.71437932937833,
            158.24882153365422,
            140.05367187187042
        ]
    }
}
